Using pre-set license
Built from '2022.3/respin/2022.3.62f2-4af31df585-v2' branch; Version is '2022.3.62f3 (96770f904ca7) revision 9860879'; Using compiler version '192829333'; Build Type 'Release'
OS: 'Windows 10  (10.0.19045) 64bit Professional' Language: 'en' Physical Memory: 30420 MB
BatchMode: 1, IsHumanControllingUs: 0, StartBugReporterOnCrash: 0, Is64bit: 1, IsPro: 1

COMMAND LINE ARGUMENTS:
C:\Program Files\Unity\Hub\Editor\2022.3.62f3\Editor\Unity.exe
-adb2
-batchMode
-noUpm
-name
AssetImportWorker0
-projectPath
D:/GitHub/PinKeeper
-logFile
Logs/AssetImportWorker0.log
-srvPort
54952
Successfully changed project path to: D:/GitHub/PinKeeper
D:/GitHub/PinKeeper
[UnityMemory] Configuration Parameters - Can be set up in boot.config
    "memorysetup-bucket-allocator-granularity=16"
    "memorysetup-bucket-allocator-bucket-count=8"
    "memorysetup-bucket-allocator-block-size=33554432"
    "memorysetup-bucket-allocator-block-count=8"
    "memorysetup-main-allocator-block-size=16777216"
    "memorysetup-thread-allocator-block-size=16777216"
    "memorysetup-gfx-main-allocator-block-size=16777216"
    "memorysetup-gfx-thread-allocator-block-size=16777216"
    "memorysetup-cache-allocator-block-size=4194304"
    "memorysetup-typetree-allocator-block-size=2097152"
    "memorysetup-profiler-bucket-allocator-granularity=16"
    "memorysetup-profiler-bucket-allocator-bucket-count=8"
    "memorysetup-profiler-bucket-allocator-block-size=33554432"
    "memorysetup-profiler-bucket-allocator-block-count=8"
    "memorysetup-profiler-allocator-block-size=16777216"
    "memorysetup-profiler-editor-allocator-block-size=1048576"
    "memorysetup-temp-allocator-size-main=16777216"
    "memorysetup-job-temp-allocator-block-size=2097152"
    "memorysetup-job-temp-allocator-block-size-background=1048576"
    "memorysetup-job-temp-allocator-reduction-small-platforms=262144"
    "memorysetup-allocator-temp-initial-block-size-main=262144"
    "memorysetup-allocator-temp-initial-block-size-worker=262144"
    "memorysetup-temp-allocator-size-background-worker=32768"
    "memorysetup-temp-allocator-size-job-worker=262144"
    "memorysetup-temp-allocator-size-preload-manager=33554432"
    "memorysetup-temp-allocator-size-nav-mesh-worker=65536"
    "memorysetup-temp-allocator-size-audio-worker=65536"
    "memorysetup-temp-allocator-size-cloud-worker=32768"
    "memorysetup-temp-allocator-size-gi-baking-worker=262144"
    "memorysetup-temp-allocator-size-gfx=262144"
Player connection [44184]  Target information:

Player connection [44184]  * "[IP] 192.168.0.55 [Port] 0 [Flags] 2 [Guid] 3719106525 [EditorId] 3719106525 [Version] 1048832 [Id] WindowsEditor(7,MINISFORUM-795S7) [Debug] 1 [PackageName] WindowsEditor [ProjectName] Editor" 

Player connection [44184] Host joined multi-casting on [225.0.0.222:54997]...
Player connection [44184] Host joined alternative multi-casting on [225.0.0.222:34997]...
Input System module state changed to: Initialized.
[PhysX] Initialized MultithreadedTaskDispatcher with 32 workers.
Refreshing native plugins compatible for Editor in 2.02 ms, found 1 plugins.
Preloading 0 native plugins for Editor in 0.00 ms.
Initialize engine version: 2022.3.62f3 (96770f904ca7)
[Subsystems] Discovering subsystems at path C:/Program Files/Unity/Hub/Editor/2022.3.62f3/Editor/Data/Resources/UnitySubsystems
[Subsystems] Discovering subsystems at path D:/GitHub/PinKeeper/Assets
GfxDevice: creating device client; threaded=0; jobified=0
Direct3D:
    Version:  Direct3D 11.0 [level 11.1]
    Renderer: AMD Radeon RX 6400 (ID=0x743f)
    Vendor:   ATI
    VRAM:     4050 MB
    Driver:   32.0.21037.1004
Initialize mono
Mono path[0] = 'C:/Program Files/Unity/Hub/Editor/2022.3.62f3/Editor/Data/Managed'
Mono path[1] = 'C:/Program Files/Unity/Hub/Editor/2022.3.62f3/Editor/Data/MonoBleedingEdge/lib/mono/unityjit-win32'
Mono config path = 'C:/Program Files/Unity/Hub/Editor/2022.3.62f3/Editor/Data/MonoBleedingEdge/etc'
Using monoOptions --debugger-agent=transport=dt_socket,embedding=1,server=y,suspend=n,address=127.0.0.1:56348
Begin MonoManager ReloadAssembly
Registering precompiled unity dll's ...
Register platform support module: C:/Program Files/Unity/Hub/Editor/2022.3.62f3/Editor/Data/PlaybackEngines/AndroidPlayer/UnityEditor.Android.Extensions.dll
Register platform support module: C:/Program Files/Unity/Hub/Editor/2022.3.62f3/Editor/Data/PlaybackEngines/WindowsStandaloneSupport/UnityEditor.WindowsStandalone.Extensions.dll
Register platform support module: C:/Program Files/Unity/Hub/Editor/2022.3.62f3/Editor/Data/PlaybackEngines/MetroSupport/UnityEditor.UWP.Extensions.dll
Registered in 0.012571 seconds.
- Loaded All Assemblies, in  0.227 seconds
Native extension for UWP target not found
Native extension for WindowsStandalone target not found
Native extension for Android target not found
Android Extension - Scanning For ADB Devices 302 ms
Mono: successfully reloaded assembly
- Finished resetting the current domain, in  0.481 seconds
Domain Reload Profiling: 706ms
	BeginReloadAssembly (69ms)
		ExecutionOrderSort (0ms)
		DisableScriptedObjects (0ms)
		BackupInstance (0ms)
		ReleaseScriptingObjects (0ms)
		CreateAndSetChildDomain (0ms)
	RebuildCommonClasses (20ms)
	RebuildNativeTypeToScriptingClass (6ms)
	initialDomainReloadingComplete (44ms)
	LoadAllAssembliesAndSetupDomain (86ms)
		LoadAssemblies (68ms)
		RebuildTransferFunctionScriptingTraits (0ms)
		AnalyzeDomain (84ms)
			TypeCache.Refresh (83ms)
				TypeCache.ScanAssembly (75ms)
			ScanForSourceGeneratedMonoScriptInfo (0ms)
			ResolveRequiredComponents (0ms)
	FinalizeReload (481ms)
		ReleaseScriptCaches (0ms)
		RebuildScriptCaches (0ms)
		SetupLoadedEditorAssemblies (453ms)
			LogAssemblyErrors (0ms)
			InitializePlatformSupportModulesInManaged (353ms)
			SetLoadedEditorAssemblies (3ms)
			RefreshPlugins (0ms)
			BeforeProcessingInitializeOnLoad (2ms)
			ProcessInitializeOnLoadAttributes (69ms)
			ProcessInitializeOnLoadMethodAttributes (26ms)
			AfterProcessingInitializeOnLoad (0ms)
			EditorAssembliesLoaded (0ms)
		ExecutionOrderSort2 (0ms)
		AwakeInstancesAfterBackupRestoration (0ms)
========================================================================
Worker process is ready to serve import requests
Caller must complete domain reload
Begin MonoManager ReloadAssembly
Assembly 'Assets/Plugins/WP8/OpenIAB_W8Plugin.dll' will not be loaded due to errors:
Unable to resolve reference 'Windows'. Is the assembly missing or incompatible with the current platform?
Reference validation can be disabled in the Plugin Inspector.
- Loaded All Assemblies, in  0.273 seconds
Native extension for UWP target not found
Native extension for WindowsStandalone target not found
Native extension for Android target not found
Mono: successfully reloaded assembly
- Finished resetting the current domain, in  0.193 seconds
Domain Reload Profiling: 464ms
	BeginReloadAssembly (92ms)
		ExecutionOrderSort (0ms)
		DisableScriptedObjects (3ms)
		BackupInstance (0ms)
		ReleaseScriptingObjects (0ms)
		CreateAndSetChildDomain (19ms)
	RebuildCommonClasses (19ms)
	RebuildNativeTypeToScriptingClass (6ms)
	initialDomainReloadingComplete (18ms)
	LoadAllAssembliesAndSetupDomain (135ms)
		LoadAssemblies (177ms)
		RebuildTransferFunctionScriptingTraits (0ms)
		AnalyzeDomain (10ms)
			TypeCache.Refresh (9ms)
				TypeCache.ScanAssembly (5ms)
			ScanForSourceGeneratedMonoScriptInfo (0ms)
			ResolveRequiredComponents (0ms)
	FinalizeReload (194ms)
		ReleaseScriptCaches (0ms)
		RebuildScriptCaches (0ms)
		SetupLoadedEditorAssemblies (125ms)
			LogAssemblyErrors (0ms)
			InitializePlatformSupportModulesInManaged (13ms)
			SetLoadedEditorAssemblies (2ms)
			RefreshPlugins (0ms)
			BeforeProcessingInitializeOnLoad (17ms)
			ProcessInitializeOnLoadAttributes (78ms)
			ProcessInitializeOnLoadMethodAttributes (11ms)
			AfterProcessingInitializeOnLoad (4ms)
			EditorAssembliesLoaded (0ms)
		ExecutionOrderSort2 (0ms)
		AwakeInstancesAfterBackupRestoration (3ms)
Launched and connected shader compiler UnityShaderCompiler.exe after 0.07 seconds
Refreshing native plugins compatible for Editor in 0.89 ms, found 1 plugins.
Preloading 0 native plugins for Editor in 0.00 ms.
Unloading 444 Unused Serialized files (Serialized files now loaded: 0)
Unloading 5 unused Assets / (49.3 KB). Loaded Objects now: 914.
Memory consumption went from 63.8 MB to 63.8 MB.
Total: 1.854900 ms (FindLiveObjects: 0.067500 ms CreateObjectMapping: 0.017000 ms MarkObjects: 1.722700 ms  DeleteObjects: 0.047300 ms)

AssetImportParameters requested are different than current active one (requested -> active):
  custom:container-muxer-webm: aa71ff27fc2769a1b78a27578f13a17b -> 
  custom:video-encoder-webm-vp8: eb34c28f22e8b96e1ab97ce403110664 -> 
  custom:audio-encoder-webm-vorbis: bf7c407c2cedff20999df2af8eb42d56 -> 
  custom:container-demuxer-ogg: 62fdf1f143b41e24485cea50d1cbac27 -> 
  custom:video-decoder-webm-vp8: 9c59270c3fd7afecdb556c50c9e8de78 -> 
  custom:audio-decoder-ogg-vorbis: bf7c407c2cedff20999df2af8eb42d56 -> 
  custom:AudioImporter_EditorPlatform: d09bf68614088b80899f8185d706f6e7 -> 
  custom:video-decoder-ogg-theora: a1e56fd34408186e4bbccfd4996cb3dc -> 
  custom:container-demuxer-webm: 4f35f7cbe854078d1ac9338744f61a02 -> 
  custom:CustomObjectIndexerAttribute: 9a22284fe3817be447336de3de66b15e -> 
  custom:framework-win-MediaFoundation: 216162199b28c13a410421893ffa2e32 -> 
  custom:SearchIndexIgnoredProperties: e643bd26f0fe6173181afceb89e7c659 -> 
========================================================================
Received Import Request.
  Time since last request: 519969.943014 seconds.
  path: Assets/Atlases
  artifactKey: Guid(cbca34141ed87ca489a4d1e5603fd323) Importer(815301076,1909f56bfc062723c751e8b465ee728b)
Start importing Assets/Atlases using Guid(cbca34141ed87ca489a4d1e5603fd323) Importer(815301076,1909f56bfc062723c751e8b465ee728b) [PhysX] Initialized MultithreadedTaskDispatcher with 32 workers.
 -> (artifact id: '4151f3c235769cd5cb8d9d67474be3cb') in 0.002265 seconds
Number of updated asset objects reloaded before import = 0
Number of asset objects unloaded after import = 0
========================================================================
Received Import Request.
  Time since last request: 0.519876 seconds.
  path: Assets
  artifactKey: Guid(00000000000000001000000000000000) Importer(815301076,1909f56bfc062723c751e8b465ee728b)
Start importing Assets using Guid(00000000000000001000000000000000) Importer(815301076,1909f56bfc062723c751e8b465ee728b) [PhysX] Initialized MultithreadedTaskDispatcher with 32 workers.
 -> (artifact id: 'ae5280ad91af67e2a353905758f96678') in 0.000256 seconds
Number of updated asset objects reloaded before import = 0
Number of asset objects unloaded after import = 0
========================================================================
Received Prepare
Caller must complete domain reload
Begin MonoManager ReloadAssembly
Assembly 'Assets/Plugins/WP8/OpenIAB_W8Plugin.dll' will not be loaded due to errors:
Unable to resolve reference 'Windows'. Is the assembly missing or incompatible with the current platform?
Reference validation can be disabled in the Plugin Inspector.
Assembly 'Assets/ExternalDependencyManager/Editor/1.2.179/Google.IOSResolver.dll' will not be loaded due to errors:
Unable to resolve reference 'UnityEditor.iOS.Extensions.Xcode'. Is the assembly missing or incompatible with the current platform?
Reference validation can be disabled in the Plugin Inspector.
- Loaded All Assemblies, in  0.219 seconds
Native extension for UWP target not found
Native extension for WindowsStandalone target not found
Native extension for Android target not found
GPGSUpgrader start
UnityEngine.StackTraceUtility:ExtractStackTrace ()
UnityEngine.DebugLogHandler:LogFormat (UnityEngine.LogType,UnityEngine.Object,string,object[])
UnityEngine.Logger:Log (UnityEngine.LogType,object)
UnityEngine.Debug:Log (object)
GooglePlayGames.Editor.GPGSUpgrader:.cctor () (at Assets/GooglePlayGames/Editor/GPGSUpgrader.cs:38)
System.Runtime.CompilerServices.RuntimeHelpers:RunClassConstructor (System.RuntimeTypeHandle)
UnityEditor.EditorAssemblies:ProcessInitializeOnLoadAttributes (System.Type[])

(Filename: Assets/GooglePlayGames/Editor/GPGSUpgrader.cs Line: 38)

GPGSUpgrader done
UnityEngine.StackTraceUtility:ExtractStackTrace ()
UnityEngine.DebugLogHandler:LogFormat (UnityEngine.LogType,UnityEngine.Object,string,object[])
UnityEngine.Logger:Log (UnityEngine.LogType,object)
UnityEngine.Debug:Log (object)
GooglePlayGames.Editor.GPGSUpgrader:.cctor () (at Assets/GooglePlayGames/Editor/GPGSUpgrader.cs:57)
System.Runtime.CompilerServices.RuntimeHelpers:RunClassConstructor (System.RuntimeTypeHandle)
UnityEditor.EditorAssemblies:ProcessInitializeOnLoadAttributes (System.Type[])

(Filename: Assets/GooglePlayGames/Editor/GPGSUpgrader.cs Line: 57)

Mono: successfully reloaded assembly
- Finished resetting the current domain, in  0.211 seconds
Domain Reload Profiling: 428ms
	BeginReloadAssembly (92ms)
		ExecutionOrderSort (0ms)
		DisableScriptedObjects (5ms)
		BackupInstance (0ms)
		ReleaseScriptingObjects (0ms)
		CreateAndSetChildDomain (14ms)
	RebuildCommonClasses (18ms)
	RebuildNativeTypeToScriptingClass (7ms)
	initialDomainReloadingComplete (18ms)
	LoadAllAssembliesAndSetupDomain (83ms)
		LoadAssemblies (124ms)
		RebuildTransferFunctionScriptingTraits (0ms)
		AnalyzeDomain (9ms)
			TypeCache.Refresh (7ms)
				TypeCache.ScanAssembly (4ms)
			ScanForSourceGeneratedMonoScriptInfo (1ms)
			ResolveRequiredComponents (1ms)
	FinalizeReload (211ms)
		ReleaseScriptCaches (0ms)
		RebuildScriptCaches (0ms)
		SetupLoadedEditorAssemblies (147ms)
			LogAssemblyErrors (0ms)
			InitializePlatformSupportModulesInManaged (13ms)
			SetLoadedEditorAssemblies (2ms)
			RefreshPlugins (0ms)
			BeforeProcessingInitializeOnLoad (17ms)
			ProcessInitializeOnLoadAttributes (100ms)
			ProcessInitializeOnLoadMethodAttributes (10ms)
			AfterProcessingInitializeOnLoad (5ms)
			EditorAssembliesLoaded (0ms)
		ExecutionOrderSort2 (0ms)
		AwakeInstancesAfterBackupRestoration (3ms)
The Editor does not support 32-bit plugins. Assets/NGUI/Editor/x86/FreeType.dylib will not be available.
Refreshing native plugins compatible for Editor in 1.24 ms, found 1 plugins.
Preloading 0 native plugins for Editor in 0.00 ms.
Unloading 320 Unused Serialized files (Serialized files now loaded: 0)
Unloading 181 unused Assets / (288.4 KB). Loaded Objects now: 818.
Memory consumption went from 58.9 MB to 58.6 MB.
Total: 2.111500 ms (FindLiveObjects: 0.052700 ms CreateObjectMapping: 0.008300 ms MarkObjects: 1.821500 ms  DeleteObjects: 0.228100 ms)

Prepare: number of updated asset objects reloaded= 20
AssetImportParameters requested are different than current active one (requested -> active):
  custom:scripting/monoscript/fileName/AdvertisingResult.cs: 8e2a212c467818e474379fef59969421 -> 
  custom:scripting/monoscript/fileName/BMSymbol.cs: 81c0243db6fb127bf6af10574981e063 -> 
  custom:scripting/monoscript/fileName/NGUIMath.cs: b7b7ef944595c21a781302057b9e3f9d -> 
  custom:scripting/monoscript/fileName/IEvent.cs: ad7fbab110cf5a2cd9e5c7aedde2cd1c -> 
  custom:scripting/monoscript/fileName/UIToggle.cs: d815fdf0cb10f9d513c613a1da067cc6 -> 
  custom:video-encoder-webm-vp8: eb34c28f22e8b96e1ab97ce403110664 -> 
  custom:scripting/monoscript/fileName/ByteReader.cs: c4e6f59633bfeda887db99353d554dc9 -> 
  custom:scripting/monoscript/fileName/AnimatedWidget.cs: 551bd0825ec4cf4e359e8097dbb7dc90 -> 
  custom:scripting/precompiled-assembly-types:Google.VersionHandler: af492aa11a371797f35c9b9e2e63f2b9 -> 
  custom:scripting/monoscript/fileName/ConnectionResponse.cs: 2ca105c2e2ecc02b07715437ed5818b5 -> 
  custom:scripting/monoscript/fileName/UIDrawCallViewer.cs: 9c1f583ce208c5f4917b1ad787a7a21e -> 
  custom:scripting/monoscript/fileName/BMFontReader.cs: 4463eb6532eb75b32cdf508beb77c67d -> 
  custom:scripting/monoscript/fileName/ViewBase.cs: d9c88af255177ebec5b4ef2e56852d3a -> 
  custom:scripting/monoscript/fileName/UIStretchEditor.cs: 2e407f51924f143d73f191e55354177f -> 
  custom:scripting/monoscript/fileName/UITooltip.cs: 67602e1ad01f80f1d13fb353c2bb4c41 -> 
  custom:scripting/monoscript/fileName/LeaderboardScoreData.cs: 692c9ede4dbe88ebbfa99295d409bd24 -> 
  custom:scripting/monoscript/fileName/UIDragDropContainer.cs: e8f8b67111c9a6b0b2333827cd9b85bd -> 
  custom:scripting/monoscript/fileName/ScorePageToken.cs: ae39c429aa37cfad76078eed8f3bcdf4 -> 
  custom:scripting/monoscript/fileName/TweenWidth.cs: d7ba5de24abc921cf547c4ccc5f9ed3d -> 
  custom:scripting/monoscript/fileName/UITweener.cs: 1d0f6b6e26dcfbcdc667e17a07004fc9 -> 
  custom:scripting/monoscript/fileName/UIDragScrollView.cs: 2627e1975e7978cf227cd939c570f0a8 -> 
  custom:scripting/monoscript/fileName/NGUIJson.cs: f28e3154ba52396753d2807aa8278b2f -> 
  custom:video-decoder-webm-vp8: 9c59270c3fd7afecdb556c50c9e8de78 -> 
  custom:scripting/monoscript/fileName/SavedGameMetadataUpdate.cs: bc1e6a84bf3859de501fc0126ebbd2ae -> 
  custom:scripting/monoscript/fileName/Md5.cs: 4934954178e81299d08be98be9d3e58f -> 
  custom:scripting/monoscript/fileName/GPGSUtil.cs: 505ced7a05ca78c40c2fad1b53541560 -> 
  custom:scripting/monoscript/fileName/UIStretch.cs: 77ab6405565f362cd0206e79e584880b -> 
  custom:scripting/monoscript/fileName/Card.cs: da364723676a1e7dac174f763723da16 -> 
  custom:scripting/monoscript/fileName/AndroidJavaConverter.cs: b252278e034df37a3db7790062246ac8 -> 
  custom:scripting/monoscript/fileName/MinMaxRangeAttribute.cs: 4318a46eb832123ace03944ec5e619e5 -> 
  custom:scripting/monoscript/fileName/UIScrollBar.cs: 4711e1fa15a55c8f194ca570420909d1 -> 
  custom:scripting/monoscript/fileName/SelectButton.cs: 046f2dd5e0479ab39676ad59af580a51 -> 
  custom:scripting/monoscript/fileName/NearbyConnectionUI.cs: 2081fa82bc293409895cb453499f6de8 -> 
  custom:scripting/monoscript/fileName/UIImageButton.cs: 6dc7b28ea91bb828fbe7cd9d5fe662ed -> 
  custom:scripting/monoscript/fileName/TweenVolume.cs: ae42433aed9734585ab149385a2e80e3 -> 
  custom:scripting/monoscript/fileName/PatternLock.cs: 5e75b7c43c2f70390a13c7fd489ade21 -> 
  custom:scripting/monoscript/fileName/UIButtonActivate.cs: f5e1a22be5a8fc4b9751d7be30520225 -> 
  custom:scripting/monoscript/fileName/EnvelopContent.cs: 3414a1b56f4cff5ae0ba71375e2d3a4d -> 
  custom:scripting/monoscript/fileName/GameButton.cs: ec41d5d8533a954170cacb0aaa250526 -> 
  custom:scripting/monoscript/fileName/UIToggledObjects.cs: 1bf88810437bf974b409c671f24be4d0 -> 
  custom:scripting/monoscript/fileName/UIButtonScale.cs: 74c49ec3ee161dd27538d062f5cbf0d6 -> 
  custom:scripting/monoscript/fileName/UISpriteInspector.cs: 6d9127970341bf438dc27bb31ad9a049 -> 
  custom:scripting/monoscript/fileName/TweenPanel.cs: 1cc3a27568b273b636a2069efc2c7ae0 -> 
  custom:scripting/monoscript/fileName/UIProgressBar.cs: 494b4fcfecd9856396abaf5d8d535cc9 -> 
  custom:scripting/monoscript/fileName/AndroidClient.cs: 622f3c26ea4b05ef3a7d84f5fddb2591 -> 
  custom:scripting/precompiled-assembly-types:Google.PackageManagerResolver: 4d3ba64faf478d3f105d5a37f0ddde42 -> 
  custom:scripting/monoscript/fileName/UIButtonKeysEditor.cs: a39491ecd4f3282f2d7a242eee984812 -> 
  custom:scripting/monoscript/fileName/NGUISelectionTools.cs: 63cd8b699413c190098f4a8a70c4cf44 -> 
  custom:scripting/monoscript/fileName/UIButtonEditor.cs: bc1c4547170d54012c25654de57ae43b -> 
  custom:scripting/monoscript/fileName/ComponentSelector.cs: 7be8decb2625c1ae64b022589fc45d58 -> 
  custom:scripting/monoscript/fileName/UIButtonMessage.cs: 8f53ff1b03761563c74f300d5f0e2f93 -> 
  custom:scripting/monoscript/fileName/CardData.cs: f1e4023737e4704eef1628fd1fc3dd99 -> 
  custom:scripting/monoscript/fileName/UISpriteData.cs: 035b56cf13eb963532ed6d9c197d4f1b -> 
  custom:scripting/monoscript/fileName/TweenPosition.cs: cba3475fb0106a3e605ae8baa0c4a64c -> 
  custom:scripting/monoscript/fileName/UISavedOption.cs: 2b48315035ef4f32247bf27267b7c640 -> 
  custom:scripting/monoscript/fileName/UIGridEditor.cs: 137d00e8fd96b4ca14fbf2e1dfe06802 -> 
  custom:scripting/monoscript/fileName/Player.cs: ae74977d4d699cf2b9122b36e8b53a1a -> 
  custom:scripting/monoscript/fileName/UIScrollViewEditor.cs: 20fe27f8a94a3018a417940c6c01926e -> 
  custom:scripting/monoscript/fileName/TweenColor.cs: 899c64e869173522040eb4a05b858966 -> 
  custom:scripting/monoscript/fileName/NGUIHandles.cs: d72f992180f50b96d5f8fa239d902d9b -> 
  custom:scripting/monoscript/fileName/NGUIEditorExtensions.cs: f5d80a3d5296de6aa3a5dfa39d35dabf -> 
  custom:scripting/monoscript/fileName/UIEventTrigger.cs: 2cbb789551f08d60e6ac2d44a6c8c123 -> 
  custom:scripting/monoscript/fileName/GamesServicesClient.cs: 3c8fdb130d60962f80824bd82a66d074 -> 
  custom:scripting/monoscript/fileName/TypewriterEffectEditor.cs: 6553ce63f1d34d917afaf65a6cf39831 -> 
  custom:scripting/monoscript/fileName/UISprite.cs: 81bb09df372ee90fbaa6a4ae151be4a9 -> 
  custom:scripting/monoscript/fileName/NGUIHelp.cs: dfdf1be2a7d6f51dbf52c4e77c35fc33 -> 
  custom:scripting/monoscript/fileName/UI2DSpriteAnimation.cs: 35002154db25bac1799260a524ac8b3d -> 
  custom:scripting/monoscript/fileName/CardEdit.cs: 71f08cc036ed36ef34eb8d65b1421ced -> 
  custom:scripting/monoscript/fileName/TweenAlpha.cs: d1b9d8db043421cf65be4e027d838d5f -> 
  custom:scripting/monoscript/fileName/PlayGamesLeaderboard.cs: 730c3ea3933e6af731b0240ae5d085ff -> 
  custom:scripting/monoscript/fileName/AndroidTokenClient.cs: 99656452a419d4b9b57b4150736630c2 -> 
  custom:scripting/monoscript/fileName/TokenClient.cs: 70b874cefbfed45f540a516eab539a9e -> 
  custom:scripting/monoscript/fileName/UIEventTriggerEditor.cs: 22670de97d433e2a25061703bb7a86e9 -> 
  custom:scripting/monoscript/fileName/UIAtlasInspector.cs: 1781ef79fcfa379b889e17d445a4e402 -> 
  custom:scripting/monoscript/fileName/UIDragDropItem.cs: 0c50c466c56f782eb40c8fbb496e1441 -> 
  custom:scripting/monoscript/fileName/UIRect.cs: e94afd4a2fcc6384a44f00cc2c25b6c3 -> 
  custom:scripting/monoscript/fileName/NGUITransformInspector.cs: c6bf81d92f0aa23fe074e3b96827c60c -> 
  custom:scripting/monoscript/fileName/UIDragResize.cs: e9215969dfc29f196e082913421f4352 -> 
  custom:scripting/monoscript/fileName/UIEventListener.cs: 7626b08ee50867678c5a82ecbeb86b04 -> 
  custom:scripting/monoscript/fileName/UIPlayTween.cs: 74b2d11331ec60da374ccb93b1e46b6f -> 
  custom:scripting/monoscript/fileName/TweenTransformEditor.cs: bda13f1e1ad289217c624031991c6696 -> 
  custom:scripting/monoscript/fileName/UISlider.cs: 80bdd566a8f50a1cd058945a257bf451 -> 
  custom:scripting/monoscript/fileName/UIPlayTweenEditor.cs: 8023ec336d89aa63566b77eaebd2743c -> 
  custom:scripting/monoscript/fileName/TypewriterEffect.cs: fd37fa138c3ed90a82f3c1def6552d96 -> 
  custom:scripting/monoscript/fileName/NGUIMenu.cs: abaf246d79b4fd46b9b3dfab261a4cf1 -> 
  custom:scripting/monoscript/fileName/UIPlaySound.cs: 86d33ba7d1cd136a68e36d7356016e6b -> 
  custom:scripting/monoscript/fileName/CRandom.cs: 4782f7f8005679f4ddfec003c0009674 -> 
  custom:scripting/monoscript/fileName/CardView.cs: 351ef24ad7a64b206f59f28997be7eca -> 
  custom:scripting/monoscript/fileName/UIInputOnGUI.cs: adcd932c033d9cf7547da5f4c6dbdf48 -> 
  custom:scripting/monoscript/fileName/Event.cs: de3430aa939d03a39b314602c89e442b -> 
  custom:scripting/monoscript/fileName/ISavedGameMetadata.cs: 2ba930ee40b5c4b7beb3ec029b2bde53 -> 
  custom:scripting/monoscript/fileName/UIPopupList.cs: f6dc9e32932c32adb37c73f72960b353 -> 
  custom:scripting/monoscript/fileName/SignInHelper.cs: cb0381fc24664c2ad76deaa02bce3b35 -> 
  custom:scripting/monoscript/fileName/UIPanel.cs: 9f16c05ce05ad3a4a2de4d5674012331 -> 
  custom:scripting/monoscript/fileName/LanguageSelection.cs: 246f6670b200e0bd99127dba76294bc2 -> 
  custom:scripting/monoscript/fileName/UIOrthoCamera.cs: cb8f78c44b992a580368163501ddbf0d -> 
  custom:scripting/monoscript/fileName/OpenIABClient.cs: 8b0ee76d9b4811c2ec2579fdd6a8aa7f -> 
  custom:scripting/monoscript/fileName/TweenWidthEditor.cs: d68171b583c6a3458268a111082294be -> 
  custom:scripting/monoscript/fileName/IEventsClient.cs: df75b65e8a2f4eedd3c75ce719331977 -> 
  custom:scripting/monoscript/fileName/GPGSUpgrader.cs: 8521997bf017854e82cfe90f7fbd9aec -> 
  custom:scripting/monoscript/fileName/UIButtonRotation.cs: 22a61728611fb39b738a07c156acc369 -> 
  custom:scripting/monoscript/fileName/NearbyConnectionClientFactory.cs: 9a529d7823fa4d5f482bbdc0557347fc -> 
  custom:scripting/monoscript/fileName/PlayerProfile.cs: eaedd008867e17d93ba2b97779ebd7cf -> 
  custom:scripting/monoscript/fileName/UICenterOnClick.cs: e48f3d2bda5604eaef7831b53fe26111 -> 
  custom:scripting/monoscript/fileName/AndroidVideoClient.cs: 76a983f69777a21c04d4f224991e19e2 -> 
  custom:scripting/monoscript/fileName/EndpointDetails.cs: 2dcb55edadfd4c737fb9de806546f03d -> 
  custom:scripting/monoscript/fileName/UISpriteAnimationInspector.cs: 96224beb6b511679e38c2c96dfa093e6 -> 
  custom:scripting/monoscript/fileName/MinMaxRangeAttributeDrawer.cs: c4b43a9a267615e93143878492bce408 -> 
  custom:scripting/monoscript/fileName/Storage.cs: bed7cd374cd2f27831e315b7f47ee677 -> 
  custom:scripting/monoscript/fileName/UITexturePacker.cs: 53a111a30e9b31a5b6a43e4433078b14 -> 
  custom:scripting/monoscript/fileName/CaptureOverlayStateListener.cs: 8963a0d283c8ac78c6b1d7698d98777f -> 
  custom:scripting/monoscript/fileName/UIPrefabTool.cs: 5233090f53f655231152de75111a33bd -> 
  custom:scripting/monoscript/fileName/UIDraggableCamera.cs: 56e75439f33159b0b1576e7509968fc3 -> 
  custom:audio-decoder-ogg-vorbis: bf7c407c2cedff20999df2af8eb42d56 -> 
  custom:scripting/monoscript/fileName/TweenVolumeEditor.cs: 1f755e7b401527ac93686205fb255940 -> 
  custom:scripting/monoscript/fileName/Serializer.cs: 9384f2b35f0f487f63f76940fb4309a8 -> 
  custom:scripting/monoscript/fileName/UIInput.cs: ce829dca34f7f44ad26565290bd75a54 -> 
  custom:scripting/monoscript/fileName/UICreateNewUIWizard.cs: a3a01343bb9d7c65a399518e16c15aa8 -> 
  custom:scripting/monoscript/fileName/Misc.cs: 9657932ef5e42bf3803800c7001316c6 -> 
  custom:scripting/monoscript/fileName/Profile.cs: 8a860443a61edc7453ef3dd1b0cdb699 -> 
  custom:scripting/monoscript/fileName/UICameraEditor.cs: a6517a0ae7c939bf04f75943ae5b504f -> 
  custom:scripting/monoscript/fileName/UIDragDropRoot.cs: 112a97c46b67dfff37c3103475acb774 -> 
  custom:scripting/monoscript/fileName/NGUIDebug.cs: 1e3fa802078bac2c988b630d05874bc8 -> 
  custom:scripting/monoscript/fileName/UITextureInspector.cs: 90538f3ac43b879bbca024b380b5981c -> 
  custom:scripting/monoscript/fileName/UICamera.cs: b3020f8b15d595faad76227d794ce799 -> 
  custom:scripting/monoscript/fileName/UIButtonMessageEditor.cs: c68798a6b45e4bf50525622c070e627a -> 
  custom:video-decoder-ogg-theora: a1e56fd34408186e4bbccfd4996cb3dc -> 
  custom:scripting/monoscript/fileName/UIImageButtonInspector.cs: 9b311fdf84e5b225dcefbe81a85caf07 -> 
  custom:scripting/monoscript/fileName/PlayGamesUserProfile.cs: b3668856aca011e743f4a7d60fa395fd -> 
  custom:scripting/precompiled-assembly-types:Assembly-CSharp: 54e543295d3ad04b91d4c2d99070f6f5 -> 
  custom:scripting/monoscript/fileName/AnimatedAlpha.cs: bac31a5f8f53bdc197e78a623c9b52a0 -> 
  custom:scripting/monoscript/fileName/DebugConsole.cs: d53a29466497d1f9fd76c5bde3b40738 -> 
  custom:scripting/monoscript/fileName/UIAnchorEditor.cs: 8b56c49bbcd9fae229320cfea4e274a6 -> 
  custom:scripting/monoscript/fileName/NearbyHelperObject.cs: ccf41a75cd0cb7900daafc814c343a44 -> 
  custom:scripting/monoscript/fileName/UIBasicSprite.cs: f4c96275a0ccbf48cca6e46c3b873823 -> 
  custom:scripting/monoscript/fileName/PlayGamesClientConfiguration.cs: cbda80d08c4fad2108cf8d499a4ce6cd -> 
  custom:scripting/monoscript/fileName/B64X.cs: 3ac1e42c196f400b484d683a5f0afd75 -> 
  custom:scripting/monoscript/fileName/UIRootEditor.cs: c14715b7eb7373d0dbec3804cc4a0fd1 -> 
  custom:scripting/monoscript/fileName/AES.cs: 34df2ff42e08a5051480297ceee97ceb -> 
  custom:scripting/monoscript/fileName/TweenColorEditor.cs: 6506b396aaaf7f687704a81f470b8aae -> 
  custom:scripting/monoscript/fileName/PlatformUtils.cs: dbff6ae7e1009a480ae718fcca723385 -> 
  custom:scripting/monoscript/fileName/TweenFOV.cs: cc356dc317c133fa1f52722c400ab7e8 -> 
  custom:scripting/monoscript/fileName/Engine.cs: d0617207605a88be881b15ef18306b04 -> 
  custom:scripting/monoscript/fileName/UIToggledComponents.cs: 09c45d9d47ddf34196a0ee07722cb8e8 -> 
  custom:scripting/monoscript/fileName/UIForwardEventsEditor.cs: 129cf77bc1a99a8b9a27cb37cf41b996 -> 
  custom:scripting/monoscript/fileName/SpringPanel.cs: 4def0f0830fed06c99e42d5b3a56d6c2 -> 
  custom:scripting/monoscript/fileName/UIRectEditor.cs: 2d20bdb8a5e58c77d358363fa4527028 -> 
  custom:scripting/monoscript/fileName/INearbyConnectionClient.cs: bbad27163196b787a8e5d304725ca27e -> 
  custom:scripting/monoscript/fileName/NGUIText.cs: 3eb744220b2c46c0ca97dc76aa88a941 -> 
  custom:scripting/monoscript/fileName/UIAtlas.cs: 160e4161d9df00b79bd59efee5b117c9 -> 
  custom:scripting/monoscript/fileName/TweenTransform.cs: efdc47dc167b6e67f73e7354ce7c524a -> 
  custom:scripting/monoscript/fileName/GPGSProjectSettings.cs: f428214e4ec8abb7d5ea4bd8a06d1f8e -> 
  custom:scripting/monoscript/fileName/UIWrapContent.cs: 17176783ad986276f1d7b2fa311b97c3 -> 
  custom:scripting/monoscript/fileName/AndroidSnapshotMetadata.cs: 8a0aec66cc637a4c0fdfe16106a5608e -> 
  custom:scripting/monoscript/fileName/TweenHeight.cs: 92394df033c23e9fd79c7381d3302578 -> 
  custom:scripting/monoscript/fileName/PlayGamesAchievement.cs: 2cc796da06ab20c9c2704b2888e134e0 -> 
  custom:scripting/monoscript/fileName/iVideoClient.cs: e75247745889906fa81829d289e64e3b -> 
  custom:scripting/monoscript/fileName/RotationHelper.cs: 87beb2da9498fa31188911229394eeb0 -> 
  custom:scripting/monoscript/fileName/NGUITools.cs: 5f4de3785bf631567c6f81c5390b54a7 -> 
  custom:scripting/monoscript/fileName/TweenAlphaEditor.cs: f739fb8f5f2ebc28db06228f3e9237e1 -> 
  custom:scripting/monoscript/fileName/TweenFOVEditor.cs: 58402b0950a93f072ae90857e97ad3ca -> 
  custom:scripting/monoscript/fileName/UITable.cs: 3e0dff75ea4525bcc87e336912f3eef5 -> 
  custom:scripting/monoscript/fileName/UIButton.cs: eb2c82f74ea0a4f74be09542cc86092b -> 
  custom:scripting/monoscript/fileName/UITextList.cs: 44e20a733fc3f19283d61845f0ada688 -> 
  custom:scripting/monoscript/fileName/UIKeyNavigation.cs: 639ff35a0a0434939839a69bd6ed282f -> 
  custom:scripting/monoscript/fileName/SpringPosition.cs: b0b8b44fff9e06660f73d7c0bfd9ac82 -> 
  custom:scripting/monoscript/fileName/VideoCapabilities.cs: 9c624cbed443e8220c35d5da43eec58e -> 
  custom:scripting/monoscript/fileName/NGUISnap.cs: 8c2d7d4e091cbd83fdc9c9342cdd7b48 -> 
  custom:scripting/monoscript/fileName/ColorHelper.cs: 438028ff52c89509f38281463b74fa11 -> 
  custom:scripting/monoscript/fileName/GPGSIds.cs: ca9bc32122f555cb76ec026f1c336068 -> 
  custom:audio-encoder-webm-vorbis: bf7c407c2cedff20999df2af8eb42d56 -> 
  custom:scripting/monoscript/fileName/AndroidHelperFragment.cs: 1f2e058b49a85946b8a25a4bff14ddeb -> 
  custom:scripting/monoscript/fileName/UIKeyBinding.cs: 56809e0feb36a320f0c0bb134cfc77fc -> 
  custom:scripting/monoscript/fileName/UIFontMaker.cs: 2d035cfd176aa128b5ce592f25967691 -> 
  custom:scripting/monoscript/fileName/UIButtonOffset.cs: 9ae3f8fb22cad69339f6c14dd6693c56 -> 
  custom:scripting/monoscript/fileName/UICameraTool.cs: 5996a6978990dcfe75e6c4f878f9b3b1 -> 
  custom:scripting/monoscript/fileName/UIPanelTool.cs: 15ddff5ad7832c305266609b6f47e2e0 -> 
  custom:scripting/monoscript/fileName/UIWrapContentEditor.cs: 276b33b4b9abc0224f01648a8bf0c4ad -> 
  custom:scripting/monoscript/fileName/UIRoot.cs: c8509021f30ac2e6379e5d5ab02e1834 -> 
  custom:scripting/monoscript/fileName/UIGrid.cs: 9be26f8db7d711689a46a4bf454f11d5 -> 
  custom:scripting/monoscript/fileName/UIButtonColor.cs: fb9ad2fb817035e2912cc0150ee4edec -> 
  custom:scripting/monoscript/fileName/UILabelInspector.cs: 58527579bf367a2123e00d10f10629e5 -> 
  custom:scripting/monoscript/fileName/Base64.cs: 3334fc9c177af7e29943d254bb32b196 -> 
  custom:scripting/monoscript/fileName/UIColorPickerEditor.cs: 31d20128f82a847fabc3f6b195cb29ab -> 
  custom:scripting/monoscript/fileName/ProtectedValue.cs: 16d4dfc5971bbee60844fc92cb049f3b -> 
  custom:scripting/monoscript/fileName/UIKeyNavigationEditor.cs: c85ddc0742989cddcb8d0c0d8b822bb4 -> 
  custom:scripting/monoscript/fileName/TweenRotation.cs: 5e9a32e29d2829b51b639c733206ee6b -> 
  custom:scripting/monoscript/fileName/UIFontInspector.cs: 47697aaa553f5f25f921e9d3df4543c9 -> 
  custom:scripting/monoscript/fileName/NearbyConnectionConfiguration.cs: 37b22c38ad06f22daaffc0fe47f0dd07 -> 
  custom:scripting/monoscript/fileName/UIProgressBarEditor.cs: 027c84350dfdc51f2c7bf3d5a1208668 -> 
  custom:scripting/monoscript/fileName/UIButtonColorEditor.cs: d9745401eb00af34026d0827cea7498f -> 
  custom:scripting/monoscript/fileName/TweenRotationEditor.cs: 64662ea41fcbb8c5982b7d3af1c7470c -> 
  custom:scripting/monoscript/fileName/UITexture.cs: 1d7d0730a68285c89aeb639b92c62e03 -> 
  custom:scripting/monoscript/fileName/TweenPositionEditor.cs: fe1fc199afcd3d50b752c4f8f16e4f37 -> 
  custom:scripting/monoscript/fileName/SpriteSelector.cs: 3805059da03bf6e8759999b08df3b0bc -> 
  custom:scripting/monoscript/fileName/UISnapshotPoint.cs: ea62a7a7d1c35b2adbd7eb84d5031564 -> 
  custom:scripting/monoscript/fileName/UIColorPicker.cs: f6b1ede632dd3e779c2a9cf28190398c -> 
  custom:scripting/precompiled-assembly-types:Assembly-CSharp-Editor: 5aa3623a2d0fb88c336340dbf3eeb93a -> 
  custom:container-demuxer-webm: 4f35f7cbe854078d1ac9338744f61a02 -> 
  custom:scripting/monoscript/fileName/UIWidget.cs: 3fc721c62137c109d3b90fcaa4ff4920 -> 
  custom:scripting/monoscript/fileName/ConnectionRequest.cs: 3e19a3c7794e5ef65de7349c45a22c17 -> 
  custom:scripting/monoscript/fileName/RealTime.cs: 0cd598bb2da74d2315435fc4923a60a2 -> 
  custom:scripting/monoscript/fileName/AndroidNearbyConnectionClient.cs: 4c1a4fddfc2b902e44184f36d654e88b -> 
  custom:scripting/monoscript/fileName/TaskScheduler.cs: d9f18cbf9ef3f2ebb033bf4673b657cf -> 
  custom:scripting/monoscript/fileName/GameShop.cs: ea161b395710f47ae2b071ac42606969 -> 
  custom:scripting/monoscript/fileName/AnimatedColor.cs: 91750836901fa45527cebf2c470446fd -> 
  custom:scripting/monoscript/fileName/AndroidSavedGameClient.cs: cdcaac82abe6dec9df609757cc9ed81b -> 
  custom:scripting/monoscript/fileName/UISnapshotPointEditor.cs: bbc3a662ad2e27d2bb3e165e173b7781 -> 
  custom:scripting/monoscript/fileName/UIScrollView.cs: c923bd63a76d06b3af816ef0dc9d178d -> 
  custom:scripting/monoscript/fileName/UICenterOnChild.cs: c4b2f5e453989c54892901705a43d872 -> 
  custom:scripting/monoscript/fileName/TweenOrthoSize.cs: ab4130486613cfac088d5968c85d34ee -> 
  custom:scripting/monoscript/fileName/GPGSPostBuild.cs: 78a9e1706a07088f3a16f5a5223e35eb -> 
  custom:scripting/monoscript/fileName/UIDragObject.cs: 45b729a90a5705d6a6d1c35773ad88e9 -> 
  custom:scripting/monoscript/fileName/TouchSlider.cs: 86645e8d1721c993ee689e8285aa0c5b -> 
  custom:scripting/monoscript/fileName/GameInfo.cs: 07fa963f30736b438b6ae131177e21e5 -> 
  custom:SearchIndexIgnoredProperties: e643bd26f0fe6173181afceb89e7c659 -> 
  custom:scripting/monoscript/fileName/BMGlyph.cs: 6543d0f6c8390165105d129eb1ef4953 -> 
  custom:scripting/monoscript/fileName/DummyNearbyConnectionClient.cs: 59221e562a8c48562f0c9cb2f1a7c274 -> 
  custom:scripting/monoscript/fileName/VideoCaptureState.cs: 95378a566a2d79db250c843eae350dfb -> 
  custom:scripting/monoscript/fileName/UIWidgetContainer.cs: 9e358427bbe53be1319f16e3dc4f47e5 -> 
  custom:scripting/monoscript/fileName/BetterList.cs: 90647cc400823b41df847a6cbfc29026 -> 
  custom:scripting/monoscript/fileName/EventDelegateDrawer.cs: c6ca23e042ca490a03fb928b61b8b77f -> 
  custom:scripting/monoscript/fileName/UISpriteAnimation.cs: a9d24d8c09ba9a74287fbca317f99202 -> 
  custom:scripting/monoscript/fileName/UIBasicSpriteEditor.cs: 8e65aff9b6833dd08fe7f20d50184f61 -> 
  custom:scripting/monoscript/fileName/UIFont.cs: d635a9d6080af608e0c469259825c204 -> 
  custom:scripting/monoscript/fileName/PlanformDependedSettings.cs: 71932e9b05badb23768c4bcd0ca060d6 -> 
  custom:scripting/monoscript/fileName/Script.cs: 12b9e13c0a7632258c6f1f7e543a5a1c -> 
  custom:scripting/monoscript/fileName/PropertyReference.cs: 2d71b4b10e12fb21a0d35ed453b38171 -> 
  custom:scripting/monoscript/fileName/UIDragCamera.cs: 62e252121bf8f670211bb40b090b8d8c -> 
  custom:scripting/monoscript/fileName/UIAtlasMaker.cs: f5d627f0300584a9992a401e9c884f80 -> 
  custom:scripting/monoscript/fileName/PlayGamesLocalUser.cs: 9045fc915278ce40a01ceb6cb6ffa7e7 -> 
  custom:scripting/monoscript/fileName/FreeType.cs: b7c0590afcfd5ecd906dccabd882eaaf -> 
  custom:scripting/monoscript/fileName/IPlayGamesClient.cs: 1ad719d32c31a6809c48b983027e2d07 -> 
  custom:container-muxer-webm: aa71ff27fc2769a1b78a27578f13a17b -> 
  custom:scripting/monoscript/fileName/B64R.cs: 23e3382cf16a0b7f8b67f4483dfd418d -> 
  custom:scripting/monoscript/fileName/AndroidEventsClient.cs: 8b70cd2b807ca35121dc023fb57e39f7 -> 
  custom:scripting/monoscript/fileName/TweenHeightEditor.cs: 8e754199c964d806aa2caf0bd6c809bd -> 
  custom:scripting/monoscript/fileName/UIButtonKeys.cs: fb3f3ea5973f0c7e3150cf98be284686 -> 
  custom:scripting/monoscript/fileName/ISavedGameClient.cs: d608dd17c2cf0d77e53d24bf3e80b961 -> 
  custom:scripting/monoscript/fileName/UIShowControlScheme.cs: fcf03e3016607de138868f2393915f83 -> 
  custom:scripting/monoscript/fileName/ByteHelper.cs: c2d92033faf8b759afcdfaedc70a9509 -> 
  custom:scripting/monoscript/fileName/UITweenerEditor.cs: 33c6ca09e0bf044468c7bb88266e0532 -> 
  custom:scripting/monoscript/fileName/UIWidgetInspector.cs: 9d556b41c48110503cd35a23f58373e5 -> 
  custom:scripting/monoscript/fileName/UIPlayAnimationEditor.cs: 2b2d6a04779996dc9ba4f60ba9a87db7 -> 
  custom:scripting/monoscript/fileName/Logger.cs: 6c47204b9fd949d7c4c60eac633cb240 -> 
  custom:scripting/monoscript/fileName/PlayerStats.cs: cea33817bc59207de0a5be12e2f79424 -> 
  custom:scripting/monoscript/fileName/Extensions.cs: 3b5a91ff96ce2c98c5a0e6a4e3d30340 -> 
  custom:scripting/monoscript/fileName/UICreateWidgetWizard.cs: f6fcb5de3b5378f74a96c101307b2287 -> 
  custom:scripting/precompiled-assembly-types:Google.VersionHandlerImpl: fa759366e6c1067122c591c441b6650c -> 
  custom:scripting/monoscript/fileName/NGUIContextMenu.cs: b320536d70b65ec390b336bb444bb048 -> 
  custom:scripting/monoscript/fileName/GPGSAndroidSetupUI.cs: c299773a5712855c9e004184cd15df09 -> 
  custom:scripting/monoscript/fileName/UIAnchor.cs: 18779077bc54816d6b85f01894bd6b39 -> 
  custom:scripting/monoscript/fileName/UI2DSpriteEditor.cs: 3fb9768dc6802b3b4a7930dc78afa73c -> 
  custom:scripting/monoscript/fileName/LockBase.cs: 14819b34acbc39b5f06868eb9966dc66 -> 
  custom:container-demuxer-ogg: 62fdf1f143b41e24485cea50d1cbac27 -> 
  custom:scripting/monoscript/fileName/UISliderEditor.cs: 4441b536e14f4147ff2d4af73dedcd2a -> 
  custom:scripting/monoscript/fileName/GPGSDocsUI.cs: 705e49df51da94d0c953d8fe3e0f8001 -> 
  custom:scripting/monoscript/fileName/TweenScale.cs: f2b02a0768010ca500d463b9068e5cd3 -> 
  custom:scripting/monoscript/fileName/UIDrawCallInspector.cs: 359616bdc2ab425ce446d8a220e42d2e -> 
  custom:scripting/monoscript/fileName/Cloud.cs: 4002f15ca028c74791216b8484dc14be -> 
  custom:AudioImporter_EditorPlatform: d09bf68614088b80899f8185d706f6e7 -> 
  custom:scripting/monoscript/fileName/PluginVersion.cs: f2f7d8279b922a92d52d004c8b6724f5 -> 
  custom:scripting/monoscript/fileName/CardSlot.cs: c307676f29adc43a66beb8621afc30e0 -> 
  custom:scripting/monoscript/fileName/CommonTypes.cs: 60dc8a0e07d863d523b691764a3213ea -> 
  custom:scripting/monoscript/fileName/UISoundVolume.cs: 982f1c204d222800f1236dbe43bb8ad0 -> 
  custom:scripting/monoscript/fileName/TweenFill.cs: 5f10def1f15341f6a8867159b3ef8d1c -> 
  custom:scripting/monoscript/fileName/UILabel.cs: 3020631aca05ae97ebc18b2cec44f76f -> 
  custom:scripting/monoscript/fileName/UIForwardEvents.cs: 5451434ddc8c685fe01572d8ff4f16cb -> 
  custom:scripting/monoscript/fileName/EventDelegateEditor.cs: 09e6bec53aa3b1e6fdfc5d2f2af2ec17 -> 
  custom:scripting/monoscript/fileName/PropertyReferenceDrawer.cs: 3db96870517289c91130d9364657501c -> 
  custom:scripting/monoscript/fileName/UIPopupListInspector.cs: cbd89ecbbe034bc5b98b46f2adb60971 -> 
  custom:scripting/monoscript/fileName/DummyClient.cs: d06457f579622d5ee55c8bdb0a05ee67 -> 
  custom:scripting/monoscript/fileName/UILocalizeEditor.cs: 765410ffd78f43895874a8e3d650d541 -> 
  custom:scripting/monoscript/fileName/Localization.cs: 9527f4382a50beee4e5842fef29ca30b -> 
  custom:scripting/precompiled-assembly-types:Google.JarResolver: df0f221c4485c33ea69649239d6744a2 -> 
  custom:scripting/monoscript/fileName/PlayGamesClientFactory.cs: 6decc7e06b28b64e5bcb77e0ca83cf96 -> 
  custom:scripting/monoscript/fileName/ActiveAnimationEditor.cs: 34d113f49af27a7dd1cbdec0d69d239c -> 
  custom:scripting/monoscript/fileName/GPGSStrings.cs: dd86a8ea956b4282a8ef6d6946ddceef -> 
  custom:scripting/monoscript/fileName/UIInputEditor.cs: e30bc66ae70a33a0393f3c9b8d66d729 -> 
  custom:scripting/monoscript/fileName/UIGeometry.cs: aaec24af1fa5e17fffd91b4166f03af5 -> 
  custom:scripting/monoscript/fileName/UI2DSprite.cs: a547c4afec91ff2e7e380d908e0757a7 -> 
  custom:scripting/monoscript/fileName/AndroidTaskUtils.cs: fad394034cf593abfad08b9b56ca1bf1 -> 
  custom:CustomObjectIndexerAttribute: 9a22284fe3817be447336de3de66b15e -> 
  custom:scripting/monoscript/fileName/PlayGamesPlatform.cs: d782f6ab2da5137f285f22a6872852b0 -> 
  custom:scripting/monoscript/fileName/ActiveAnimation.cs: 3fbbf56e13c4edc0479f4b8117d25877 -> 
  custom:scripting/monoscript/fileName/UILocalize.cs: 23e462d28611f1083afa5a9e14f30acf -> 
  custom:scripting/monoscript/fileName/TweenLetters.cs: d646d8730a3fe071f9b514555b87849c -> 
  custom:scripting/monoscript/fileName/UIScrollBarEditor.cs: 5d93f4e728d13c66a072b29679973204 -> 
  custom:scripting/monoscript/fileName/PlayGamesScore.cs: 8209a8f70c7e9183ce57ac5dd0704cab -> 
  custom:scripting/monoscript/fileName/UIPanelInspector.cs: a3be8f974620ff4bd881b12b6d3aacf3 -> 
  custom:scripting/monoscript/fileName/UIWidgetContainerEditor.cs: 5d21b074689569c756a1c62572e805f6 -> 
  custom:scripting/monoscript/fileName/PlayGamesHelperObject.cs: c10c45392870dd1d957c11994e8b81f3 -> 
  custom:framework-win-MediaFoundation: 216162199b28c13a410421893ffa2e32 -> 
  custom:scripting/monoscript/fileName/UIDrawCall.cs: 2bea9a6f7468ddd9b6f5795ccb24533d -> 
  custom:scripting/monoscript/fileName/UIToggleInspector.cs: 00d93de17cc7f6bd5f8e0b20d03f0f76 -> 
  custom:scripting/monoscript/fileName/Achievement.cs: 60d0ae0afd3e93570982eda07eaec834 -> 
  custom:scripting/monoscript/fileName/PropertyBindingEditor.cs: 54b4091e704e8c092dd41aa607d14b33 -> 
  custom:scripting/monoscript/fileName/UIPlayAnimation.cs: 4361c5b88c0dd2eda4a24b082791b8d7 -> 
  custom:scripting/monoscript/fileName/BMFont.cs: 5d81f803d8c16b3e4b35f4caf6e85d9f -> 
  custom:scripting/monoscript/fileName/EventDelegate.cs: 909fb0779953229957f4718ab3ad2bbd -> 
  custom:scripting/monoscript/fileName/PropertyBinding.cs: ec4c23c83d917186848586b57d7f6747 -> 
  custom:scripting/monoscript/fileName/PinKeyboard.cs: 171cbdf35a4432d968a9f4ab05853145 -> 
  custom:scripting/monoscript/fileName/NGUISettings.cs: 9c99bf135a611e796eaf335d133d936a -> 
  custom:scripting/monoscript/fileName/UIDragObjectEditor.cs: 89fbdf71d495e2fad97741306b5e4480 -> 
  custom:scripting/monoscript/fileName/TweenOrthoSizeEditor.cs: 1cb42f77298c97617452715bf1c88f69 -> 
  custom:scripting/monoscript/fileName/UIViewport.cs: 6ac39b3be7aec85f7763203bf3865c99 -> 
  custom:scripting/monoscript/fileName/PrefabsHelper.cs: 3ccee458621e53b93253d5eb6e25731e -> 
  custom:scripting/monoscript/fileName/NGUIEditorTools.cs: d90901af91af2c01c54aebc4d4a6fe40 -> 
  custom:scripting/monoscript/fileName/TweenScaleEditor.cs: ba8f4693282c0200f0d11a3d8272d48a -> 
========================================================================
Received Import Request.
  Time since last request: 66.111126 seconds.
  path: Assets/Plugins/OpenIAB_W8Plugin.dll
  artifactKey: Guid(19208cfdcc9245f48ad0e374142fdcc7) Importer(815301076,1909f56bfc062723c751e8b465ee728b)
Start importing Assets/Plugins/OpenIAB_W8Plugin.dll using Guid(19208cfdcc9245f48ad0e374142fdcc7) Importer(815301076,1909f56bfc062723c751e8b465ee728b) [PhysX] Initialized MultithreadedTaskDispatcher with 32 workers.
 -> (artifact id: '812783302ef081fe87e35f279ed78815') in 0.001456 seconds
Number of updated asset objects reloaded before import = 0
Number of asset objects unloaded after import = 0
========================================================================
Received Import Request.
  Time since last request: 1.936930 seconds.
  path: Assets/Plugins/OpenIAB_manual.pdf
  artifactKey: Guid(81e26de0271a3194cbd846a50660c348) Importer(815301076,1909f56bfc062723c751e8b465ee728b)
Start importing Assets/Plugins/OpenIAB_manual.pdf using Guid(81e26de0271a3194cbd846a50660c348) Importer(815301076,1909f56bfc062723c751e8b465ee728b) [PhysX] Initialized MultithreadedTaskDispatcher with 32 workers.
 -> (artifact id: 'bae256da4bbb2612e23058b382107db4') in 0.007225 seconds
Number of updated asset objects reloaded before import = 0
Number of asset objects unloaded after import = 1
========================================================================
Received Import Request.
  Time since last request: 0.674990 seconds.
  path: Assets/Plugins/WP8
  artifactKey: Guid(8ad0e7b80ac340d4d8b7c538ab468c73) Importer(815301076,1909f56bfc062723c751e8b465ee728b)
Start importing Assets/Plugins/WP8 using Guid(8ad0e7b80ac340d4d8b7c538ab468c73) Importer(815301076,1909f56bfc062723c751e8b465ee728b) [PhysX] Initialized MultithreadedTaskDispatcher with 32 workers.
 -> (artifact id: '4eeb3312ad14e4a870d441e728847014') in 0.000304 seconds
Number of updated asset objects reloaded before import = 0
Number of asset objects unloaded after import = 0
========================================================================
Received Import Request.
  Time since last request: 63.154011 seconds.
  path: Assets/Scenes/Game.unity
  artifactKey: Guid(08596a264a691ed4e87f5ac39f45c8e3) Importer(815301076,1909f56bfc062723c751e8b465ee728b)
Start importing Assets/Scenes/Game.unity using Guid(08596a264a691ed4e87f5ac39f45c8e3) Importer(815301076,1909f56bfc062723c751e8b465ee728b) [PhysX] Initialized MultithreadedTaskDispatcher with 32 workers.
 -> (artifact id: '207d41b07be24096a0aca730ca1827f8') in 0.000394 seconds
Number of updated asset objects reloaded before import = 0
Number of asset objects unloaded after import = 0
========================================================================
Received Prepare
Caller must complete domain reload
Begin MonoManager ReloadAssembly
Assembly 'Assets/ExternalDependencyManager/Editor/1.2.179/Google.IOSResolver.dll' will not be loaded due to errors:
Unable to resolve reference 'UnityEditor.iOS.Extensions.Xcode'. Is the assembly missing or incompatible with the current platform?
Reference validation can be disabled in the Plugin Inspector.
- Loaded All Assemblies, in  0.229 seconds
Native extension for UWP target not found
Native extension for WindowsStandalone target not found
Native extension for Android target not found
GPGSUpgrader start
UnityEngine.StackTraceUtility:ExtractStackTrace ()
UnityEngine.DebugLogHandler:LogFormat (UnityEngine.LogType,UnityEngine.Object,string,object[])
UnityEngine.Logger:Log (UnityEngine.LogType,object)
UnityEngine.Debug:Log (object)
GooglePlayGames.Editor.GPGSUpgrader:.cctor () (at Assets/GooglePlayGames/Editor/GPGSUpgrader.cs:38)
System.Runtime.CompilerServices.RuntimeHelpers:RunClassConstructor (System.RuntimeTypeHandle)
UnityEditor.EditorAssemblies:ProcessInitializeOnLoadAttributes (System.Type[])

(Filename: Assets/GooglePlayGames/Editor/GPGSUpgrader.cs Line: 38)

GPGSUpgrader done
UnityEngine.StackTraceUtility:ExtractStackTrace ()
UnityEngine.DebugLogHandler:LogFormat (UnityEngine.LogType,UnityEngine.Object,string,object[])
UnityEngine.Logger:Log (UnityEngine.LogType,object)
UnityEngine.Debug:Log (object)
GooglePlayGames.Editor.GPGSUpgrader:.cctor () (at Assets/GooglePlayGames/Editor/GPGSUpgrader.cs:57)
System.Runtime.CompilerServices.RuntimeHelpers:RunClassConstructor (System.RuntimeTypeHandle)
UnityEditor.EditorAssemblies:ProcessInitializeOnLoadAttributes (System.Type[])

(Filename: Assets/GooglePlayGames/Editor/GPGSUpgrader.cs Line: 57)

Mono: successfully reloaded assembly
- Finished resetting the current domain, in  0.530 seconds
Domain Reload Profiling: 758ms
	BeginReloadAssembly (91ms)
		ExecutionOrderSort (0ms)
		DisableScriptedObjects (3ms)
		BackupInstance (0ms)
		ReleaseScriptingObjects (0ms)
		CreateAndSetChildDomain (17ms)
	RebuildCommonClasses (20ms)
	RebuildNativeTypeToScriptingClass (6ms)
	initialDomainReloadingComplete (18ms)
	LoadAllAssembliesAndSetupDomain (92ms)
		LoadAssemblies (127ms)
		RebuildTransferFunctionScriptingTraits (0ms)
		AnalyzeDomain (16ms)
			TypeCache.Refresh (12ms)
				TypeCache.ScanAssembly (7ms)
			ScanForSourceGeneratedMonoScriptInfo (2ms)
			ResolveRequiredComponents (1ms)
	FinalizeReload (531ms)
		ReleaseScriptCaches (0ms)
		RebuildScriptCaches (0ms)
		SetupLoadedEditorAssemblies (159ms)
			LogAssemblyErrors (0ms)
			InitializePlatformSupportModulesInManaged (13ms)
			SetLoadedEditorAssemblies (2ms)
			RefreshPlugins (0ms)
			BeforeProcessingInitializeOnLoad (24ms)
			ProcessInitializeOnLoadAttributes (104ms)
			ProcessInitializeOnLoadMethodAttributes (11ms)
			AfterProcessingInitializeOnLoad (5ms)
			EditorAssembliesLoaded (0ms)
		ExecutionOrderSort2 (0ms)
		AwakeInstancesAfterBackupRestoration (3ms)
The Editor does not support 32-bit plugins. Assets/NGUI/Editor/x86/FreeType.dylib will not be available.
Refreshing native plugins compatible for Editor in 6.34 ms, found 1 plugins.
Preloading 0 native plugins for Editor in 0.00 ms.
Unloading 643 Unused Serialized files (Serialized files now loaded: 0)
Unloading 12 unused Assets / (201.7 KB). Loaded Objects now: 1147.
Memory consumption went from 65.6 MB to 65.4 MB.
Total: 1.953600 ms (FindLiveObjects: 0.052700 ms CreateObjectMapping: 0.009700 ms MarkObjects: 1.794600 ms  DeleteObjects: 0.096200 ms)

Prepare: number of updated asset objects reloaded= 0
AssetImportParameters requested are different than current active one (requested -> active):
  custom:scripting/monoscript/fileName/TypeCacheHelper.cs: c0779edd603459dc3742274167d572b5 -> 
  custom:scripting/monoscript/fileName/AdvertisingResult.cs: 8e2a212c467818e474379fef59969421 -> 
  custom:scripting/monoscript/fileName/BMSymbol.cs: 81c0243db6fb127bf6af10574981e063 -> 
  custom:scripting/monoscript/fileName/NGUIMath.cs: b7b7ef944595c21a781302057b9e3f9d -> 
  custom:scripting/monoscript/fileName/IEvent.cs: ad7fbab110cf5a2cd9e5c7aedde2cd1c -> 
  custom:scripting/monoscript/fileName/UnityTestAssemblyRunner.cs: 6329fd25aa4b3ce344b8f9506a5c2047 -> 
  custom:video-encoder-webm-vp8: eb34c28f22e8b96e1ab97ce403110664 -> 
  custom:scripting/monoscript/fileName/ByteReader.cs: c4e6f59633bfeda887db99353d554dc9 -> 
  custom:scripting/monoscript/fileName/AnimatedWidget.cs: 551bd0825ec4cf4e359e8097dbb7dc90 -> 
  custom:scripting/precompiled-assembly-types:Google.VersionHandler: af492aa11a371797f35c9b9e2e63f2b9 -> 
  custom:scripting/monoscript/fileName/ITestPlayerBuildModifier.cs: fe113c86bde5fdad424c8cc5e51fe0a4 -> 
  custom:scripting/monoscript/fileName/UdpSocket.cs: 7555d065f81d23e6604acb91cf79ddd6 -> 
  custom:scripting/monoscript/fileName/BMFontReader.cs: 4463eb6532eb75b32cdf508beb77c67d -> 
  custom:scripting/monoscript/fileName/GeneratorFactory.cs: e95f2d8d99ff452f8f55fc3dbdf8b3b5 -> 
  custom:scripting/monoscript/fileName/UITooltip.cs: 67602e1ad01f80f1d13fb353c2bb4c41 -> 
  custom:scripting/monoscript/fileName/LeaderboardScoreData.cs: 692c9ede4dbe88ebbfa99295d409bd24 -> 
  custom:scripting/monoscript/fileName/ScorePageToken.cs: ae39c429aa37cfad76078eed8f3bcdf4 -> 
  custom:scripting/monoscript/fileName/UIDragDropContainer.cs: e8f8b67111c9a6b0b2333827cd9b85bd -> 
  custom:scripting/monoscript/fileName/IPrebuildSceneSetup.cs: c89711320cb5af11897ec50fd61d4419 -> 
  custom:scripting/monoscript/fileName/RunData.cs: 772bee3d6504258eed6027a2ae076850 -> 
  custom:scripting/monoscript/fileName/CategoryFilterExtended.cs: fc9bf6f795e045112c18a4c1343c1ae1 -> 
  custom:scripting/monoscript/fileName/ResultsSavingCallbacks.cs: 96b4b28711ac58ce3dc199f3f7371922 -> 
  custom:scripting/monoscript/fileName/UIDragScrollView.cs: 2627e1975e7978cf227cd939c570f0a8 -> 
  custom:scripting/monoscript/fileName/RerunCallbackData.cs: 4e0f854372c4476a9269ddc9aa7c8edb -> 
  custom:video-decoder-webm-vp8: 9c59270c3fd7afecdb556c50c9e8de78 -> 
  custom:scripting/monoscript/fileName/AssetsDatabaseHelper.cs: e690d63c7b932a5efaeaf8c476198e75 -> 
  custom:scripting/monoscript/fileName/TestLauncherBase.cs: c78237b225a855d3af10df4cd8d6a1b2 -> 
  custom:scripting/monoscript/fileName/UIStretch.cs: 77ab6405565f362cd0206e79e584880b -> 
  custom:scripting/monoscript/fileName/GPGSUtil.cs: 505ced7a05ca78c40c2fad1b53541560 -> 
  custom:scripting/monoscript/fileName/EditorAssembliesProxy.cs: ef0f2d44f3e723650bf58ba30866667b -> 
  custom:scripting/monoscript/fileName/PostbuildCleanupAttributeFinder.cs: a060814a414a9bab17671800d815861d -> 
  custom:scripting/monoscript/fileName/UIScrollBar.cs: 4711e1fa15a55c8f194ca570420909d1 -> 
  custom:scripting/monoscript/fileName/PlaymodeTestsController.cs: 59c9d4597d46ecf4c6fbc8f49c64d0b9 -> 
  custom:scripting/monoscript/fileName/QuaternionEqualityComparer.cs: 0787e0a336d915c2829c2f55fd970a0d -> 
  custom:scripting/monoscript/fileName/TweenVolume.cs: ae42433aed9734585ab149385a2e80e3 -> 
  custom:scripting/monoscript/fileName/PatternLock.cs: 5e75b7c43c2f70390a13c7fd489ade21 -> 
  custom:scripting/monoscript/fileName/FloatEqualityComparer.cs: 6ddc5d5b0944c660e6b695f37c9febc8 -> 
  custom:scripting/monoscript/fileName/EnvelopContent.cs: 3414a1b56f4cff5ae0ba71375e2d3a4d -> 
  custom:scripting/monoscript/fileName/UIToggledObjects.cs: 1bf88810437bf974b409c671f24be4d0 -> 
  custom:scripting/monoscript/fileName/UIButtonScale.cs: 74c49ec3ee161dd27538d062f5cbf0d6 -> 
  custom:scripting/monoscript/fileName/ITestAdaptor.cs: 1f6228260995615097fc339d08bee2f4 -> 
  custom:scripting/monoscript/fileName/RequirePlatformSupportAttribute.cs: 6918694e41aa1ffd5ee72bd04646d4bb -> 
  custom:scripting/monoscript/fileName/AndroidClient.cs: 622f3c26ea4b05ef3a7d84f5fddb2591 -> 
  custom:scripting/precompiled-assembly-types:Google.PackageManagerResolver: 4d3ba64faf478d3f105d5a37f0ddde42 -> 
  custom:scripting/monoscript/fileName/ResultSummarizer.cs: fcfdcb2adeeb82cb8f411b44b44abdb0 -> 
  custom:scripting/monoscript/fileName/RemoteTestResultDataFactory.cs: 875f30f4d57949231d64836d9e348a72 -> 
  custom:scripting/monoscript/fileName/ComponentSelector.cs: 7be8decb2625c1ae64b022589fc45d58 -> 
  custom:scripting/monoscript/fileName/UIButtonMessage.cs: 8f53ff1b03761563c74f300d5f0e2f93 -> 
  custom:scripting/monoscript/fileName/CardData.cs: f1e4023737e4704eef1628fd1fc3dd99 -> 
  custom:scripting/monoscript/fileName/UISpriteData.cs: 035b56cf13eb963532ed6d9c197d4f1b -> 
  custom:scripting/monoscript/fileName/LegacyStyleProjectGeneration.cs: 4858a0ab74312ccaa3ff27a510a9d575 -> 
  custom:scripting/monoscript/fileName/UIGridEditor.cs: 137d00e8fd96b4ca14fbf2e1dfe06802 -> 
  custom:scripting/monoscript/fileName/Player.cs: ae74977d4d699cf2b9122b36e8b53a1a -> 
  custom:scripting/monoscript/fileName/TweenColor.cs: 899c64e869173522040eb4a05b858966 -> 
  custom:scripting/monoscript/fileName/NGUIHandles.cs: d72f992180f50b96d5f8fa239d902d9b -> 
  custom:scripting/monoscript/fileName/OuterUnityTestActionCommand.cs: 36c13d7d2a2c5c2f372e7b1c0cc06d4d -> 
  custom:scripting/monoscript/fileName/UIEventTrigger.cs: 2cbb789551f08d60e6ac2d44a6c8c123 -> 
  custom:scripting/monoscript/fileName/TestJobDataHolder.cs: 2c9edeeac80ff44e86cac8087411d260 -> 
  custom:scripting/monoscript/fileName/TypewriterEffectEditor.cs: 6553ce63f1d34d917afaf65a6cf39831 -> 
  custom:scripting/monoscript/fileName/UnityTestAttribute.cs: a53f050fb661d50bb6c962963a554f8e -> 
  custom:scripting/monoscript/fileName/FileUtility.cs: 2ac32d1be3995576c010e03a17edbd93 -> 
  custom:scripting/monoscript/fileName/CardEdit.cs: 71f08cc036ed36ef34eb8d65b1421ced -> 
  custom:scripting/monoscript/fileName/TestListTreeViewGUI.cs: bf873c97e960a33b0be65a5b638e7ff5 -> 
  custom:scripting/monoscript/fileName/TestListCache.cs: ff7c7e6ac29ad86c5fe33a64ed0d2f4f -> 
  custom:scripting/monoscript/fileName/ExceptionEventArgs.cs: 27cb4c00a4137b184e01164606c88685 -> 
  custom:scripting/monoscript/fileName/EditModeRunnerCallback.cs: 8a8dedaa2bec26f26744df4ec8e2f191 -> 
  custom:scripting/monoscript/fileName/EnterPlayMode.cs: c730bf9ff77514bb260ba9933378e49c -> 
  custom:scripting/monoscript/fileName/ITestSuiteModifier.cs: 4374b14ce25f3e6c8b983b3d579e38b4 -> 
  custom:scripting/monoscript/fileName/UIEventTriggerEditor.cs: 22670de97d433e2a25061703bb7a86e9 -> 
  custom:scripting/monoscript/fileName/UnityTestMethodCommand.cs: ccfa8ff8b49ded2664d646e8ee3d5ff4 -> 
  custom:scripting/monoscript/fileName/Filter.cs: 935824dbebf762a19f2d4c4751625fe2 -> 
  custom:scripting/monoscript/fileName/UIRect.cs: e94afd4a2fcc6384a44f00cc2c25b6c3 -> 
  custom:scripting/monoscript/fileName/TestJobRunner.cs: 1c3d9f2bfcdac33a01c4bb25c392ab4f -> 
  custom:scripting/monoscript/fileName/TestRunnerCallback.cs: 61231fce5590e38bfc5e9165e9803d8b -> 
  custom:scripting/monoscript/fileName/IRemoteTestResultDataFactory.cs: 75d430448dca0118dc834f9aa964be1e -> 
  custom:scripting/monoscript/fileName/TweenTransformEditor.cs: bda13f1e1ad289217c624031991c6696 -> 
  custom:scripting/monoscript/fileName/UIPlayTween.cs: 74b2d11331ec60da374ccb93b1e46b6f -> 
  custom:scripting/monoscript/fileName/CompositeWorkItem.cs: bc884a89fde61fa75209209a03bbd836 -> 
  custom:scripting/monoscript/fileName/ISavedGameMetadata.cs: 2ba930ee40b5c4b7beb3ec029b2bde53 -> 
  custom:scripting/monoscript/fileName/CRandom.cs: 4782f7f8005679f4ddfec003c0009674 -> 
  custom:scripting/monoscript/fileName/Event.cs: de3430aa939d03a39b314602c89e442b -> 
  custom:scripting/monoscript/fileName/TestRunnerUIFilter.cs: 15cddad256d0a7abe9cb58af110bbb72 -> 
  custom:scripting/monoscript/fileName/CardView.cs: 351ef24ad7a64b206f59f28997be7eca -> 
  custom:scripting/monoscript/fileName/GPGSUpgrader.cs: 8521997bf017854e82cfe90f7fbd9aec -> 
  custom:scripting/monoscript/fileName/UIInputOnGUI.cs: adcd932c033d9cf7547da5f4c6dbdf48 -> 
  custom:scripting/monoscript/fileName/UIPopupList.cs: f6dc9e32932c32adb37c73f72960b353 -> 
  custom:scripting/monoscript/fileName/SignInHelper.cs: cb0381fc24664c2ad76deaa02bce3b35 -> 
  custom:scripting/monoscript/fileName/RunFinishedData.cs: a22f15c3a79d1f15ccc31ec29ab37874 -> 
  custom:scripting/monoscript/fileName/UIOrthoCamera.cs: cb8f78c44b992a580368163501ddbf0d -> 
  custom:scripting/monoscript/fileName/OpenIABClient.cs: 8b0ee76d9b4811c2ec2579fdd6a8aa7f -> 
  custom:scripting/monoscript/fileName/TweenWidthEditor.cs: d68171b583c6a3458268a111082294be -> 
  custom:scripting/monoscript/fileName/PerformUndoTask.cs: f38e53873dc9c7e638622dda18102b41 -> 
  custom:scripting/monoscript/fileName/IEventsClient.cs: df75b65e8a2f4eedd3c75ce719331977 -> 
  custom:scripting/precompiled-assembly-types:Unity.VisualStudio.Editor: 865306e684a8a0de31c5b3eaf4fcb298 -> 
  custom:scripting/monoscript/fileName/UIPlaySound.cs: 86d33ba7d1cd136a68e36d7356016e6b -> 
  custom:scripting/monoscript/fileName/UICenterOnClick.cs: e48f3d2bda5604eaef7831b53fe26111 -> 
  custom:scripting/monoscript/fileName/FailCommand.cs: e0622be95cb9f4c04ff53066589d6d7e -> 
  custom:scripting/monoscript/fileName/AndroidVideoClient.cs: 76a983f69777a21c04d4f224991e19e2 -> 
  custom:scripting/monoscript/fileName/EndpointDetails.cs: 2dcb55edadfd4c737fb9de806546f03d -> 
  custom:scripting/monoscript/fileName/UnityTearDownAttribute.cs: d90d4ba0821a80f48bd6cec8eab8964f -> 
  custom:scripting/monoscript/fileName/ITestRunnerApi.cs: a476c74c9cbf5732bdfc8c88b9702476 -> 
  custom:scripting/monoscript/fileName/RemoteTestResultReciever.cs: 3396dcbdb7cfcd933b2182fbc1532e1a -> 
  custom:scripting/monoscript/fileName/TestPlatform.cs: 63c69f9b78d9a1c2cdf167569fd572b6 -> 
  custom:scripting/monoscript/fileName/UIPrefabTool.cs: 5233090f53f655231152de75111a33bd -> 
  custom:scripting/monoscript/fileName/VisualStudioIntegration.cs: f9e623c49f9f20ea97a4519aa48d72d4 -> 
  custom:scripting/monoscript/fileName/UIDraggableCamera.cs: 56e75439f33159b0b1576e7509968fc3 -> 
  custom:audio-decoder-ogg-vorbis: bf7c407c2cedff20999df2af8eb42d56 -> 
  custom:scripting/monoscript/fileName/TweenVolumeEditor.cs: 1f755e7b401527ac93686205fb255940 -> 
  custom:scripting/monoscript/fileName/UIInput.cs: ce829dca34f7f44ad26565290bd75a54 -> 
  custom:scripting/monoscript/fileName/Misc.cs: 9657932ef5e42bf3803800c7001316c6 -> 
  custom:scripting/monoscript/fileName/RemotePlayerTestController.cs: a065d8dd9dff07ee3c40c0e473a65f06 -> 
  custom:scripting/monoscript/fileName/Vector4EqualityComparer.cs: 998bf018f3e79a3b4501bebf13133ef3 -> 
  custom:scripting/monoscript/fileName/PlayModeTestListGUI.cs: 9528035223f9376ea8c5bf32da2d30c1 -> 
  custom:scripting/monoscript/fileName/UICamera.cs: b3020f8b15d595faad76227d794ce799 -> 
  custom:scripting/monoscript/fileName/Image.cs: 4bdb6020842dc54a8e0a23ee7fb842e6 -> 
  custom:video-decoder-ogg-theora: a1e56fd34408186e4bbccfd4996cb3dc -> 
  custom:scripting/monoscript/fileName/ExitPlayMode.cs: f2eb63cb1a92bddb334eb5c2d75abc43 -> 
  custom:scripting/monoscript/fileName/UIImageButtonInspector.cs: 9b311fdf84e5b225dcefbe81a85caf07 -> 
  custom:scripting/monoscript/fileName/AnimatedAlpha.cs: bac31a5f8f53bdc197e78a623c9b52a0 -> 
  custom:scripting/monoscript/fileName/EditorLoadedTestAssemblyProvider.cs: 406b39f61e53aa4b6c435e30af6b5276 -> 
  custom:scripting/monoscript/fileName/UIAnchorEditor.cs: 8b56c49bbcd9fae229320cfea4e274a6 -> 
  custom:scripting/monoscript/fileName/UIBasicSprite.cs: f4c96275a0ccbf48cca6e46c3b873823 -> 
  custom:scripting/monoscript/fileName/B64X.cs: 3ac1e42c196f400b484d683a5f0afd75 -> 
  custom:scripting/monoscript/fileName/UIRootEditor.cs: c14715b7eb7373d0dbec3804cc4a0fd1 -> 
  custom:scripting/monoscript/fileName/TweenColorEditor.cs: 6506b396aaaf7f687704a81f470b8aae -> 
  custom:scripting/monoscript/fileName/PlatformUtils.cs: dbff6ae7e1009a480ae718fcca723385 -> 
  custom:scripting/monoscript/fileName/TweenFOV.cs: cc356dc317c133fa1f52722c400ab7e8 -> 
  custom:scripting/monoscript/fileName/IStateSerializer.cs: 2c22f7cb714163eee04bfe4b72ec4957 -> 
  custom:scripting/monoscript/fileName/RemoteTestResultData.cs: 68a2b51f8872b9ef697b2155d9835735 -> 
  custom:scripting/monoscript/fileName/Cli.cs: d287e08b50f2cb135aa4d7f8e01b7ef9 -> 
  custom:scripting/monoscript/fileName/UIForwardEventsEditor.cs: 129cf77bc1a99a8b9a27cb37cf41b996 -> 
  custom:scripting/monoscript/fileName/SpringPanel.cs: 4def0f0830fed06c99e42d5b3a56d6c2 -> 
  custom:scripting/monoscript/fileName/UnityTestProtocolListener.cs: 0d4d2ab58d3a081f00c0f200ee8696be -> 
  custom:scripting/monoscript/fileName/INearbyConnectionClient.cs: bbad27163196b787a8e5d304725ca27e -> 
  custom:scripting/monoscript/fileName/NGUIText.cs: 3eb744220b2c46c0ca97dc76aa88a941 -> 
  custom:scripting/monoscript/fileName/IAssemblyLoadProxy.cs: 10a2bd4f9f1d29ac107ff7e510533c16 -> 
  custom:scripting/monoscript/fileName/MessageEventArgs.cs: 528473bbcee3623fe954627c6bfadd2e -> 
  custom:scripting/monoscript/fileName/TweenTransform.cs: efdc47dc167b6e67f73e7354ce7c524a -> 
  custom:scripting/monoscript/fileName/UnityTestProtocolStarter.cs: e4b107bc354fd6dcbd62420da6500b7c -> 
  custom:scripting/monoscript/fileName/RuntimeTestLauncherBase.cs: 9c570bd0d91da3e5211e4436ad92314b -> 
  custom:scripting/monoscript/fileName/UIWrapContent.cs: 17176783ad986276f1d7b2fa311b97c3 -> 
  custom:scripting/monoscript/fileName/AndroidSnapshotMetadata.cs: 8a0aec66cc637a4c0fdfe16106a5608e -> 
  custom:scripting/monoscript/fileName/TweenHeight.cs: 92394df033c23e9fd79c7381d3302578 -> 
  custom:scripting/monoscript/fileName/PlayGamesAchievement.cs: 2cc796da06ab20c9c2704b2888e134e0 -> 
  custom:scripting/monoscript/fileName/iVideoClient.cs: e75247745889906fa81829d289e64e3b -> 
  custom:scripting/monoscript/fileName/SolutionProperties.cs: ab8751e49ae2f3d9994444a0a38619bd -> 
  custom:scripting/monoscript/fileName/NGUITools.cs: 5f4de3785bf631567c6f81c5390b54a7 -> 
  custom:scripting/monoscript/fileName/TweenFOVEditor.cs: 58402b0950a93f072ae90857e97ad3ca -> 
  custom:scripting/monoscript/fileName/UITable.cs: 3e0dff75ea4525bcc87e336912f3eef5 -> 
  custom:scripting/monoscript/fileName/UITextList.cs: 44e20a733fc3f19283d61845f0ada688 -> 
  custom:scripting/monoscript/fileName/UIButton.cs: eb2c82f74ea0a4f74be09542cc86092b -> 
  custom:scripting/monoscript/fileName/IMonoBehaviourTest.cs: 93dca3fac2d68012529173d3e7bc10a2 -> 
  custom:scripting/monoscript/fileName/UIKeyNavigation.cs: 639ff35a0a0434939839a69bd6ed282f -> 
  custom:scripting/monoscript/fileName/EditModeLauncher.cs: 9a2b5bcdc6140673378e5f8105411606 -> 
  custom:scripting/monoscript/fileName/MonoBehaviourTest.cs: 90647cc400823b41df847a6cbfc29026 -> 
  custom:scripting/monoscript/fileName/CoroutineTestWorkItem.cs: 8a69ee5c1adc29acc0a66cb7df14cbcf -> 
  custom:scripting/monoscript/fileName/TestActionCommand.cs: 753f99c04dd69dc2a43030237870dd1f -> 
  custom:scripting/monoscript/fileName/Utils.cs: 40c528c300bfc0733192292a788cb076 -> 
  custom:scripting/monoscript/fileName/ProjectGeneration.cs: 214ca3c28296f47a7d19f1fd999fc81d -> 
  custom:scripting/monoscript/fileName/GPGSIds.cs: ca9bc32122f555cb76ec026f1c336068 -> 
  custom:audio-encoder-webm-vorbis: bf7c407c2cedff20999df2af8eb42d56 -> 
  custom:scripting/monoscript/fileName/TestRunnerApi.cs: c95fe169deea2b7a18c185e8b5613c7e -> 
  custom:scripting/monoscript/fileName/UIKeyBinding.cs: 56809e0feb36a320f0c0bb134cfc77fc -> 
  custom:scripting/monoscript/fileName/ResultsWriter.cs: 746214782064f32efde31c48d7caa76f -> 
  custom:scripting/monoscript/fileName/UICameraTool.cs: 5996a6978990dcfe75e6c4f878f9b3b1 -> 
  custom:scripting/monoscript/fileName/GuiHelper.cs: 7bbb51d455f8994ae6185c7dee04068a -> 
  custom:scripting/monoscript/fileName/LuminPlatformSetup.cs: e65a295a4e58fc042cc74afa9243a080 -> 
  custom:scripting/monoscript/fileName/UIRoot.cs: c8509021f30ac2e6379e5d5ab02e1834 -> 
  custom:scripting/monoscript/fileName/BuildActionTaskBase.cs: 90647cc400823b41df847a6cbfc29026 -> 
  custom:scripting/monoscript/fileName/Solution.cs: 8bc97d0abd509f39b67b3a5bbac1b9a1 -> 
  custom:scripting/monoscript/fileName/TestMustExpectAllLogsAttribute.cs: cdf1c75549affd080e0ddbde5bcb7c34 -> 
  custom:scripting/monoscript/fileName/UILabelInspector.cs: 58527579bf367a2123e00d10f10629e5 -> 
  custom:scripting/monoscript/fileName/ITestRunnerListener.cs: d52675266925b8e603f210be3981d59b -> 
  custom:scripting/monoscript/fileName/TestBuildAssemblyFilter.cs: 056870da734fd8ecf77d00737a22149f -> 
  custom:scripting/monoscript/fileName/ConditionalIgnoreAttribute.cs: 9f2f3d4c6b56d5f470ccdd0e1820d51b -> 
  custom:scripting/monoscript/fileName/EditorAssemblyWrapper.cs: 8682dbb48030d53c622cd194bfa9e87d -> 
  custom:scripting/monoscript/fileName/UIFontInspector.cs: 47697aaa553f5f25f921e9d3df4543c9 -> 
  custom:scripting/monoscript/fileName/TweenRotation.cs: 5e9a32e29d2829b51b639c733206ee6b -> 
  custom:scripting/monoscript/fileName/BaseDelegator.cs: d270baecbc007d1328bc5c9991d1dea9 -> 
  custom:scripting/monoscript/fileName/UIButtonColorEditor.cs: d9745401eb00af34026d0827cea7498f -> 
  custom:scripting/monoscript/fileName/TestRunnerCallbacks.cs: 5627cb9f4ed769fba607b0cab8e9e63d -> 
  custom:scripting/monoscript/fileName/UIButtonColor.cs: fb9ad2fb817035e2912cc0150ee4edec -> 
  custom:scripting/monoscript/fileName/TestSettings.cs: d583ccee803a035f2d53ba29374aac19 -> 
  custom:scripting/monoscript/fileName/IUtpMessageReporter.cs: e8e6a62b6032a5642706a62156dd8314 -> 
  custom:scripting/monoscript/fileName/TestRunCallbackListener.cs: 15fa13086a2949901b1e4a3584b83cd8 -> 
  custom:scripting/monoscript/fileName/UIColorPicker.cs: f6b1ede632dd3e779c2a9cf28190398c -> 
  custom:scripting/monoscript/fileName/IOuterUnityTestAction.cs: 58e7f8b884a5d88e319b8f448f29bfdb -> 
  custom:scripting/precompiled-assembly-types:Assembly-CSharp-Editor: 5aa3623a2d0fb88c336340dbf3eeb93a -> 
  custom:scripting/monoscript/fileName/TestResultRendererCallback.cs: 215106b260625bb3e26681b849d9307d -> 
  custom:scripting/monoscript/fileName/RequireApiProfileAttribute.cs: 4cce4894a0d08ef40fd237b8e50d1caa -> 
  custom:scripting/monoscript/fileName/ConnectionRequest.cs: 3e19a3c7794e5ef65de7349c45a22c17 -> 
  custom:scripting/monoscript/fileName/RealTime.cs: 0cd598bb2da74d2315435fc4923a60a2 -> 
  custom:scripting/monoscript/fileName/UIWidget.cs: 3fc721c62137c109d3b90fcaa4ff4920 -> 
  custom:scripting/monoscript/fileName/SynchronousFilter.cs: b84da53d6d10348793b3683f19a6d4b3 -> 
  custom:scripting/monoscript/fileName/AndroidNearbyConnectionClient.cs: 4c1a4fddfc2b902e44184f36d654e88b -> 
  custom:scripting/monoscript/fileName/GameShop.cs: ea161b395710f47ae2b071ac42606969 -> 
  custom:scripting/monoscript/fileName/CleanupVerificationTask.cs: 12e81b196e7eac521f1ae8e0411b3d28 -> 
  custom:scripting/monoscript/fileName/LegacyEditModeRunTask.cs: 2b5f09ef7f63773ca676d71969800516 -> 
  custom:scripting/monoscript/fileName/UIScrollView.cs: c923bd63a76d06b3af816ef0dc9d178d -> 
  custom:scripting/monoscript/fileName/UICenterOnChild.cs: c4b2f5e453989c54892901705a43d872 -> 
  custom:scripting/monoscript/fileName/IEditorCompilationInterfaceProxy.cs: b1e49de3ac2ed1feea91c5f6846d6e49 -> 
  custom:scripting/monoscript/fileName/IErrorCallbacks.cs: fd7a49712e8a919d38dd0fddef8872df -> 
  custom:scripting/monoscript/fileName/UIDragObject.cs: 45b729a90a5705d6a6d1c35773ad88e9 -> 
  custom:scripting/monoscript/fileName/IEditModeTestYieldInstruction.cs: ad49fb85f2d4ed0badb27552deac0771 -> 
  custom:SearchIndexIgnoredProperties: e643bd26f0fe6173181afceb89e7c659 -> 
  custom:scripting/monoscript/fileName/TouchSlider.cs: 86645e8d1721c993ee689e8285aa0c5b -> 
  custom:scripting/monoscript/fileName/IScriptingRuntimeProxy.cs: c75af2a6ef439df9f19f151aeb5749ea -> 
  custom:scripting/monoscript/fileName/TestFilterSettings.cs: 5275be823d4854688aedadf9bf48dfa8 -> 
  custom:scripting/monoscript/fileName/EventDelegateDrawer.cs: c6ca23e042ca490a03fb928b61b8b77f -> 
  custom:scripting/monoscript/fileName/UISpriteAnimation.cs: a9d24d8c09ba9a74287fbca317f99202 -> 
  custom:scripting/monoscript/fileName/UIBasicSpriteEditor.cs: 8e65aff9b6833dd08fe7f20d50184f61 -> 
  custom:scripting/monoscript/fileName/KnownAssemblies.cs: 286bea9f8fcee5e392f6fc0f0cd541c8 -> 
  custom:scripting/monoscript/fileName/EnumerableRepeatedTestCommand.cs: dbdc4517e80e66a31f48ce40e06931f2 -> 
  custom:scripting/monoscript/fileName/PropertyReference.cs: 2d71b4b10e12fb21a0d35ed453b38171 -> 
  custom:scripting/monoscript/fileName/TestRunnerApiListener.cs: cc17cec8825a8f933d6ecbd68d51f1de -> 
  custom:scripting/monoscript/fileName/SimpleJSON.cs: 70c028a07c79c166db015acda1282d86 -> 
  custom:scripting/monoscript/fileName/ProjectProperties.cs: 407063898a13eaad2cd100e43551c6b5 -> 
  custom:scripting/monoscript/fileName/FreeType.cs: b7c0590afcfd5ecd906dccabd882eaaf -> 
  custom:scripting/monoscript/fileName/UIAtlasMaker.cs: f5d627f0300584a9992a401e9c884f80 -> 
  custom:scripting/monoscript/fileName/PlayGamesLocalUser.cs: 9045fc915278ce40a01ceb6cb6ffa7e7 -> 
  custom:scripting/monoscript/fileName/UIDragCamera.cs: 62e252121bf8f670211bb40b090b8d8c -> 
  custom:scripting/monoscript/fileName/EditModeLauncherContextSettings.cs: d1e413330d98a9101237ccbe91f95dea -> 
  custom:scripting/monoscript/fileName/UnityWorkItemDataHolder.cs: 94e44d74f673f889418b2b9926b6615c -> 
  custom:scripting/monoscript/fileName/PlatformSpecificSetup.cs: 0a7f9c0b27ae370d8bd5d3df4916ae28 -> 
  custom:scripting/monoscript/fileName/PlayerQuitHandler.cs: b4085dee8fd70ae04ac96945fafed489 -> 
  custom:scripting/monoscript/fileName/CachingTestListProvider.cs: bfcb79acce43a93633071168c814d063 -> 
  custom:scripting/monoscript/fileName/Symbols.cs: 27613575e8bda8a6448f80ff27c488f9 -> 
  custom:scripting/monoscript/fileName/IPostBuildCleanup.cs: 8d43f6dbc44addb43106f91d15047771 -> 
  custom:scripting/monoscript/fileName/ExitCallbacks.cs: 716173503afdef0ae4c4023adba1972e -> 
  custom:scripting/monoscript/fileName/AsyncOperation.cs: 90647cc400823b41df847a6cbfc29026 -> 
  custom:scripting/monoscript/fileName/CommandLineOption.cs: 211f73ad4421274a5a418608b74cc839 -> 
  custom:scripting/monoscript/fileName/VersionPair.cs: 88b4a0b7e953537f26ded0a68cf4c238 -> 
  custom:scripting/monoscript/fileName/TweenHeightEditor.cs: 8e754199c964d806aa2caf0bd6c809bd -> 
  custom:scripting/monoscript/fileName/PlaymodeTestsControllerSettings.cs: 90cec9ec9d50d9e797d7b80fa88b49ed -> 
  custom:scripting/monoscript/fileName/ICallbacksHolder.cs: 790e89a97c8150c3044e584386d3ba9a -> 
  custom:scripting/monoscript/fileName/Logger.cs: 6c47204b9fd949d7c4c60eac633cb240 -> 
  custom:scripting/monoscript/fileName/UnityPlatformAttribute.cs: e79555e200698f1b55c6c54851cd369e -> 
  custom:scripting/monoscript/fileName/FileIOProvider.cs: c6be7d53b71e2f5ee2ecc596b7a7eb95 -> 
  custom:scripting/monoscript/fileName/UICreateWidgetWizard.cs: f6fcb5de3b5378f74a96c101307b2287 -> 
  custom:scripting/monoscript/fileName/PlayerLauncher.cs: c1129f48ad00377c128c470482bb7e8e -> 
  custom:scripting/monoscript/fileName/UnityCombinatorialStrategy.cs: e857e6faada8b59173cb249a8a6be6fa -> 
  custom:scripting/monoscript/fileName/UI2DSpriteEditor.cs: 3fb9768dc6802b3b4a7930dc78afa73c -> 
  custom:scripting/monoscript/fileName/ImmediateEnumerableCommand.cs: 89dd27d23dccf969b99d79611e8fed9a -> 
  custom:container-demuxer-ogg: 62fdf1f143b41e24485cea50d1cbac27 -> 
  custom:scripting/monoscript/fileName/SdkStyleProjectGeneration.cs: bbd8a39d16aad1a0b8d5240b1f43f4a4 -> 
  custom:scripting/monoscript/fileName/PrebuildSetupTask.cs: a4e888a510b1441a257b12183e59237b -> 
  custom:scripting/monoscript/fileName/UISliderEditor.cs: 4441b536e14f4147ff2d4af73dedcd2a -> 
  custom:scripting/monoscript/fileName/TestStarter.cs: d1bc3fba65bb4735afc3828355ea6c72 -> 
  custom:scripting/monoscript/fileName/GPGSDocsUI.cs: 705e49df51da94d0c953d8fe3e0f8001 -> 
  custom:scripting/monoscript/fileName/UIDrawCallInspector.cs: 359616bdc2ab425ce446d8a220e42d2e -> 
  custom:scripting/monoscript/fileName/TweenScale.cs: f2b02a0768010ca500d463b9068e5cd3 -> 
  custom:scripting/monoscript/fileName/ApplePlatformSetup.cs: 0ceeffeb4378c50fe08ff9b5d16a73f3 -> 
  custom:scripting/monoscript/fileName/Cloud.cs: 4002f15ca028c74791216b8484dc14be -> 
  custom:scripting/monoscript/fileName/UnexpectedLogMessageException.cs: a7bbf32861c66018271b093fc1d1061b -> 
  custom:AudioImporter_EditorPlatform: d09bf68614088b80899f8185d706f6e7 -> 
  custom:scripting/monoscript/fileName/EnumerableSetUpTearDownCommand.cs: 16b603dbb9724508977696171a42991f -> 
  custom:scripting/monoscript/fileName/PluginVersion.cs: f2f7d8279b922a92d52d004c8b6724f5 -> 
  custom:scripting/monoscript/fileName/CardSlot.cs: c307676f29adc43a66beb8621afc30e0 -> 
  custom:scripting/monoscript/fileName/RerunCallback.cs: ffe49cf602017087ffa7749d06513ace -> 
  custom:scripting/monoscript/fileName/CoroutineRunner.cs: 846507eaccf9841c799a02861e075d47 -> 
  custom:scripting/monoscript/fileName/UISoundVolume.cs: 982f1c204d222800f1236dbe43bb8ad0 -> 
  custom:scripting/monoscript/fileName/EnumerableTestMethodCommand.cs: 9040b48595c4d63d6c1126d81d3f1105 -> 
  custom:scripting/monoscript/fileName/UILabel.cs: 3020631aca05ae97ebc18b2cec44f76f -> 
  custom:scripting/monoscript/fileName/UIForwardEvents.cs: 5451434ddc8c685fe01572d8ff4f16cb -> 
  custom:scripting/monoscript/fileName/CommonTypes.cs: 60dc8a0e07d863d523b691764a3213ea -> 
  custom:scripting/monoscript/fileName/PropertyReferenceDrawer.cs: 3db96870517289c91130d9364657501c -> 
  custom:scripting/monoscript/fileName/ConstructDelegator.cs: c271ca33e5434ac87e82546dd149c303 -> 
  custom:scripting/monoscript/fileName/DummyClient.cs: d06457f579622d5ee55c8bdb0a05ee67 -> 
  custom:scripting/monoscript/fileName/TweenFill.cs: 5f10def1f15341f6a8867159b3ef8d1c -> 
  custom:scripting/precompiled-assembly-types:Google.JarResolver: df0f221c4485c33ea69649239d6744a2 -> 
  custom:scripting/monoscript/fileName/EditorCompilationInterfaceProxy.cs: 12bc7b3dd0ab2ff83629d76ca37d0d4d -> 
  custom:scripting/monoscript/fileName/PlayGamesClientFactory.cs: 6decc7e06b28b64e5bcb77e0ca83cf96 -> 
  custom:scripting/monoscript/fileName/ActiveAnimationEditor.cs: 34d113f49af27a7dd1cbdec0d69d239c -> 
  custom:scripting/monoscript/fileName/UIGeometry.cs: aaec24af1fa5e17fffd91b4166f03af5 -> 
  custom:scripting/monoscript/fileName/UI2DSprite.cs: a547c4afec91ff2e7e380d908e0757a7 -> 
  custom:scripting/monoscript/fileName/AndroidTaskUtils.cs: fad394034cf593abfad08b9b56ca1bf1 -> 
  custom:CustomObjectIndexerAttribute: 9a22284fe3817be447336de3de66b15e -> 
  custom:scripting/monoscript/fileName/TestResultAdaptor.cs: fb4db3971d5379750cda884e7e44e3e4 -> 
  custom:scripting/monoscript/fileName/PlayerLauncherTestRunSettings.cs: ac04d6a6a9c6380f318071a2f4da8a2f -> 
  custom:scripting/monoscript/fileName/TestListTreeViewDataSource.cs: 153f0d5d9a6099f80f6d26e9c0ad6b7d -> 
  custom:scripting/monoscript/fileName/TestRunCallbackAttribute.cs: c61459d4a70eab5bd767d5a1f82f55d8 -> 
  custom:scripting/monoscript/fileName/PostBuildCleanupAttribute.cs: 71391ff444f943d9ad8dd0d42b7ac81f -> 
  custom:scripting/monoscript/fileName/UnityLogCheckDelegatingCommand.cs: 410acedf83a5c4e9d5a212b5635d0c88 -> 
  custom:scripting/monoscript/fileName/PlayGamesHelperObject.cs: c10c45392870dd1d957c11994e8b81f3 -> 
  custom:framework-win-MediaFoundation: 216162199b28c13a410421893ffa2e32 -> 
  custom:scripting/monoscript/fileName/UIDrawCall.cs: 2bea9a6f7468ddd9b6f5795ccb24533d -> 
  custom:scripting/monoscript/fileName/TestPlayerBuildModifierAttribute.cs: d4ffc53911ef24dec9dc901e0444a77b -> 
  custom:scripting/monoscript/fileName/Achievement.cs: 60d0ae0afd3e93570982eda07eaec834 -> 
  custom:scripting/monoscript/fileName/ITestListCache.cs: 93f202374a8dd6602503d990ab2feb72 -> 
  custom:scripting/monoscript/fileName/BMFont.cs: 5d81f803d8c16b3e4b35f4caf6e85d9f -> 
  custom:scripting/monoscript/fileName/StacktraceFilter.cs: 2f4728b5b8f653bd2197ec8c4b722e7d -> 
  custom:scripting/monoscript/fileName/EventDelegate.cs: 909fb0779953229957f4718ab3ad2bbd -> 
  custom:scripting/monoscript/fileName/CommandLineOptionSet.cs: 57b6c3812f217f48a5cedf066a216cfd -> 
  custom:scripting/monoscript/fileName/PinKeyboard.cs: 171cbdf35a4432d968a9f4ab05853145 -> 
  custom:scripting/monoscript/fileName/NGUISettings.cs: 9c99bf135a611e796eaf335d133d936a -> 
  custom:scripting/monoscript/fileName/TestTreeData.cs: 1859d24be324d8fb87ab0c693d76d928 -> 
  custom:scripting/monoscript/fileName/ITestRunCallback.cs: 7d90e4d27cccfe89ef24a93578e15a74 -> 
  custom:scripting/monoscript/fileName/ActionDelegator.cs: f2eb6c2fd33630cfdd6d3183b4a2ca3f -> 
  custom:scripting/monoscript/fileName/Vector3EqualityComparer.cs: 1c8652cac1f220d6409ab1ba3f211615 -> 
  custom:scripting/monoscript/fileName/TweenScaleEditor.cs: ba8f4693282c0200f0d11a3d8272d48a -> 
  custom:scripting/precompiled-assembly-types:nunit.framework: de9c6147ae45b4e3446d0e562fb3bbe3 -> 
  custom:scripting/monoscript/fileName/ITestRunnerApiMapper.cs: 337d02b691c8103d2eedc6b52f4f76ab -> 
  custom:scripting/monoscript/fileName/RerunCallbackInitializer.cs: a2ca4a4e4bb070fd30ec377e61ed66cb -> 
  custom:scripting/monoscript/fileName/LogAssert.cs: 195ab501c85f741ece9ac8b49385dcce -> 
  custom:scripting/monoscript/fileName/IEditorAssembliesProxy.cs: 8586f95fda82b1fa948b8ac0ebb50a9d -> 
  custom:scripting/monoscript/fileName/UIToggle.cs: d815fdf0cb10f9d513c613a1da067cc6 -> 
  custom:scripting/monoscript/fileName/ConnectionResponse.cs: 2ca105c2e2ecc02b07715437ed5818b5 -> 
  custom:scripting/monoscript/fileName/SettingsBuilder.cs: 9aeeee75a181ed82e0343a1fb6b9cead -> 
  custom:scripting/monoscript/fileName/UIDrawCallViewer.cs: 9c1f583ce208c5f4917b1ad787a7a21e -> 
  custom:scripting/monoscript/fileName/ICallbacks.cs: a9c5fd289272fce7e09c7f3e5f11b8a0 -> 
  custom:scripting/monoscript/fileName/UIStretchEditor.cs: 2e407f51924f143d73f191e55354177f -> 
  custom:scripting/monoscript/fileName/TweenWidth.cs: d7ba5de24abc921cf547c4ccc5f9ed3d -> 
  custom:scripting/monoscript/fileName/SetupException.cs: 38724dd55c58f65b09d9fda4b6161021 -> 
  custom:scripting/monoscript/fileName/AndroidPlatformSetup.cs: 67d5fa212608c900d88b1544a5f49997 -> 
  custom:scripting/monoscript/fileName/PrebuildSetupAttributeFinder.cs: 1f975f3a70c8f9747da919735d84e6c3 -> 
  custom:scripting/monoscript/fileName/ILogScope.cs: e99dd640a2ac2c8b1c0c97725f23440d -> 
  custom:scripting/monoscript/fileName/IEditorLoadedTestAssemblyProvider.cs: cbb3f715010afa8cd4f0f40294bb78ba -> 
  custom:scripting/monoscript/fileName/TestListCacheData.cs: 295232838ed90f85679b2d004562d59e -> 
  custom:scripting/monoscript/fileName/UITweener.cs: 1d0f6b6e26dcfbcdc667e17a07004fc9 -> 
  custom:scripting/monoscript/fileName/UnityInstallation.cs: 0ba30d4545f2c34a9323456723b5dbfe -> 
  custom:scripting/monoscript/fileName/ITestListCacheData.cs: 09682e3e03141d9f43100cdaff3665eb -> 
  custom:scripting/monoscript/fileName/ScriptingRuntimeProxy.cs: 19d9ac4d844404a0464698120ed39275 -> 
  custom:scripting/monoscript/fileName/NGUIJson.cs: f28e3154ba52396753d2807aa8278b2f -> 
  custom:scripting/monoscript/fileName/AssemblyNameProvider.cs: 79a56fbd4fb93531a5e76fae2fee1660 -> 
  custom:scripting/monoscript/fileName/SavedGameMetadataUpdate.cs: bc1e6a84bf3859de501fc0126ebbd2ae -> 
  custom:scripting/monoscript/fileName/SolutionProjectEntry.cs: 68cea09e9af09443edf61e18806ac1c2 -> 
  custom:scripting/monoscript/fileName/Card.cs: da364723676a1e7dac174f763723da16 -> 
  custom:scripting/monoscript/fileName/Is.cs: 6922f89182cd28e32ba48e34cda7947d -> 
  custom:scripting/monoscript/fileName/Md5.cs: 4934954178e81299d08be98be9d3e58f -> 
  custom:scripting/monoscript/fileName/AndroidJavaConverter.cs: b252278e034df37a3db7790062246ac8 -> 
  custom:scripting/monoscript/fileName/MinMaxRangeAttribute.cs: 4318a46eb832123ace03944ec5e619e5 -> 
  custom:scripting/monoscript/fileName/NearbyConnectionUI.cs: 2081fa82bc293409895cb453499f6de8 -> 
  custom:scripting/monoscript/fileName/SelectButton.cs: 046f2dd5e0479ab39676ad59af580a51 -> 
  custom:scripting/monoscript/fileName/TestListProvider.cs: f8235933605b6a025c9638df0194bf97 -> 
  custom:scripting/monoscript/fileName/TestEnumeratorWrapper.cs: 3e969f8448dc5644f60fbcb6f1badbcb -> 
  custom:scripting/monoscript/fileName/ITestListProvider.cs: 0169c532d74787e64cd4163cd55d4572 -> 
  custom:scripting/monoscript/fileName/UIButtonActivate.cs: f5e1a22be5a8fc4b9751d7be30520225 -> 
  custom:scripting/monoscript/fileName/UIImageButton.cs: 6dc7b28ea91bb828fbe7cd9d5fe662ed -> 
  custom:scripting/monoscript/fileName/VisualStudioEditor.cs: 21e59f688ad500ab61aca318850ec505 -> 
  custom:scripting/monoscript/fileName/GameButton.cs: ec41d5d8533a954170cacb0aaa250526 -> 
  custom:scripting/monoscript/fileName/UIProgressBar.cs: 494b4fcfecd9856396abaf5d8d535cc9 -> 
  custom:scripting/monoscript/fileName/ViewBase.cs: d9c88af255177ebec5b4ef2e56852d3a -> 
  custom:scripting/monoscript/fileName/AllocatingGCMemoryConstraint.cs: 8b2ed7fbfb529ba318fb8425f7a81278 -> 
  custom:scripting/monoscript/fileName/TestListGUIBase.cs: 24d4809a020104916f1cbf5b523f10ca -> 
  custom:scripting/monoscript/fileName/UISpriteInspector.cs: 6d9127970341bf438dc27bb31ad9a049 -> 
  custom:scripting/monoscript/fileName/TweenPanel.cs: 1cc3a27568b273b636a2069efc2c7ae0 -> 
  custom:scripting/monoscript/fileName/WindowResultUpdaterDataHolder.cs: 2de8ba1615f5d28c30d54411d42e2524 -> 
  custom:scripting/monoscript/fileName/NGUISelectionTools.cs: 63cd8b699413c190098f4a8a70c4cf44 -> 
  custom:scripting/monoscript/fileName/TestExtensions.cs: 8e47deac44d7b87eaa5df5d00556dc15 -> 
  custom:scripting/monoscript/fileName/LogWriter.cs: 89105d9cfbe59e79a996dde998b3e7ff -> 
  custom:scripting/monoscript/fileName/LegacyPlayModeRunTask.cs: 8a159c990fea520d0af36b86d243e79e -> 
  custom:scripting/monoscript/fileName/UIButtonEditor.cs: bc1c4547170d54012c25654de57ae43b -> 
  custom:scripting/monoscript/fileName/UIButtonKeysEditor.cs: a39491ecd4f3282f2d7a242eee984812 -> 
  custom:scripting/monoscript/fileName/UISavedOption.cs: 2b48315035ef4f32247bf27267b7c640 -> 
  custom:scripting/monoscript/fileName/AttributeHelper.cs: dcab3630cb119e1a5f7f9c7b24677e49 -> 
  custom:scripting/monoscript/fileName/TweenPosition.cs: cba3475fb0106a3e605ae8baa0c4a64c -> 
  custom:scripting/monoscript/fileName/TestRunCanceledException.cs: ff7dc6bce365deb50fafe94b823009cb -> 
  custom:scripting/monoscript/fileName/UIScrollViewEditor.cs: 20fe27f8a94a3018a417940c6c01926e -> 
  custom:scripting/monoscript/fileName/ISettingsBuilder.cs: af84c62ea6a033820a24a2d04c70d5c3 -> 
  custom:scripting/monoscript/fileName/NGUIEditorExtensions.cs: f5d80a3d5296de6aa3a5dfa39d35dabf -> 
  custom:scripting/monoscript/fileName/UnityWorkItem.cs: ce02ef2c77c866afeb6c04a89a364a8a -> 
  custom:scripting/monoscript/fileName/GamesServicesClient.cs: 3c8fdb130d60962f80824bd82a66d074 -> 
  custom:scripting/monoscript/fileName/PlayerConnectionMessageIds.cs: 2e4b7265f0eeb40e1260d00fe6e4614e -> 
  custom:scripting/monoscript/fileName/UISprite.cs: 81bb09df372ee90fbaa6a4ae151be4a9 -> 
  custom:scripting/monoscript/fileName/RenderingOptions.cs: a84cebfad0b53e3dbf0202be3cc1d6d3 -> 
  custom:scripting/monoscript/fileName/NGUIHelp.cs: dfdf1be2a7d6f51dbf52c4e77c35fc33 -> 
  custom:scripting/monoscript/fileName/UI2DSpriteAnimation.cs: 35002154db25bac1799260a524ac8b3d -> 
  custom:scripting/monoscript/fileName/TestCommandBuilder.cs: bf61faf29c0aea0c4e5d4ac76abaee13 -> 
  custom:scripting/monoscript/fileName/TweenAlpha.cs: d1b9d8db043421cf65be4e027d838d5f -> 
  custom:scripting/monoscript/fileName/WorkItemFactory.cs: d8b2e380888ccc980a475a01f04d7a45 -> 
  custom:scripting/monoscript/fileName/ITestResultAdaptor.cs: bb9e1bbb2ff45e5a5f11e877a24721d7 -> 
  custom:scripting/monoscript/fileName/VisualStudioInstallation.cs: 41612f13db7783c8635801ab159c1079 -> 
  custom:scripting/monoscript/fileName/PlayGamesLeaderboard.cs: 730c3ea3933e6af731b0240ae5d085ff -> 
  custom:scripting/monoscript/fileName/UnityTestExecutionContext.cs: 4c0ef8e8d96fc20b3ec58c9447d6ec92 -> 
  custom:scripting/monoscript/fileName/InvalidSignatureException.cs: f250eccc836ee674127ecdee41f7a4ea -> 
  custom:scripting/monoscript/fileName/AndroidTokenClient.cs: 99656452a419d4b9b57b4150736630c2 -> 
  custom:scripting/monoscript/fileName/IAssetsDatabaseHelper.cs: 4f8027cddf715e38f75ab454f20fe051 -> 
  custom:scripting/monoscript/fileName/LogSavingCallbacks.cs: 8eb93b3e2c76ea1a8acb6e2d0b5c5f91 -> 
  custom:scripting/monoscript/fileName/TokenClient.cs: 70b874cefbfed45f540a516eab539a9e -> 
  custom:scripting/monoscript/fileName/Vector2ComparerWithEqualsOperator.cs: 1851f392f974d4a42efb0de68a402e9b -> 
  custom:scripting/monoscript/fileName/UIAtlasInspector.cs: 1781ef79fcfa379b889e17d445a4e402 -> 
  custom:scripting/monoscript/fileName/ITestAdaptorFactory.cs: 0cef1125679c38dd172e82c8aed26eb9 -> 
  custom:scripting/monoscript/fileName/UIDragDropItem.cs: 0c50c466c56f782eb40c8fbb496e1441 -> 
  custom:scripting/monoscript/fileName/UnitySetUpAttribute.cs: 78bcd37bf54751e70200df4ae24f405b -> 
  custom:scripting/monoscript/fileName/VisualStudioForWindowsInstallation.cs: 468ed6fb57813d3de23aa53f5f59c2eb -> 
  custom:scripting/monoscript/fileName/NGUITransformInspector.cs: c6bf81d92f0aa23fe074e3b96827c60c -> 
  custom:scripting/monoscript/fileName/UIDragResize.cs: e9215969dfc29f196e082913421f4352 -> 
  custom:scripting/monoscript/fileName/UISlider.cs: 80bdd566a8f50a1cd058945a257bf451 -> 
  custom:scripting/monoscript/fileName/TestListJob.cs: 3a58b9c1d09f7f4ecb41254c8497b5c7 -> 
  custom:scripting/monoscript/fileName/RestoreTestContextAfterDomainReload.cs: 3f8ddcbc7c316ccf5012287995780eb2 -> 
  custom:scripting/monoscript/fileName/AssemblyWrapper.cs: 888ba979193ec837feef9add74101219 -> 
  custom:scripting/monoscript/fileName/UIPlayTweenEditor.cs: 8023ec336d89aa63566b77eaebd2743c -> 
  custom:scripting/monoscript/fileName/SwitchPlatformSetup.cs: 576de741bbd585688af4b8aaf70f0708 -> 
  custom:scripting/monoscript/fileName/TypewriterEffect.cs: fd37fa138c3ed90a82f3c1def6552d96 -> 
  custom:scripting/monoscript/fileName/NGUIMenu.cs: abaf246d79b4fd46b9b3dfab261a4cf1 -> 
  custom:scripting/monoscript/fileName/TestFinishedMessage.cs: ccd3538dc4059cd71acd9bfea48dbc80 -> 
  custom:scripting/monoscript/fileName/RemoteTestResultDataWithTestData.cs: bcf701fb298ed6f8cab894b203300c37 -> 
  custom:scripting/monoscript/fileName/Storage.cs: bed7cd374cd2f27831e315b7f47ee677 -> 
  custom:scripting/monoscript/fileName/PlayerLauncherContextSettings.cs: 3c0a34dce28ade8f88b3e213fadb0738 -> 
  custom:scripting/monoscript/fileName/WindowResultUpdater.cs: 605812b0e2a9a0174e15ed86a3d5ac57 -> 
  custom:scripting/monoscript/fileName/PlayerProfile.cs: eaedd008867e17d93ba2b97779ebd7cf -> 
  custom:scripting/monoscript/fileName/UISpriteAnimationInspector.cs: 96224beb6b511679e38c2c96dfa093e6 -> 
  custom:scripting/monoscript/fileName/UIButtonRotation.cs: 22a61728611fb39b738a07c156acc369 -> 
  custom:scripting/monoscript/fileName/UIPanel.cs: 9f16c05ce05ad3a4a2de4d5674012331 -> 
  custom:scripting/monoscript/fileName/BeforeAfterTestCommandBase.cs: 90647cc400823b41df847a6cbfc29026 -> 
  custom:scripting/monoscript/fileName/TestRunnerResult.cs: 613fb3e1dfef14aa9d5aea2cd635ffff -> 
  custom:scripting/monoscript/fileName/Vector4ComparerWithEqualsOperator.cs: 982db4358832ddfb456522b96543f1da -> 
  custom:scripting/monoscript/fileName/EditModeRunner.cs: f1ceb581ae48e42ca32e80f796ce45bc -> 
  custom:scripting/monoscript/fileName/UIEventListener.cs: 7626b08ee50867678c5a82ecbeb86b04 -> 
  custom:scripting/monoscript/fileName/ConstraintsExtensions.cs: 89e01f1f8de15d891db3bad70117d924 -> 
  custom:scripting/monoscript/fileName/Vector2EqualityComparer.cs: 4ac8b0db10bbdb7ea68d4be944c5b941 -> 
  custom:scripting/monoscript/fileName/NearbyConnectionClientFactory.cs: 9a529d7823fa4d5f482bbdc0557347fc -> 
  custom:scripting/precompiled-assembly-types:UnityEditor.TestRunner: 1b08a5e3d69264f3b8177a3e839577fe -> 
  custom:scripting/monoscript/fileName/LanguageSelection.cs: 246f6670b200e0bd99127dba76294bc2 -> 
  custom:scripting/monoscript/fileName/MinMaxRangeAttributeDrawer.cs: c4b43a9a267615e93143878492bce408 -> 
  custom:scripting/monoscript/fileName/UnityTestTimeoutException.cs: b7ec28ea102309dc20886c45fff1e1b5 -> 
  custom:scripting/monoscript/fileName/UITexturePacker.cs: 53a111a30e9b31a5b6a43e4433078b14 -> 
  custom:scripting/monoscript/fileName/PlayModeRunnerCallback.cs: 6cd874bc3032a6eaf4228f5877b27ba0 -> 
  custom:scripting/monoscript/fileName/CaptureOverlayStateListener.cs: 8963a0d283c8ac78c6b1d7698d98777f -> 
  custom:scripting/monoscript/fileName/ITestTreeRebuildCallbacks.cs: f952713f83d574a58f719696be7e52a3 -> 
  custom:scripting/monoscript/fileName/RunSettings.cs: 6770f3fdaf287e73ff6c63f28a5a7e92 -> 
  custom:scripting/monoscript/fileName/Serializer.cs: 905b7c35427fb9aeef8d2d4a7500e1d3 -> 
  custom:scripting/monoscript/fileName/Profile.cs: 8a860443a61edc7453ef3dd1b0cdb699 -> 
  custom:scripting/monoscript/fileName/SaveModiedSceneTask.cs: 135adac13be698ff4439d6c6268aa5b8 -> 
  custom:scripting/monoscript/fileName/IAssemblyWrapper.cs: 993dbd556e2f14ec6d4f6bce6cb00191 -> 
  custom:scripting/monoscript/fileName/UITestRunnerFilter.cs: a9e31eaec62dd508fa917eadb1c52808 -> 
  custom:scripting/monoscript/fileName/UICreateNewUIWizard.cs: a3a01343bb9d7c65a399518e16c15aa8 -> 
  custom:scripting/monoscript/fileName/Executer.cs: 3f667ef14fa1c500658713b8aa31fd85 -> 
  custom:scripting/monoscript/fileName/UICameraEditor.cs: a6517a0ae7c939bf04f75943ae5b504f -> 
  custom:scripting/monoscript/fileName/UIDragDropRoot.cs: 112a97c46b67dfff37c3103475acb774 -> 
  custom:scripting/monoscript/fileName/NGUIDebug.cs: 1e3fa802078bac2c988b630d05874bc8 -> 
  custom:scripting/monoscript/fileName/EnumeratorStepHelper.cs: 05022a723dcf173476ccb43403871168 -> 
  custom:scripting/monoscript/fileName/FullNameFilter.cs: 7c49c279cb0d631ca64d8b7d70065d9c -> 
  custom:scripting/monoscript/fileName/AssetPipelineIgnore.cs: 09786e27e9aef22fa608d3ec356f88ff -> 
  custom:scripting/monoscript/fileName/UwpPlatformSetup.cs: b9f50f93de5f547a7eaf96f1bc58a80f -> 
  custom:scripting/monoscript/fileName/UITextureInspector.cs: 90538f3ac43b879bbca024b380b5981c -> 
  custom:scripting/monoscript/fileName/EnumerableApplyChangesToContextCommand.cs: c2aa6cedc66892dd581c50a4d9b6a147 -> 
  custom:scripting/monoscript/fileName/UnhandledLogMessageException.cs: fa6ee6fe2a221a71f213304ae56898c7 -> 
  custom:scripting/monoscript/fileName/Icons.cs: d200e454d3abc3ae715b656f39ed7d9c -> 
  custom:scripting/monoscript/fileName/UIButtonMessageEditor.cs: c68798a6b45e4bf50525622c070e627a -> 
  custom:scripting/monoscript/fileName/RecompileScripts.cs: 73e345449efb1420f34aad9debcdf2bd -> 
  custom:scripting/monoscript/fileName/PlayGamesUserProfile.cs: b3668856aca011e743f4a7d60fa395fd -> 
  custom:scripting/monoscript/fileName/FileCleanupVerifierTaskBase.cs: 8c0e90b329ac988e22429767c222f3c6 -> 
  custom:scripting/precompiled-assembly-types:Assembly-CSharp: 54e543295d3ad04b91d4c2d99070f6f5 -> 
  custom:scripting/monoscript/fileName/PlaymodeWorkItemFactory.cs: 8bb2d7c0ad22b08cf17b1748007ae8c3 -> 
  custom:scripting/monoscript/fileName/PlayerTestAssemblyProvider.cs: cbdd04f669e4e0054bad4f9d3133a10c -> 
  custom:scripting/monoscript/fileName/PrebuildSceneSetupAttribute.cs: 7863da9f66129a3cef8eac0a1f19b990 -> 
  custom:scripting/monoscript/fileName/NearbyHelperObject.cs: ccf41a75cd0cb7900daafc814c343a44 -> 
  custom:scripting/monoscript/fileName/RemoteTestData.cs: 51ba1ddd57fb71948e60067806b9cfcd -> 
  custom:scripting/monoscript/fileName/StadiaPlatformSetup.cs: 27e00e91e04b4888c1d6354fa4baa6a5 -> 
  custom:scripting/monoscript/fileName/PlayGamesClientConfiguration.cs: cbda80d08c4fad2108cf8d499a4ce6cd -> 
  custom:scripting/monoscript/fileName/TestSettingsDeserializer.cs: 2daa2d89ea5f024d33cb1e72a3d35d63 -> 
  custom:scripting/monoscript/fileName/DebugConsole.cs: d53a29466497d1f9fd76c5bde3b40738 -> 
  custom:scripting/monoscript/fileName/AES.cs: 34df2ff42e08a5051480297ceee97ceb -> 
  custom:scripting/monoscript/fileName/EditModeTestListGUI.cs: 8831f0ca2dcd13614282b516af72c688 -> 
  custom:scripting/monoscript/fileName/TestResultSerializer.cs: b75c8de5ed0cf8b4071350488249260d -> 
  custom:scripting/monoscript/fileName/Messenger.cs: f4ebc46d09b2b4de489946914db2aae0 -> 
  custom:scripting/monoscript/fileName/IUtpLogger.cs: 1b41334d9fc4fd5edb024e0bd2a6db56 -> 
  custom:scripting/monoscript/fileName/Engine.cs: d0617207605a88be881b15ef18306b04 -> 
  custom:scripting/monoscript/fileName/DelayedCallback.cs: e88c5396d33adcd6404b4cb8a051b2b1 -> 
  custom:scripting/monoscript/fileName/UIToggledComponents.cs: 09c45d9d47ddf34196a0ee07722cb8e8 -> 
  custom:scripting/monoscript/fileName/UIRectEditor.cs: 2d20bdb8a5e58c77d358363fa4527028 -> 
  custom:scripting/monoscript/fileName/TcpListener.cs: 940bfdac0e91ad2884e6359468f2782a -> 
  custom:scripting/monoscript/fileName/TestRunnerWindow.cs: 156fc89bab7bdd82ca70e07c9aa9ebbd -> 
  custom:scripting/monoscript/fileName/GPGSProjectSettings.cs: f428214e4ec8abb7d5ea4bd8a06d1f8e -> 
  custom:scripting/monoscript/fileName/OrderedTestSuiteModifier.cs: 6a8006d91a7636d39c6731494060c3c2 -> 
  custom:scripting/monoscript/fileName/UIAtlas.cs: 160e4161d9df00b79bd59efee5b117c9 -> 
  custom:scripting/monoscript/fileName/TweenAlphaEditor.cs: f739fb8f5f2ebc28db06228f3e9237e1 -> 
  custom:scripting/monoscript/fileName/UtpMessageReporter.cs: 1ce82c57220e51532d6b3e5da0cecc24 -> 
  custom:scripting/monoscript/fileName/RotationHelper.cs: 87beb2da9498fa31188911229394eeb0 -> 
  custom:scripting/monoscript/fileName/GUIDProvider.cs: e95f79fad3d1354cc56eebd7db9ee6a3 -> 
  custom:scripting/monoscript/fileName/BeforeAfterTestCommandState.cs: b5335096b805e070d1c48ec9209e057d -> 
  custom:scripting/monoscript/fileName/SpringPosition.cs: b0b8b44fff9e06660f73d7c0bfd9ac82 -> 
  custom:scripting/monoscript/fileName/VideoCapabilities.cs: 9c624cbed443e8220c35d5da43eec58e -> 
  custom:scripting/monoscript/fileName/DefaultTestWorkItem.cs: f906b4fb5b78cb9d23a07212620919d9 -> 
  custom:scripting/monoscript/fileName/NGUISnap.cs: 8c2d7d4e091cbd83fdc9c9342cdd7b48 -> 
  custom:scripting/monoscript/fileName/ColorHelper.cs: 438028ff52c89509f38281463b74fa11 -> 
  custom:scripting/monoscript/fileName/AndroidHelperFragment.cs: 1f2e058b49a85946b8a25a4bff14ddeb -> 
  custom:scripting/monoscript/fileName/UIFontMaker.cs: 2d035cfd176aa128b5ce592f25967691 -> 
  custom:scripting/monoscript/fileName/TestRunnerApiMapper.cs: 241489454095fad1d1d89166ee62820f -> 
  custom:scripting/monoscript/fileName/UIButtonOffset.cs: 9ae3f8fb22cad69339f6c14dd6693c56 -> 
  custom:scripting/monoscript/fileName/TestTreeViewBuilder.cs: 6ec2bdd7d75f4f5e0b3318e1489ac19d -> 
  custom:scripting/monoscript/fileName/UIPanelTool.cs: 15ddff5ad7832c305266609b6f47e2e0 -> 
  custom:scripting/monoscript/fileName/Message.cs: 671a789acb2c7a93d0b620fe02979957 -> 
  custom:scripting/monoscript/fileName/LegacyPlayerRunTask.cs: 148e0500b0761261bc418d25c26e82b1 -> 
  custom:scripting/monoscript/fileName/UIWrapContentEditor.cs: 276b33b4b9abc0224f01648a8bf0c4ad -> 
  custom:scripting/monoscript/fileName/UIGrid.cs: 9be26f8db7d711689a46a4bf454f11d5 -> 
  custom:scripting/monoscript/fileName/SolutionParser.cs: 240a75b5fc2682997268aa77e6a1dd86 -> 
  custom:scripting/monoscript/fileName/UIColorPickerEditor.cs: 31d20128f82a847fabc3f6b195cb29ab -> 
  custom:scripting/monoscript/fileName/Base64.cs: 3334fc9c177af7e29943d254bb32b196 -> 
  custom:scripting/monoscript/fileName/UIKeyNavigationEditor.cs: c85ddc0742989cddcb8d0c0d8b822bb4 -> 
  custom:scripting/monoscript/fileName/ProtectedValue.cs: 16d4dfc5971bbee60844fc92cb049f3b -> 
  custom:scripting/monoscript/fileName/TweenRotationEditor.cs: 64662ea41fcbb8c5982b7d3af1c7470c -> 
  custom:scripting/monoscript/fileName/NearbyConnectionConfiguration.cs: 37b22c38ad06f22daaffc0fe47f0dd07 -> 
  custom:scripting/monoscript/fileName/UIProgressBarEditor.cs: 027c84350dfdc51f2c7bf3d5a1208668 -> 
  custom:scripting/monoscript/fileName/BuildTestTreeTask.cs: ca4a5380bc07f43d0ad6bc5c2ca39b4b -> 
  custom:scripting/monoscript/fileName/UITexture.cs: 1d7d0730a68285c89aeb639b92c62e03 -> 
  custom:scripting/monoscript/fileName/ICallbacksDelegator.cs: 2bfa822de05a601b9fbe2f79d4d317c0 -> 
  custom:scripting/monoscript/fileName/TweenPositionEditor.cs: fe1fc199afcd3d50b752c4f8f16e4f37 -> 
  custom:scripting/monoscript/fileName/LogScope.cs: a032a8edefa3a04276b9f24e5047f2ac -> 
  custom:scripting/monoscript/fileName/SpriteSelector.cs: 3805059da03bf6e8759999b08df3b0bc -> 
  custom:scripting/monoscript/fileName/Vector3ComparerWithEqualsOperator.cs: c497cde63ec72672e5f69e70b932688f -> 
  custom:scripting/monoscript/fileName/UISnapshotPoint.cs: ea62a7a7d1c35b2adbd7eb84d5031564 -> 
  custom:scripting/monoscript/fileName/TestListGuiHelper.cs: 6d40eb061ebdba07e078b90b14eadffd -> 
  custom:container-demuxer-webm: 4f35f7cbe854078d1ac9338744f61a02 -> 
  custom:scripting/monoscript/fileName/IGuiHelper.cs: da57d3fb0f8ace42d5b01eed25e9e3d5 -> 
  custom:scripting/monoscript/fileName/TestAdaptor.cs: 486cec8559bad7c56adc699f165feb67 -> 
  custom:scripting/monoscript/fileName/EditmodeWorkItemFactory.cs: e9c8ba8d2a4b7d9a886e64626b2e6205 -> 
  custom:scripting/monoscript/fileName/TestJobData.cs: 194f4626c5a4649f7b9d85aa9d59e59a -> 
  custom:scripting/monoscript/fileName/TestListenerWrapper.cs: 9bd83ba3a6a675f3c605795064caa62b -> 
  custom:scripting/monoscript/fileName/TestStartedMessage.cs: 2e20a681c83fd9e8634c9b938205f951 -> 
  custom:scripting/monoscript/fileName/AnimatedColor.cs: 91750836901fa45527cebf2c470446fd -> 
  custom:scripting/monoscript/fileName/UISnapshotPointEditor.cs: bbc3a662ad2e27d2bb3e165e173b7781 -> 
  custom:scripting/monoscript/fileName/TestPlanMessage.cs: 6199b0505360321c39d00a607adaaf8d -> 
  custom:scripting/monoscript/fileName/RuntimeTestRunnerFilter.cs: 526247a6af82c71973a55c9c5be36280 -> 
  custom:scripting/monoscript/fileName/AndroidSavedGameClient.cs: cdcaac82abe6dec9df609757cc9ed81b -> 
  custom:scripting/monoscript/fileName/TaskScheduler.cs: d9f18cbf9ef3f2ebb033bf4673b657cf -> 
  custom:scripting/monoscript/fileName/CallbacksDelegator.cs: e0dcdade48f633c0a7cebc925bd686c4 -> 
  custom:scripting/monoscript/fileName/TweenOrthoSize.cs: ab4130486613cfac088d5968c85d34ee -> 
  custom:scripting/monoscript/fileName/TestResultExtensions.cs: 1c512e213c49ce6d72b9d37b957b9372 -> 
  custom:scripting/monoscript/fileName/GPGSPostBuild.cs: 78a9e1706a07088f3a16f5a5223e35eb -> 
  custom:scripting/monoscript/fileName/TcpClient.cs: a949cfd4c46427829913ee0195fa0103 -> 
  custom:scripting/monoscript/fileName/BMGlyph.cs: 6543d0f6c8390165105d129eb1ef4953 -> 
  custom:scripting/monoscript/fileName/LogMatch.cs: fed715ef044674dde53628d58d931b50 -> 
  custom:scripting/monoscript/fileName/ITestSettings.cs: 7d6676128f469c2eefb2813ec592ab4f -> 
  custom:scripting/monoscript/fileName/GameInfo.cs: 07fa963f30736b438b6ae131177e21e5 -> 
  custom:scripting/monoscript/fileName/TestCommandPcHelper.cs: f958b2880473418011bc0cda18245d1e -> 
  custom:scripting/monoscript/fileName/DummyNearbyConnectionClient.cs: 59221e562a8c48562f0c9cb2f1a7c274 -> 
  custom:scripting/monoscript/fileName/VideoCaptureState.cs: 95378a566a2d79db250c843eae350dfb -> 
  custom:scripting/monoscript/fileName/UsageUtility.cs: 5ed3d13206b2b96245ce59a5c83beed1 -> 
  custom:scripting/monoscript/fileName/BetterList.cs: 90647cc400823b41df847a6cbfc29026 -> 
  custom:scripting/monoscript/fileName/RemoteTestResultSender.cs: 2b6acbe484994dc310d0ac406904e742 -> 
  custom:scripting/monoscript/fileName/UIWidgetContainer.cs: 9e358427bbe53be1319f16e3dc4f47e5 -> 
  custom:scripting/monoscript/fileName/ITestRunSettings.cs: a5342276210c7f86635118880184dc77 -> 
  custom:scripting/monoscript/fileName/CallbacksDelegatorListener.cs: f80c4f45fed6816f24285f468af00026 -> 
  custom:scripting/monoscript/fileName/UIFont.cs: d635a9d6080af608e0c469259825c204 -> 
  custom:scripting/monoscript/fileName/Script.cs: 12b9e13c0a7632258c6f1f7e543a5a1c -> 
  custom:scripting/monoscript/fileName/OutOfOrderExpectedLogMessageException.cs: 4ff78bac16cc86124e588c20ad3ddba7 -> 
  custom:scripting/monoscript/fileName/IPlatformSetup.cs: 6f20476898784a15f8b8eb28653a67fd -> 
  custom:scripting/monoscript/fileName/TestTreeViewItem.cs: aae3d62f4daf680133c1c18c7814d15e -> 
  custom:scripting/monoscript/fileName/PlanformDependedSettings.cs: 71932e9b05badb23768c4bcd0ca060d6 -> 
  custom:scripting/monoscript/fileName/TestRunnerWindowSettings.cs: fb70b758f65d0605100dbd9482b7158e -> 
  custom:scripting/monoscript/fileName/IPlayGamesClient.cs: 1ad719d32c31a6809c48b983027e2d07 -> 
  custom:scripting/monoscript/fileName/AssemblyLoadProxy.cs: 0f3a4ee005eb8f7b33161c2ba6196e00 -> 
  custom:container-muxer-webm: aa71ff27fc2769a1b78a27578f13a17b -> 
  custom:scripting/monoscript/fileName/AttributeFinderBase.cs: 7e104530f871143fdb60a169114dd663 -> 
  custom:scripting/monoscript/fileName/B64R.cs: 23e3382cf16a0b7f8b67f4483dfd418d -> 
  custom:scripting/monoscript/fileName/AndroidEventsClient.cs: 8b70cd2b807ca35121dc023fb57e39f7 -> 
  custom:scripting/monoscript/fileName/UIButtonKeys.cs: fb3f3ea5973f0c7e3150cf98be284686 -> 
  custom:scripting/monoscript/fileName/UIShowControlScheme.cs: fcf03e3016607de138868f2393915f83 -> 
  custom:scripting/monoscript/fileName/UIWidgetInspector.cs: 9d556b41c48110503cd35a23f58373e5 -> 
  custom:scripting/monoscript/fileName/ByteHelper.cs: c2d92033faf8b759afcdfaedc70a9509 -> 
  custom:scripting/monoscript/fileName/UITweenerEditor.cs: 33c6ca09e0bf044468c7bb88266e0532 -> 
  custom:scripting/monoscript/fileName/ISavedGameClient.cs: d608dd17c2cf0d77e53d24bf3e80b961 -> 
  custom:scripting/monoscript/fileName/UIPlayAnimationEditor.cs: 2b2d6a04779996dc9ba4f60ba9a87db7 -> 
  custom:scripting/monoscript/fileName/PlayerStats.cs: cea33817bc59207de0a5be12e2f79424 -> 
  custom:scripting/monoscript/fileName/Extensions.cs: 3b5a91ff96ce2c98c5a0e6a4e3d30340 -> 
  custom:scripting/monoscript/fileName/SaveUndoIndexTask.cs: 6e0bcd5f418cf8184993174ac732fff4 -> 
  custom:scripting/precompiled-assembly-types:Google.VersionHandlerImpl: fa759366e6c1067122c591c441b6650c -> 
  custom:scripting/monoscript/fileName/TestResultRenderer.cs: 2e8123de6d2eea4d42efb7a87e150b27 -> 
  custom:scripting/monoscript/fileName/NGUIContextMenu.cs: b320536d70b65ec390b336bb444bb048 -> 
  custom:scripting/monoscript/fileName/SetUpTearDownCommand.cs: 684e5d1c75373405f8a6c9575324286f -> 
  custom:scripting/monoscript/fileName/PlaymodeLauncher.cs: 7559db6722a49842c0446e2fd98b6c97 -> 
  custom:scripting/monoscript/fileName/GPGSAndroidSetupUI.cs: c299773a5712855c9e004184cd15df09 -> 
  custom:scripting/monoscript/fileName/UIAnchor.cs: 18779077bc54816d6b85f01894bd6b39 -> 
  custom:scripting/monoscript/fileName/PlayerLauncherBuildOptions.cs: 39352f62028667e3cc8d13371f828f55 -> 
  custom:scripting/monoscript/fileName/LockBase.cs: 14819b34acbc39b5f06868eb9966dc66 -> 
  custom:scripting/monoscript/fileName/ProcessRunner.cs: 932a2a80cb9a3539199f645deff3c585 -> 
  custom:scripting/monoscript/fileName/WaitForDomainReload.cs: b6033700f0adcf3b23782f04c42e269c -> 
  custom:scripting/monoscript/fileName/ExitCallbacksDataHolder.cs: 2a73f9623aa81becb5d8d11a43747b12 -> 
  custom:scripting/monoscript/fileName/EditorEnumeratorTestWorkItem.cs: b8f886476b7c18f3c1cdeae30ec0c8ea -> 
  custom:scripting/monoscript/fileName/RegisterFilesForCleanupVerificationTask.cs: f18fd2d946c9ea52b8232f47d6d70221 -> 
  custom:scripting/monoscript/fileName/ICommandLineOption.cs: 58da599070a3bdab08afc8355de79ed5 -> 
  custom:scripting/monoscript/fileName/ITestSettingsDeserializer.cs: 22e37de7af2cea07971d0ba87110dad7 -> 
  custom:scripting/monoscript/fileName/AnalyticsReporter.cs: 990f0ccd7dd9ebe56483e30a572c9394 -> 
  custom:scripting/monoscript/fileName/TestEnumerator.cs: 26328e1622cb69ba0b1e01e906e7f65f -> 
  custom:scripting/monoscript/fileName/Localization.cs: 9527f4382a50beee4e5842fef29ca30b -> 
  custom:scripting/monoscript/fileName/UnityTestAssemblyBuilder.cs: 5e02e71819f544263f933dbf6516d49f -> 
  custom:scripting/monoscript/fileName/TestRunnerStateSerializer.cs: 7206f4f1eb4c5991ea76b5c39830dba4 -> 
  custom:scripting/monoscript/fileName/EventDelegateEditor.cs: 09e6bec53aa3b1e6fdfc5d2f2af2ec17 -> 
  custom:scripting/monoscript/fileName/EnumerableRetryTestCommand.cs: b281084796eb91cc19de80f3f2b73a56 -> 
  custom:scripting/monoscript/fileName/UIPopupListInspector.cs: cbd89ecbbe034bc5b98b46f2adb60971 -> 
  custom:scripting/monoscript/fileName/UILocalizeEditor.cs: 765410ffd78f43895874a8e3d650d541 -> 
  custom:scripting/monoscript/fileName/PlayGamesPlatform.cs: d782f6ab2da5137f285f22a6872852b0 -> 
  custom:scripting/monoscript/fileName/GPGSStrings.cs: dd86a8ea956b4282a8ef6d6946ddceef -> 
  custom:scripting/monoscript/fileName/TestAdaptorFactory.cs: b9e4d12260befcd688940e2c80db8ee8 -> 
  custom:scripting/monoscript/fileName/IEnumerableTestMethodCommand.cs: 81260787415c187c9e413e476b816cd2 -> 
  custom:scripting/monoscript/fileName/UtpDebuglogger.cs: 2f96cd7ac1384aa23e8238df80ef8354 -> 
  custom:scripting/monoscript/fileName/UIInputEditor.cs: e30bc66ae70a33a0393f3c9b8d66d729 -> 
  custom:scripting/monoscript/fileName/ActiveAnimation.cs: 3fbbf56e13c4edc0479f4b8117d25877 -> 
  custom:scripting/monoscript/fileName/UIScrollBarEditor.cs: 5d93f4e728d13c66a072b29679973204 -> 
  custom:scripting/monoscript/fileName/UIWidgetContainerEditor.cs: 5d21b074689569c756a1c62572e805f6 -> 
  custom:scripting/monoscript/fileName/ColorEqualityComparer.cs: 9ae684bc4a6b608abc9f7f131bd7cb1d -> 
  custom:scripting/precompiled-assembly-types:UnityEngine.TestRunner: 7a4d96a0696e29157328c6996c3b82c5 -> 
  custom:scripting/monoscript/fileName/UILocalize.cs: 23e462d28611f1083afa5a9e14f30acf -> 
  custom:scripting/monoscript/fileName/TweenLetters.cs: d646d8730a3fe071f9b514555b87849c -> 
  custom:scripting/monoscript/fileName/PlayGamesScore.cs: 8209a8f70c7e9183ce57ac5dd0704cab -> 
  custom:scripting/monoscript/fileName/VisualStudioCodeInstallation.cs: 6b6ec59c4ff0bddfc5db8b3c453d5172 -> 
  custom:scripting/monoscript/fileName/UIPanelInspector.cs: a3be8f974620ff4bd881b12b6d3aacf3 -> 
  custom:scripting/monoscript/fileName/PrefabsHelper.cs: 3ccee458621e53b93253d5eb6e25731e -> 
  custom:scripting/monoscript/fileName/EditModePCHelper.cs: e16a214ddb2d161f4792170cb0c8e6aa -> 
  custom:scripting/monoscript/fileName/AssemblyNameFilter.cs: ce7ef29746fb23841833950bb87cfa6a -> 
  custom:scripting/monoscript/fileName/ExecutionSettings.cs: bbd5f229f5dcda0d2d7d6fe8eb266a59 -> 
  custom:scripting/monoscript/fileName/PropertyBindingEditor.cs: 54b4091e704e8c092dd41aa607d14b33 -> 
  custom:scripting/monoscript/fileName/UIPlayAnimation.cs: 4361c5b88c0dd2eda4a24b082791b8d7 -> 
  custom:scripting/monoscript/fileName/UIToggleInspector.cs: 00d93de17cc7f6bd5f8e0b20d03f0f76 -> 
  custom:scripting/monoscript/fileName/IAsyncTestAssemblyBuilder.cs: d4bd9849c11964145b1082a4b1d477fa -> 
  custom:scripting/monoscript/fileName/LogEvent.cs: 9bf386b9808c16608387e196f7a5e9d6 -> 
  custom:scripting/monoscript/fileName/Deserializer.cs: 1cc72e9ed2428cc6d6ce2d4d2ad7b02b -> 
  custom:scripting/monoscript/fileName/Discovery.cs: 2653aab1b250aaf4e3b996846f31c100 -> 
  custom:scripting/monoscript/fileName/PropertyBinding.cs: ec4c23c83d917186848586b57d7f6747 -> 
  custom:scripting/monoscript/fileName/UIDragObjectEditor.cs: 89fbdf71d495e2fad97741306b5e4480 -> 
  custom:scripting/monoscript/fileName/TweenOrthoSizeEditor.cs: 1cb42f77298c97617452715bf1c88f69 -> 
  custom:scripting/monoscript/fileName/AnalyticsTestCallback.cs: 70c2658c96c40ebe349fda85c81dae6e -> 
  custom:scripting/monoscript/fileName/UIViewport.cs: 6ac39b3be7aec85f7763203bf3865c99 -> 
  custom:scripting/monoscript/fileName/RemotePlayerLogController.cs: 158b55f2a8781eb1cac7ac26acd42fc6 -> 
  custom:scripting/monoscript/fileName/EnumerableTestState.cs: 30e3efb82d3f99d65cdecdd2f0bc0194 -> 
  custom:scripting/monoscript/fileName/TestTaskBase.cs: 162ca0c58961a22b2d7f2a866ccb62df -> 
  custom:scripting/monoscript/fileName/NGUIEditorTools.cs: d90901af91af2c01c54aebc4d4a6fe40 -> 
  custom:scripting/monoscript/fileName/CallbacksHolder.cs: 8b4255bb9b31589c4c3dd9303007381d -> 
========================================================================
Received Import Request.
  Time since last request: 77.152104 seconds.
  path: Assets/Atlases/Common.mat
  artifactKey: Guid(f6d3bd0d1586f2942a3fd9c403c589ad) Importer(2089858483,0ecaa5967403d082aa24f35e1b516d23)
Start importing Assets/Atlases/Common.mat using Guid(f6d3bd0d1586f2942a3fd9c403c589ad) Importer(2089858483,0ecaa5967403d082aa24f35e1b516d23) [PhysX] Initialized MultithreadedTaskDispatcher with 32 workers.
 -> (artifact id: 'c9d3a5696ad0d1d3e65b5ccec6b37bea') in 0.077586 seconds
Number of updated asset objects reloaded before import = 0
Number of asset objects unloaded after import = 2
========================================================================
Received Import Request.
  Time since last request: 0.003486 seconds.
  path: Assets/GooglePlayGames/GameInfo.cs
  artifactKey: Guid(a722d413080904cc1bd07f4db21e1af1) Importer(2089858483,0ecaa5967403d082aa24f35e1b516d23)
Start importing Assets/GooglePlayGames/GameInfo.cs using Guid(a722d413080904cc1bd07f4db21e1af1) Importer(2089858483,0ecaa5967403d082aa24f35e1b516d23) [PhysX] Initialized MultithreadedTaskDispatcher with 32 workers.
 -> (artifact id: 'd2fc3cc0dc6b2c5842713db0c0ed0eb9') in 0.017430 seconds
Number of updated asset objects reloaded before import = 0
Number of asset objects unloaded after import = 1
========================================================================
Received Import Request.
  Time since last request: 0.000051 seconds.
  path: Assets/Atlases/SciFi Atlas.prefab
  artifactKey: Guid(2f2473f73b9ca724f9080d6d76009ea2) Importer(2089858483,0ecaa5967403d082aa24f35e1b516d23)
Start importing Assets/Atlases/SciFi Atlas.prefab using Guid(2f2473f73b9ca724f9080d6d76009ea2) Importer(2089858483,0ecaa5967403d082aa24f35e1b516d23) [PhysX] Initialized MultithreadedTaskDispatcher with 32 workers.
 -> (artifact id: 'd07f6e99d0b2284a7f3276bba21c90a9') in 0.020063 seconds
Number of updated asset objects reloaded before import = 0
Number of asset objects unloaded after import = 6
========================================================================
Received Import Request.
  Time since last request: 0.000015 seconds.
  path: Assets/GooglePlayGames/ISocialPlatform/PlayGamesLeaderboard.cs
  artifactKey: Guid(a027e4767bd0f41509b9ef6bd2f6080e) Importer(2089858483,0ecaa5967403d082aa24f35e1b516d23)
Start importing Assets/GooglePlayGames/ISocialPlatform/PlayGamesLeaderboard.cs using Guid(a027e4767bd0f41509b9ef6bd2f6080e) Importer(2089858483,0ecaa5967403d082aa24f35e1b516d23) [PhysX] Initialized MultithreadedTaskDispatcher with 32 workers.
 -> (artifact id: '7eaefe38f3cb81c86aae03c8aa7a9f34') in 0.010912 seconds
Number of updated asset objects reloaded before import = 0
Number of asset objects unloaded after import = 1
========================================================================
Received Import Request.
  Time since last request: 0.000038 seconds.
  path: Assets/GooglePlayGames/BasicApi/CommonStatusCodes.cs
  artifactKey: Guid(cd54f7a2763f74ce191bdd3efa0a44d5) Importer(2089858483,0ecaa5967403d082aa24f35e1b516d23)
Start importing Assets/GooglePlayGames/BasicApi/CommonStatusCodes.cs using Guid(cd54f7a2763f74ce191bdd3efa0a44d5) Importer(2089858483,0ecaa5967403d082aa24f35e1b516d23) [PhysX] Initialized MultithreadedTaskDispatcher with 32 workers.
 -> (artifact id: '52fd1e333437ec2899ab770e006fd96c') in 0.010748 seconds
Number of updated asset objects reloaded before import = 0
Number of asset objects unloaded after import = 1
========================================================================
Received Import Request.
  Time since last request: 0.000047 seconds.
  path: Assets/GooglePlayGames/Editor/template-Constants.txt
  artifactKey: Guid(7f2719cb8be514661b7b6aa9986bfe5f) Importer(2089858483,0ecaa5967403d082aa24f35e1b516d23)
Start importing Assets/GooglePlayGames/Editor/template-Constants.txt using Guid(7f2719cb8be514661b7b6aa9986bfe5f) Importer(2089858483,0ecaa5967403d082aa24f35e1b516d23) [PhysX] Initialized MultithreadedTaskDispatcher with 32 workers.
 -> (artifact id: '5553356264cced210449a75a0e85a317') in 0.009100 seconds
Number of updated asset objects reloaded before import = 0
Number of asset objects unloaded after import = 1
========================================================================
Received Import Request.
  Time since last request: 0.000024 seconds.
  path: Assets/Images/Common/Draft.png
  artifactKey: Guid(7f173e57f3668164fb0fc712f3c7437c) Importer(2089858483,0ecaa5967403d082aa24f35e1b516d23)
Start importing Assets/Images/Common/Draft.png using Guid(7f173e57f3668164fb0fc712f3c7437c) Importer(2089858483,0ecaa5967403d082aa24f35e1b516d23) [PhysX] Initialized MultithreadedTaskDispatcher with 32 workers.
 -> (artifact id: '6b4c86bc39e01312a263e1ef1a896afd') in 0.049034 seconds
Number of updated asset objects reloaded before import = 0
Number of asset objects unloaded after import = 3
========================================================================
Received Import Request.
  Time since last request: 0.000019 seconds.
  path: Assets/Images/Common/Restore.png
  artifactKey: Guid(d80253105b8ae0d41afc4e80eb32a966) Importer(2089858483,0ecaa5967403d082aa24f35e1b516d23)
Start importing Assets/Images/Common/Restore.png using Guid(d80253105b8ae0d41afc4e80eb32a966) Importer(2089858483,0ecaa5967403d082aa24f35e1b516d23) [PhysX] Initialized MultithreadedTaskDispatcher with 32 workers.
 -> (artifact id: 'f98e647939517a8202c417db1a5b3f35') in 0.028943 seconds
Number of updated asset objects reloaded before import = 0
Number of asset objects unloaded after import = 3
========================================================================
Received Import Request.
  Time since last request: 0.000018 seconds.
  path: Assets/GooglePlayGames/BasicApi/PlayGamesClientConfiguration.cs
  artifactKey: Guid(1745f86410be744efb109ca787dd4a54) Importer(2089858483,0ecaa5967403d082aa24f35e1b516d23)
Start importing Assets/GooglePlayGames/BasicApi/PlayGamesClientConfiguration.cs using Guid(1745f86410be744efb109ca787dd4a54) Importer(2089858483,0ecaa5967403d082aa24f35e1b516d23) [PhysX] Initialized MultithreadedTaskDispatcher with 32 workers.
 -> (artifact id: '4fb4b656c9279be9e7dbd8ac4fb1524e') in 0.009043 seconds
Number of updated asset objects reloaded before import = 0
Number of asset objects unloaded after import = 1
========================================================================
Received Import Request.
  Time since last request: 0.000011 seconds.
  path: Assets/GooglePlayGames/BasicApi/IPlayGamesClient.cs
  artifactKey: Guid(9138e04e4459148c680055b40ad324c0) Importer(2089858483,0ecaa5967403d082aa24f35e1b516d23)
Start importing Assets/GooglePlayGames/BasicApi/IPlayGamesClient.cs using Guid(9138e04e4459148c680055b40ad324c0) Importer(2089858483,0ecaa5967403d082aa24f35e1b516d23) [PhysX] Initialized MultithreadedTaskDispatcher with 32 workers.
 -> (artifact id: '8877c05c7a4034ddb5c6b100d58fab7f') in 0.007908 seconds
Number of updated asset objects reloaded before import = 0
Number of asset objects unloaded after import = 1
========================================================================
Received Import Request.
  Time since last request: 0.000031 seconds.
  path: Assets/Plugins/iOS/AppStoreDelegate.h
  artifactKey: Guid(07bcd18476ebd478fbcf92354a77684c) Importer(2089858483,0ecaa5967403d082aa24f35e1b516d23)
Start importing Assets/Plugins/iOS/AppStoreDelegate.h using Guid(07bcd18476ebd478fbcf92354a77684c) Importer(2089858483,0ecaa5967403d082aa24f35e1b516d23) [PhysX] Initialized MultithreadedTaskDispatcher with 32 workers.
 -> (artifact id: '18db1172a47fa8961827cbabde6caab5') in 0.011087 seconds
Number of updated asset objects reloaded before import = 0
Number of asset objects unloaded after import = 1
========================================================================
Received Import Request.
  Time since last request: 0.000010 seconds.
  path: Assets/Scripts/GPGSIds.cs
  artifactKey: Guid(df3a7e9be16ca224db5d09073bb23a57) Importer(2089858483,0ecaa5967403d082aa24f35e1b516d23)
Start importing Assets/Scripts/GPGSIds.cs using Guid(df3a7e9be16ca224db5d09073bb23a57) Importer(2089858483,0ecaa5967403d082aa24f35e1b516d23) [PhysX] Initialized MultithreadedTaskDispatcher with 32 workers.
 -> (artifact id: 'b045e83fda3cdf77415e477b8ff7a6f5') in 0.010147 seconds
Number of updated asset objects reloaded before import = 0
Number of asset objects unloaded after import = 1
========================================================================
Received Import Request.
  Time since last request: 0.000031 seconds.
  path: Assets/GooglePlayGames/Editor/template-GameInfo.txt
  artifactKey: Guid(c6fa1c0456d174d298bf8dd66f584e9e) Importer(2089858483,0ecaa5967403d082aa24f35e1b516d23)
Start importing Assets/GooglePlayGames/Editor/template-GameInfo.txt using Guid(c6fa1c0456d174d298bf8dd66f584e9e) Importer(2089858483,0ecaa5967403d082aa24f35e1b516d23) [PhysX] Initialized MultithreadedTaskDispatcher with 32 workers.
 -> (artifact id: '4f1f432a2472c32742b1b5ca4330e2c5') in 0.008399 seconds
Number of updated asset objects reloaded before import = 0
Number of asset objects unloaded after import = 1
========================================================================
Received Import Request.
  Time since last request: 0.000011 seconds.
  path: Assets/GooglePlayGames/BasicApi/LeaderboardScoreData.cs
  artifactKey: Guid(8e369c64e8c9f4571a8847f37848c37e) Importer(2089858483,0ecaa5967403d082aa24f35e1b516d23)
Start importing Assets/GooglePlayGames/BasicApi/LeaderboardScoreData.cs using Guid(8e369c64e8c9f4571a8847f37848c37e) Importer(2089858483,0ecaa5967403d082aa24f35e1b516d23) [PhysX] Initialized MultithreadedTaskDispatcher with 32 workers.
 -> (artifact id: '4c36fa56addf50ed3d8f055629ce51ce') in 0.010387 seconds
Number of updated asset objects reloaded before import = 0
Number of asset objects unloaded after import = 1
========================================================================
Received Import Request.
  Time since last request: 0.000025 seconds.
  path: Assets/GooglePlayGames/BasicApi/CommonTypes.cs
  artifactKey: Guid(1c5d1cb1974d14c0c8b32fcf00089556) Importer(2089858483,0ecaa5967403d082aa24f35e1b516d23)
Start importing Assets/GooglePlayGames/BasicApi/CommonTypes.cs using Guid(1c5d1cb1974d14c0c8b32fcf00089556) Importer(2089858483,0ecaa5967403d082aa24f35e1b516d23) [PhysX] Initialized MultithreadedTaskDispatcher with 32 workers.
 -> (artifact id: '2f3b43142ea664f961ab47cd9b0601b9') in 0.009596 seconds
Number of updated asset objects reloaded before import = 0
Number of asset objects unloaded after import = 1
========================================================================
Received Import Request.
  Time since last request: 0.000026 seconds.
  path: Assets/Scripts/GameShop.cs
  artifactKey: Guid(674842c1d2d64384396c5d7908410c67) Importer(2089858483,0ecaa5967403d082aa24f35e1b516d23)
Start importing Assets/Scripts/GameShop.cs using Guid(674842c1d2d64384396c5d7908410c67) Importer(2089858483,0ecaa5967403d082aa24f35e1b516d23) [PhysX] Initialized MultithreadedTaskDispatcher with 32 workers.
 -> (artifact id: '3f66c9ce3d9129c3e5cf2a0a4e480ad4') in 0.008111 seconds
Number of updated asset objects reloaded before import = 0
Number of asset objects unloaded after import = 1
========================================================================
Received Import Request.
  Time since last request: 0.000013 seconds.
  path: Assets/GooglePlayGames/BasicApi/PlayerStats.cs
  artifactKey: Guid(0cf73f44d6d524deab1717d6e71e2c6d) Importer(2089858483,0ecaa5967403d082aa24f35e1b516d23)
Start importing Assets/GooglePlayGames/BasicApi/PlayerStats.cs using Guid(0cf73f44d6d524deab1717d6e71e2c6d) Importer(2089858483,0ecaa5967403d082aa24f35e1b516d23) [PhysX] Initialized MultithreadedTaskDispatcher with 32 workers.
 -> (artifact id: '00c98b6ea82b2f4ad9c160ba5b7a36ed') in 0.009175 seconds
Number of updated asset objects reloaded before import = 0
Number of asset objects unloaded after import = 1
========================================================================
Received Import Request.
  Time since last request: 0.000022 seconds.
  path: Assets/GooglePlayGames/ISocialPlatform/PlayGamesAchievement.cs
  artifactKey: Guid(e5354c32a5dc64372ba5102f7f787adf) Importer(2089858483,0ecaa5967403d082aa24f35e1b516d23)
Start importing Assets/GooglePlayGames/ISocialPlatform/PlayGamesAchievement.cs using Guid(e5354c32a5dc64372ba5102f7f787adf) Importer(2089858483,0ecaa5967403d082aa24f35e1b516d23) [PhysX] Initialized MultithreadedTaskDispatcher with 32 workers.
 -> (artifact id: '0ed01a7f338135ef3771f0657a5b412f') in 0.009822 seconds
Number of updated asset objects reloaded before import = 0
Number of asset objects unloaded after import = 1
========================================================================
Received Import Request.
  Time since last request: 0.000022 seconds.
  path: Assets/Editor/PostprocessBuildPlayer_PlayGames
  artifactKey: Guid(ec92469b6c98c4a2b8b2a1518fed82d0) Importer(2089858483,0ecaa5967403d082aa24f35e1b516d23)
Start importing Assets/Editor/PostprocessBuildPlayer_PlayGames using Guid(ec92469b6c98c4a2b8b2a1518fed82d0) Importer(2089858483,0ecaa5967403d082aa24f35e1b516d23) [PhysX] Initialized MultithreadedTaskDispatcher with 32 workers.
 -> (artifact id: '0d1e67e8f4a7cbbc4aa9f7560387f998') in 0.007368 seconds
Number of updated asset objects reloaded before import = 0
Number of asset objects unloaded after import = 1
========================================================================
Received Import Request.
  Time since last request: 0.000061 seconds.
  path: Assets/GooglePlayGames/ISocialPlatform/PlayGamesScore.cs
  artifactKey: Guid(2a6e2425305ab455a91061b1eb955b38) Importer(2089858483,0ecaa5967403d082aa24f35e1b516d23)
Start importing Assets/GooglePlayGames/ISocialPlatform/PlayGamesScore.cs using Guid(2a6e2425305ab455a91061b1eb955b38) Importer(2089858483,0ecaa5967403d082aa24f35e1b516d23) [PhysX] Initialized MultithreadedTaskDispatcher with 32 workers.
 -> (artifact id: '436340fad33a976b280bf82c62b5395d') in 0.009226 seconds
Number of updated asset objects reloaded before import = 0
Number of asset objects unloaded after import = 1
========================================================================
Received Import Request.
  Time since last request: 0.000022 seconds.
  path: Assets/Plugins/iOS/GPGSAppController.h
  artifactKey: Guid(77f657a9e53794f4f8d4867c09bb135e) Importer(2089858483,0ecaa5967403d082aa24f35e1b516d23)
Start importing Assets/Plugins/iOS/GPGSAppController.h using Guid(77f657a9e53794f4f8d4867c09bb135e) Importer(2089858483,0ecaa5967403d082aa24f35e1b516d23) [PhysX] Initialized MultithreadedTaskDispatcher with 32 workers.
 -> (artifact id: '8faa1f014c505e85bd1f89cdd5ad74cf') in 0.007246 seconds
Number of updated asset objects reloaded before import = 0
Number of asset objects unloaded after import = 1
========================================================================
Received Import Request.
  Time since last request: 0.000024 seconds.
  path: Assets/Plugins/OpenIAB/Inventory.cs
  artifactKey: Guid(9a5d57d3e18969d4398f66b3a76351a1) Importer(2089858483,0ecaa5967403d082aa24f35e1b516d23)
Start importing Assets/Plugins/OpenIAB/Inventory.cs using Guid(9a5d57d3e18969d4398f66b3a76351a1) Importer(2089858483,0ecaa5967403d082aa24f35e1b516d23) [PhysX] Initialized MultithreadedTaskDispatcher with 32 workers.
 -> (artifact id: '052ff46aca37d440f36bb6dc77898b26') in 0.008826 seconds
Number of updated asset objects reloaded before import = 0
Number of asset objects unloaded after import = 1
========================================================================
Received Import Request.
  Time since last request: 0.000021 seconds.
  path: Assets/Scripts/CardData.cs
  artifactKey: Guid(7625dca21740ba5469f0e9a67615b4ed) Importer(2089858483,0ecaa5967403d082aa24f35e1b516d23)
Start importing Assets/Scripts/CardData.cs using Guid(7625dca21740ba5469f0e9a67615b4ed) Importer(2089858483,0ecaa5967403d082aa24f35e1b516d23) [PhysX] Initialized MultithreadedTaskDispatcher with 32 workers.
 -> (artifact id: '276c8e259b2fa41eb0bae68da767a1b5') in 0.008150 seconds
Number of updated asset objects reloaded before import = 0
Number of asset objects unloaded after import = 1
========================================================================
Received Import Request.
  Time since last request: 0.000019 seconds.
  path: Assets/Plugins/Android/gradleTemplate.properties
  artifactKey: Guid(4bb88063813be424da995da17d25f159) Importer(2089858483,0ecaa5967403d082aa24f35e1b516d23)
Start importing Assets/Plugins/Android/gradleTemplate.properties using Guid(4bb88063813be424da995da17d25f159) Importer(2089858483,0ecaa5967403d082aa24f35e1b516d23) [PhysX] Initialized MultithreadedTaskDispatcher with 32 workers.
 -> (artifact id: '59882054c140859d668bfceab7d46faf') in 0.007782 seconds
Number of updated asset objects reloaded before import = 0
Number of asset objects unloaded after import = 1
========================================================================
Received Import Request.
  Time since last request: 0.000025 seconds.
  path: Assets/Plugins/Android/settingsTemplate.gradle
  artifactKey: Guid(90d872d37ceb89c41b511a7e1b5df676) Importer(2089858483,0ecaa5967403d082aa24f35e1b516d23)
Start importing Assets/Plugins/Android/settingsTemplate.gradle using Guid(90d872d37ceb89c41b511a7e1b5df676) Importer(2089858483,0ecaa5967403d082aa24f35e1b516d23) [PhysX] Initialized MultithreadedTaskDispatcher with 32 workers.
 -> (artifact id: 'f789199a88bad92916be866eea1ef6b5') in 0.006806 seconds
Number of updated asset objects reloaded before import = 0
Number of asset objects unloaded after import = 1
========================================================================
Received Import Request.
  Time since last request: 0.000066 seconds.
  path: Assets/GooglePlayGames/Platforms/TokenClient.cs
  artifactKey: Guid(8c9a946582bf14116914768969f58fc3) Importer(2089858483,0ecaa5967403d082aa24f35e1b516d23)
Start importing Assets/GooglePlayGames/Platforms/TokenClient.cs using Guid(8c9a946582bf14116914768969f58fc3) Importer(2089858483,0ecaa5967403d082aa24f35e1b516d23) [PhysX] Initialized MultithreadedTaskDispatcher with 32 workers.
 -> (artifact id: '20ac5b3b6e7a7500406a682aff9f9064') in 0.010020 seconds
Number of updated asset objects reloaded before import = 0
Number of asset objects unloaded after import = 1
========================================================================
Received Import Request.
  Time since last request: 0.000017 seconds.
  path: Assets/Fonts/NeuropolX.ttf
  artifactKey: Guid(02b7abbccd377c84b8ebd22d718767db) Importer(2089858483,0ecaa5967403d082aa24f35e1b516d23)
Start importing Assets/Fonts/NeuropolX.ttf using Guid(02b7abbccd377c84b8ebd22d718767db) Importer(2089858483,0ecaa5967403d082aa24f35e1b516d23) [PhysX] Initialized MultithreadedTaskDispatcher with 32 workers.
 -> (artifact id: '8a10324e2ec8d09e396b5b7dc54e10f5') in 0.028116 seconds
Number of updated asset objects reloaded before import = 0
Number of asset objects unloaded after import = 3
========================================================================
Received Import Request.
  Time since last request: 0.000010 seconds.
  path: Assets/Scripts/Cloud.cs
  artifactKey: Guid(f1c480c9fc7cff048b36402c0d94bf9e) Importer(2089858483,0ecaa5967403d082aa24f35e1b516d23)
Start importing Assets/Scripts/Cloud.cs using Guid(f1c480c9fc7cff048b36402c0d94bf9e) Importer(2089858483,0ecaa5967403d082aa24f35e1b516d23) [PhysX] Initialized MultithreadedTaskDispatcher with 32 workers.
 -> (artifact id: '75d864f0053c6a95ec43fc0c0de02a58') in 0.006826 seconds
Number of updated asset objects reloaded before import = 0
Number of asset objects unloaded after import = 1
========================================================================
Received Import Request.
  Time since last request: 0.000016 seconds.
  path: Assets/GooglePlayGames/Editor/GPGSPostBuild.cs
  artifactKey: Guid(1a7b050a8e8214613893df7d81dcc13c) Importer(2089858483,0ecaa5967403d082aa24f35e1b516d23)
Start importing Assets/GooglePlayGames/Editor/GPGSPostBuild.cs using Guid(1a7b050a8e8214613893df7d81dcc13c) Importer(2089858483,0ecaa5967403d082aa24f35e1b516d23) [PhysX] Initialized MultithreadedTaskDispatcher with 32 workers.
 -> (artifact id: '5c950d7903f9e2f42e9da9a5b9e254b4') in 0.008987 seconds
Number of updated asset objects reloaded before import = 0
Number of asset objects unloaded after import = 1
========================================================================
Received Import Request.
  Time since last request: 0.000015 seconds.
  path: Assets/GooglePlayGames/Platforms/NearbyConnectionClientFactory.cs
  artifactKey: Guid(ff1201bd0205943ba9c881e50e38156b) Importer(2089858483,0ecaa5967403d082aa24f35e1b516d23)
Start importing Assets/GooglePlayGames/Platforms/NearbyConnectionClientFactory.cs using Guid(ff1201bd0205943ba9c881e50e38156b) Importer(2089858483,0ecaa5967403d082aa24f35e1b516d23) [PhysX] Initialized MultithreadedTaskDispatcher with 32 workers.
 -> (artifact id: '4bf67379c84129534e5ec6bf3d5b9ee2') in 0.009623 seconds
Number of updated asset objects reloaded before import = 0
Number of asset objects unloaded after import = 1
========================================================================
Received Import Request.
  Time since last request: 0.000024 seconds.
  path: Assets/GooglePlayGames/Editor/GPGSUpgrader.cs
  artifactKey: Guid(357a64420a0c44b61a0ed7ca22c7f10f) Importer(2089858483,0ecaa5967403d082aa24f35e1b516d23)
Start importing Assets/GooglePlayGames/Editor/GPGSUpgrader.cs using Guid(357a64420a0c44b61a0ed7ca22c7f10f) Importer(2089858483,0ecaa5967403d082aa24f35e1b516d23) [PhysX] Initialized MultithreadedTaskDispatcher with 32 workers.
 -> (artifact id: '51151fc1092edeb528578b234e7d3c4b') in 0.009003 seconds
Number of updated asset objects reloaded before import = 0
Number of asset objects unloaded after import = 1
========================================================================
Received Import Request.
  Time since last request: 0.000035 seconds.
  path: Assets/Images/Common/Cell.png
  artifactKey: Guid(f2173539c3ec7c349af36609f9dc86d9) Importer(2089858483,0ecaa5967403d082aa24f35e1b516d23)
Start importing Assets/Images/Common/Cell.png using Guid(f2173539c3ec7c349af36609f9dc86d9) Importer(2089858483,0ecaa5967403d082aa24f35e1b516d23) [PhysX] Initialized MultithreadedTaskDispatcher with 32 workers.
 -> (artifact id: '0c35fd143518a11086547ce3c6e593dd') in 0.020099 seconds
Number of updated asset objects reloaded before import = 0
Number of asset objects unloaded after import = 3
========================================================================
Received Import Request.
  Time since last request: 0.000010 seconds.
  path: Assets/GooglePlayGames/Editor/GPGSUtil.cs
  artifactKey: Guid(fd01714f9ee99447996b878b1ac67540) Importer(2089858483,0ecaa5967403d082aa24f35e1b516d23)
Start importing Assets/GooglePlayGames/Editor/GPGSUtil.cs using Guid(fd01714f9ee99447996b878b1ac67540) Importer(2089858483,0ecaa5967403d082aa24f35e1b516d23) [PhysX] Initialized MultithreadedTaskDispatcher with 32 workers.
 -> (artifact id: '7c2dc037d1475a7e6d26f0556729c6da') in 0.010065 seconds
Number of updated asset objects reloaded before import = 0
Number of asset objects unloaded after import = 1
========================================================================
Received Import Request.
  Time since last request: 0.000020 seconds.
  path: Assets/GooglePlayGames/BasicApi/Achievement.cs
  artifactKey: Guid(b20fc2fda369044ba962d1d9115c4c63) Importer(2089858483,0ecaa5967403d082aa24f35e1b516d23)
Start importing Assets/GooglePlayGames/BasicApi/Achievement.cs using Guid(b20fc2fda369044ba962d1d9115c4c63) Importer(2089858483,0ecaa5967403d082aa24f35e1b516d23) [PhysX] Initialized MultithreadedTaskDispatcher with 32 workers.
 -> (artifact id: 'c334a7022bad9bd4b795658ed1d2c509') in 0.007981 seconds
Number of updated asset objects reloaded before import = 0
Number of asset objects unloaded after import = 1
========================================================================
Received Import Request.
  Time since last request: 0.000013 seconds.
  path: Assets/GooglePlayGames/ISocialPlatform/PlayGamesLocalUser.cs
  artifactKey: Guid(3b5f03fe051cb4a41a3b5489bd63c24c) Importer(2089858483,0ecaa5967403d082aa24f35e1b516d23)
Start importing Assets/GooglePlayGames/ISocialPlatform/PlayGamesLocalUser.cs using Guid(3b5f03fe051cb4a41a3b5489bd63c24c) Importer(2089858483,0ecaa5967403d082aa24f35e1b516d23) [PhysX] Initialized MultithreadedTaskDispatcher with 32 workers.
 -> (artifact id: '3518745ecf35d5820ad1dc382b28e730') in 0.008631 seconds
Number of updated asset objects reloaded before import = 0
Number of asset objects unloaded after import = 1
========================================================================
Received Import Request.
  Time since last request: 0.000015 seconds.
  path: Assets/GooglePlayGames/Editor/template-AndroidManifest.txt
  artifactKey: Guid(0e1f3c150256848b1ba98702cfb71220) Importer(2089858483,0ecaa5967403d082aa24f35e1b516d23)
Start importing Assets/GooglePlayGames/Editor/template-AndroidManifest.txt using Guid(0e1f3c150256848b1ba98702cfb71220) Importer(2089858483,0ecaa5967403d082aa24f35e1b516d23) [PhysX] Initialized MultithreadedTaskDispatcher with 32 workers.
 -> (artifact id: 'be7c33e9d9915030938d7d135bea3caa') in 0.007499 seconds
Number of updated asset objects reloaded before import = 0
Number of asset objects unloaded after import = 1
========================================================================
Received Import Request.
  Time since last request: 0.000016 seconds.
  path: Assets/GooglePlayGames/Editor/GPGSDocsUI.cs
  artifactKey: Guid(73cbcab28a27446ff9e06e06a040814f) Importer(2089858483,0ecaa5967403d082aa24f35e1b516d23)
Start importing Assets/GooglePlayGames/Editor/GPGSDocsUI.cs using Guid(73cbcab28a27446ff9e06e06a040814f) Importer(2089858483,0ecaa5967403d082aa24f35e1b516d23) [PhysX] Initialized MultithreadedTaskDispatcher with 32 workers.
 -> (artifact id: '905fc119c3b2d38a14966d8ee08fb9ef') in 0.009585 seconds
Number of updated asset objects reloaded before import = 0
Number of asset objects unloaded after import = 1
========================================================================
Received Import Request.
  Time since last request: 0.000023 seconds.
  path: Assets/GooglePlayGames/BasicApi/ScorePageToken.cs
  artifactKey: Guid(3eade9d49f3e341ddb2ba8209e7ddf42) Importer(2089858483,0ecaa5967403d082aa24f35e1b516d23)
Start importing Assets/GooglePlayGames/BasicApi/ScorePageToken.cs using Guid(3eade9d49f3e341ddb2ba8209e7ddf42) Importer(2089858483,0ecaa5967403d082aa24f35e1b516d23) [PhysX] Initialized MultithreadedTaskDispatcher with 32 workers.
 -> (artifact id: 'bf98f691541e100e78dd0cd718326c62') in 0.008733 seconds
Number of updated asset objects reloaded before import = 0
Number of asset objects unloaded after import = 1
========================================================================
Received Import Request.
  Time since last request: 0.000015 seconds.
  path: Assets/GooglePlayGames/OurUtils/PlayGamesHelperObject.cs
  artifactKey: Guid(7dd6f93ee6cb54945aea72a87542f720) Importer(2089858483,0ecaa5967403d082aa24f35e1b516d23)
Start importing Assets/GooglePlayGames/OurUtils/PlayGamesHelperObject.cs using Guid(7dd6f93ee6cb54945aea72a87542f720) Importer(2089858483,0ecaa5967403d082aa24f35e1b516d23) [PhysX] Initialized MultithreadedTaskDispatcher with 32 workers.
 -> (artifact id: '88f24baacc27209d92f6ecf220d04f25') in 0.008616 seconds
Number of updated asset objects reloaded before import = 0
Number of asset objects unloaded after import = 1
========================================================================
Received Import Request.
  Time since last request: 0.000009 seconds.
  path: Assets/GooglePlayGames/BasicApi/DummyClient.cs
  artifactKey: Guid(2c600182c9892457e92f885549bd838a) Importer(2089858483,0ecaa5967403d082aa24f35e1b516d23)
Start importing Assets/GooglePlayGames/BasicApi/DummyClient.cs using Guid(2c600182c9892457e92f885549bd838a) Importer(2089858483,0ecaa5967403d082aa24f35e1b516d23) [PhysX] Initialized MultithreadedTaskDispatcher with 32 workers.
 -> (artifact id: '9a09e4ba6f7579ba724d96ef5a68907a') in 0.007581 seconds
Number of updated asset objects reloaded before import = 0
Number of asset objects unloaded after import = 1
========================================================================
Received Import Request.
  Time since last request: 0.000017 seconds.
  path: Assets/Images/Common/Trash.png
  artifactKey: Guid(f4ef6d799bf7a1a4ca9b52b8c9c8e85c) Importer(2089858483,0ecaa5967403d082aa24f35e1b516d23)
Start importing Assets/Images/Common/Trash.png using Guid(f4ef6d799bf7a1a4ca9b52b8c9c8e85c) Importer(2089858483,0ecaa5967403d082aa24f35e1b516d23) [PhysX] Initialized MultithreadedTaskDispatcher with 32 workers.
 -> (artifact id: 'f5648a22e9df4a8a53bf723bf3e87095') in 0.021900 seconds
Number of updated asset objects reloaded before import = 0
Number of asset objects unloaded after import = 3
========================================================================
Received Import Request.
  Time since last request: 0.000015 seconds.
  path: Assets/Atlases/SciFi Atlas.mat
  artifactKey: Guid(d650d98b3c4028a4a8b7225c1a6482f8) Importer(2089858483,0ecaa5967403d082aa24f35e1b516d23)
Start importing Assets/Atlases/SciFi Atlas.mat using Guid(d650d98b3c4028a4a8b7225c1a6482f8) Importer(2089858483,0ecaa5967403d082aa24f35e1b516d23) [PhysX] Initialized MultithreadedTaskDispatcher with 32 workers.
 -> (artifact id: '875f78843be80b7bfa878104cb68c4b2') in 0.008757 seconds
Number of updated asset objects reloaded before import = 0
Number of asset objects unloaded after import = 2
========================================================================
Received Import Request.
  Time since last request: 0.000015 seconds.
  path: Assets/Atlases/Common.prefab
  artifactKey: Guid(865067435311b3d49b5ef3fd24c8c76a) Importer(2089858483,0ecaa5967403d082aa24f35e1b516d23)
Start importing Assets/Atlases/Common.prefab using Guid(865067435311b3d49b5ef3fd24c8c76a) Importer(2089858483,0ecaa5967403d082aa24f35e1b516d23) [PhysX] Initialized MultithreadedTaskDispatcher with 32 workers.
 -> (artifact id: '3ea7375e25a1306d528879f2832693ad') in 0.009382 seconds
Number of updated asset objects reloaded before import = 0
Number of asset objects unloaded after import = 6
========================================================================
Received Import Request.
  Time since last request: 0.000016 seconds.
  path: Assets/GooglePlayGames/BasicApi/SignInHelper.cs
  artifactKey: Guid(8744c480ac5e8cd90ab8d15a58a92396) Importer(2089858483,0ecaa5967403d082aa24f35e1b516d23)
Start importing Assets/GooglePlayGames/BasicApi/SignInHelper.cs using Guid(8744c480ac5e8cd90ab8d15a58a92396) Importer(2089858483,0ecaa5967403d082aa24f35e1b516d23) [PhysX] Initialized MultithreadedTaskDispatcher with 32 workers.
 -> (artifact id: 'bb89a8b726160956481e49d7590f71df') in 0.010507 seconds
Number of updated asset objects reloaded before import = 0
Number of asset objects unloaded after import = 1
========================================================================
Received Import Request.
  Time since last request: 0.000023 seconds.
  path: Assets/Images/Common/Card.png
  artifactKey: Guid(d256c08881381a34f9c59f5ddc63346f) Importer(2089858483,0ecaa5967403d082aa24f35e1b516d23)
Start importing Assets/Images/Common/Card.png using Guid(d256c08881381a34f9c59f5ddc63346f) Importer(2089858483,0ecaa5967403d082aa24f35e1b516d23) [PhysX] Initialized MultithreadedTaskDispatcher with 32 workers.
 -> (artifact id: 'db9f2d55f878c68b50034e5e23f4afaa') in 0.020586 seconds
Number of updated asset objects reloaded before import = 0
Number of asset objects unloaded after import = 3
========================================================================
Received Import Request.
  Time since last request: 0.000010 seconds.
  path: Assets/GooglePlayGames/BasicApi/PlayerProfile.cs
  artifactKey: Guid(d5be2ce83e58aa3d1bdf3cb38ee66b1e) Importer(2089858483,0ecaa5967403d082aa24f35e1b516d23)
Start importing Assets/GooglePlayGames/BasicApi/PlayerProfile.cs using Guid(d5be2ce83e58aa3d1bdf3cb38ee66b1e) Importer(2089858483,0ecaa5967403d082aa24f35e1b516d23) [PhysX] Initialized MultithreadedTaskDispatcher with 32 workers.
 -> (artifact id: '23d1037a20e20b102c3c8a95f211ea17') in 0.009660 seconds
Number of updated asset objects reloaded before import = 0
Number of asset objects unloaded after import = 1
========================================================================
Received Import Request.
  Time since last request: 0.000042 seconds.
  path: Assets/Plugins/Android/OpenIAB-plugin.jar
  artifactKey: Guid(db7e980ca1bdad9499aa0d02547160fc) Importer(2089858483,0ecaa5967403d082aa24f35e1b516d23)
Start importing Assets/Plugins/Android/OpenIAB-plugin.jar using Guid(db7e980ca1bdad9499aa0d02547160fc) Importer(2089858483,0ecaa5967403d082aa24f35e1b516d23) [PhysX] Initialized MultithreadedTaskDispatcher with 32 workers.
 -> (artifact id: '3e1350f24d2f8dc91d8a6519af1a7e4b') in 0.009981 seconds
Number of updated asset objects reloaded before import = 0
Number of asset objects unloaded after import = 1
========================================================================
Received Import Request.
  Time since last request: 0.000014 seconds.
  path: Assets/GooglePlayGames/PluginVersion.cs
  artifactKey: Guid(4539142948daf4a26bf9cd6870ffa0b2) Importer(2089858483,0ecaa5967403d082aa24f35e1b516d23)
Start importing Assets/GooglePlayGames/PluginVersion.cs using Guid(4539142948daf4a26bf9cd6870ffa0b2) Importer(2089858483,0ecaa5967403d082aa24f35e1b516d23) [PhysX] Initialized MultithreadedTaskDispatcher with 32 workers.
 -> (artifact id: '6af77dab199b9104d9cff1a164849e0b') in 0.008216 seconds
Number of updated asset objects reloaded before import = 0
Number of asset objects unloaded after import = 1
========================================================================
Received Import Request.
  Time since last request: 0.000016 seconds.
  path: Assets/Images/Common/Edit.png
  artifactKey: Guid(45b5bd6c23928e0429fd1ef97d63b426) Importer(2089858483,0ecaa5967403d082aa24f35e1b516d23)
Start importing Assets/Images/Common/Edit.png using Guid(45b5bd6c23928e0429fd1ef97d63b426) Importer(2089858483,0ecaa5967403d082aa24f35e1b516d23) [PhysX] Initialized MultithreadedTaskDispatcher with 32 workers.
 -> (artifact id: 'f64aab1e8c5cab3d20e58ee036d4b593') in 0.020057 seconds
Number of updated asset objects reloaded before import = 0
Number of asset objects unloaded after import = 3
========================================================================
Received Import Request.
  Time since last request: 0.000015 seconds.
  path: Assets/Images/Background.png
  artifactKey: Guid(b9df0ee784c28dd4e8624d521790f4c6) Importer(2089858483,0ecaa5967403d082aa24f35e1b516d23)
Start importing Assets/Images/Background.png using Guid(b9df0ee784c28dd4e8624d521790f4c6) Importer(2089858483,0ecaa5967403d082aa24f35e1b516d23) [PhysX] Initialized MultithreadedTaskDispatcher with 32 workers.
 -> (artifact id: '76cd872a8f89bb24e669cf856a47a735') in 0.016683 seconds
Number of updated asset objects reloaded before import = 0
Number of asset objects unloaded after import = 3
========================================================================
Received Import Request.
  Time since last request: 0.000016 seconds.
  path: Assets/Scripts/PlanformDependedSettings.cs
  artifactKey: Guid(03d0bd59a7659e04e9d2bc5abbf42eab) Importer(2089858483,0ecaa5967403d082aa24f35e1b516d23)
Start importing Assets/Scripts/PlanformDependedSettings.cs using Guid(03d0bd59a7659e04e9d2bc5abbf42eab) Importer(2089858483,0ecaa5967403d082aa24f35e1b516d23) [PhysX] Initialized MultithreadedTaskDispatcher with 32 workers.
 -> (artifact id: 'a46b373d47942427674c2073f31d9206') in 0.009877 seconds
Number of updated asset objects reloaded before import = 0
Number of asset objects unloaded after import = 1
========================================================================
Received Import Request.
  Time since last request: 0.000010 seconds.
  path: Assets/GooglePlayGames/OurUtils/Misc.cs
  artifactKey: Guid(ee52269f55933442fa5ea52e688ebec2) Importer(2089858483,0ecaa5967403d082aa24f35e1b516d23)
Start importing Assets/GooglePlayGames/OurUtils/Misc.cs using Guid(ee52269f55933442fa5ea52e688ebec2) Importer(2089858483,0ecaa5967403d082aa24f35e1b516d23) [PhysX] Initialized MultithreadedTaskDispatcher with 32 workers.
 -> (artifact id: '862f2aea8e9d9c99521860cd0b62586c') in 0.008252 seconds
Number of updated asset objects reloaded before import = 0
Number of asset objects unloaded after import = 1
========================================================================
Received Import Request.
  Time since last request: 0.000034 seconds.
  path: Assets/GooglePlayGames/Editor/GPGSProjectSettings.cs
  artifactKey: Guid(cf234a050ba25433f9386e20578ccf19) Importer(2089858483,0ecaa5967403d082aa24f35e1b516d23)
Start importing Assets/GooglePlayGames/Editor/GPGSProjectSettings.cs using Guid(cf234a050ba25433f9386e20578ccf19) Importer(2089858483,0ecaa5967403d082aa24f35e1b516d23) [PhysX] Initialized MultithreadedTaskDispatcher with 32 workers.
 -> (artifact id: '6a636d1f6f5cd7156a655b88d347fed3') in 0.010325 seconds
Number of updated asset objects reloaded before import = 0
Number of asset objects unloaded after import = 1
========================================================================
Received Import Request.
  Time since last request: 0.000015 seconds.
  path: Assets/GooglePlayGames/OurUtils/Logger.cs
  artifactKey: Guid(cde7cfd197b4a47edac2efe305e22e78) Importer(2089858483,0ecaa5967403d082aa24f35e1b516d23)
Start importing Assets/GooglePlayGames/OurUtils/Logger.cs using Guid(cde7cfd197b4a47edac2efe305e22e78) Importer(2089858483,0ecaa5967403d082aa24f35e1b516d23) [PhysX] Initialized MultithreadedTaskDispatcher with 32 workers.
 -> (artifact id: '8da28ce726268f4b779fc01c514e556d') in 0.008181 seconds
Number of updated asset objects reloaded before import = 0
Number of asset objects unloaded after import = 1
========================================================================
Received Import Request.
  Time since last request: 0.000013 seconds.
  path: Assets/GooglePlayGames/Editor/GooglePlayGamesPluginDependencies.xml
  artifactKey: Guid(089e7b878eef5bffa98bdbbdb2c4e298) Importer(2089858483,0ecaa5967403d082aa24f35e1b516d23)
Start importing Assets/GooglePlayGames/Editor/GooglePlayGamesPluginDependencies.xml using Guid(089e7b878eef5bffa98bdbbdb2c4e298) Importer(2089858483,0ecaa5967403d082aa24f35e1b516d23) [PhysX] Initialized MultithreadedTaskDispatcher with 32 workers.
 -> (artifact id: 'c79ec7fde787ee7ecee8d77d0f99e4b1') in 0.008227 seconds
Number of updated asset objects reloaded before import = 0
Number of asset objects unloaded after import = 1
========================================================================
Received Import Request.
  Time since last request: 0.101586 seconds.
  path: Assets/Plugins/OpenIAB/JSON.cs
  artifactKey: Guid(d28eaa2086b58c24590b2e30ebb4b125) Importer(2089858483,0ecaa5967403d082aa24f35e1b516d23)
Start importing Assets/Plugins/OpenIAB/JSON.cs using Guid(d28eaa2086b58c24590b2e30ebb4b125) Importer(2089858483,0ecaa5967403d082aa24f35e1b516d23) [PhysX] Initialized MultithreadedTaskDispatcher with 32 workers.
 -> (artifact id: 'fd9a44307c9c52d4d1ac340269707323') in 0.011879 seconds
Number of updated asset objects reloaded before import = 0
Number of asset objects unloaded after import = 1
========================================================================
Received Import Request.
  Time since last request: 0.000011 seconds.
  path: Assets/NGUI/Editor/Preview/Control - Background.png
  artifactKey: Guid(4c4e2225904897741851cb40a292d928) Importer(2089858483,0ecaa5967403d082aa24f35e1b516d23)
Start importing Assets/NGUI/Editor/Preview/Control - Background.png using Guid(4c4e2225904897741851cb40a292d928) Importer(2089858483,0ecaa5967403d082aa24f35e1b516d23) [PhysX] Initialized MultithreadedTaskDispatcher with 32 workers.
 -> (artifact id: '04f333317d4a2bedb919453246ca00c3') in 0.018498 seconds
Number of updated asset objects reloaded before import = 0
Number of asset objects unloaded after import = 1
========================================================================
Received Import Request.
  Time since last request: 0.000011 seconds.
  path: Assets/Scripts/Common/B64X.cs
  artifactKey: Guid(42e67896f4a144a499fda61dafdb84a5) Importer(2089858483,0ecaa5967403d082aa24f35e1b516d23)
Start importing Assets/Scripts/Common/B64X.cs using Guid(42e67896f4a144a499fda61dafdb84a5) Importer(2089858483,0ecaa5967403d082aa24f35e1b516d23) [PhysX] Initialized MultithreadedTaskDispatcher with 32 workers.
 -> (artifact id: 'dcd2ae108320d7a1b0fe5504d92615cd') in 0.007900 seconds
Number of updated asset objects reloaded before import = 0
Number of asset objects unloaded after import = 1
========================================================================
Received Import Request.
  Time since last request: 0.000030 seconds.
  path: Assets/GooglePlayGames/BasicApi/Nearby/EndpointDetails.cs
  artifactKey: Guid(9d9a087b0e20d4752b24f33a4a2bf977) Importer(2089858483,0ecaa5967403d082aa24f35e1b516d23)
Start importing Assets/GooglePlayGames/BasicApi/Nearby/EndpointDetails.cs using Guid(9d9a087b0e20d4752b24f33a4a2bf977) Importer(2089858483,0ecaa5967403d082aa24f35e1b516d23) [PhysX] Initialized MultithreadedTaskDispatcher with 32 workers.
 -> (artifact id: '548e8d0672a9fb512f54114ee041e63b') in 0.008568 seconds
Number of updated asset objects reloaded before import = 0
Number of asset objects unloaded after import = 1
========================================================================
Received Import Request.
  Time since last request: 0.000028 seconds.
  path: Assets/NGUI/Editor/Preview/Control - Simple Horizontal Slider.png
  artifactKey: Guid(2db969756433ebb46a2a069c1ef5190e) Importer(2089858483,0ecaa5967403d082aa24f35e1b516d23)
Start importing Assets/NGUI/Editor/Preview/Control - Simple Horizontal Slider.png using Guid(2db969756433ebb46a2a069c1ef5190e) Importer(2089858483,0ecaa5967403d082aa24f35e1b516d23) [PhysX] Initialized MultithreadedTaskDispatcher with 32 workers.
 -> (artifact id: 'ff7e25152774cd58ba03ec2ebfc4e055') in 0.020619 seconds
Number of updated asset objects reloaded before import = 0
Number of asset objects unloaded after import = 1
========================================================================
Received Import Request.
  Time since last request: 0.000013 seconds.
  path: Assets/NGUI/Editor/Preview/Control - Simple Text Box.png
  artifactKey: Guid(d9bd30f0086842a46b831d7e11af42a5) Importer(2089858483,0ecaa5967403d082aa24f35e1b516d23)
Start importing Assets/NGUI/Editor/Preview/Control - Simple Text Box.png using Guid(d9bd30f0086842a46b831d7e11af42a5) Importer(2089858483,0ecaa5967403d082aa24f35e1b516d23) [PhysX] Initialized MultithreadedTaskDispatcher with 32 workers.
 -> (artifact id: '49a9f6e3ff2a2ff8649a06feeb26e812') in 0.020182 seconds
Number of updated asset objects reloaded before import = 0
Number of asset objects unloaded after import = 1
========================================================================
Received Import Request.
  Time since last request: 0.000015 seconds.
  path: Assets/Scripts/Common/CRandom.cs
  artifactKey: Guid(d0ad39f1024de35479525f6507a3e0cb) Importer(2089858483,0ecaa5967403d082aa24f35e1b516d23)
Start importing Assets/Scripts/Common/CRandom.cs using Guid(d0ad39f1024de35479525f6507a3e0cb) Importer(2089858483,0ecaa5967403d082aa24f35e1b516d23) [PhysX] Initialized MultithreadedTaskDispatcher with 32 workers.
 -> (artifact id: '7fb7c4dfacee51660fb6987fb798d722') in 0.007978 seconds
Number of updated asset objects reloaded before import = 0
Number of asset objects unloaded after import = 1
========================================================================
Received Import Request.
  Time since last request: 0.000011 seconds.
  path: Assets/Scripts/Common/Extensions.cs
  artifactKey: Guid(8881b1dc27338844ab20525540a9b721) Importer(2089858483,0ecaa5967403d082aa24f35e1b516d23)
Start importing Assets/Scripts/Common/Extensions.cs using Guid(8881b1dc27338844ab20525540a9b721) Importer(2089858483,0ecaa5967403d082aa24f35e1b516d23) [PhysX] Initialized MultithreadedTaskDispatcher with 32 workers.
 -> (artifact id: '0b9f1e96733521c650859752f8bdecbd') in 0.007839 seconds
Number of updated asset objects reloaded before import = 0
Number of asset objects unloaded after import = 1
========================================================================
Received Import Request.
  Time since last request: 0.000031 seconds.
  path: Assets/Scripts/Common/ProtectedValue.cs
  artifactKey: Guid(6dd63acfd80008948a1de882ab72c222) Importer(2089858483,0ecaa5967403d082aa24f35e1b516d23)
Start importing Assets/Scripts/Common/ProtectedValue.cs using Guid(6dd63acfd80008948a1de882ab72c222) Importer(2089858483,0ecaa5967403d082aa24f35e1b516d23) [PhysX] Initialized MultithreadedTaskDispatcher with 32 workers.
 -> (artifact id: 'fce2294e8505a7c7a72ed92a2b24e79e') in 0.007561 seconds
Number of updated asset objects reloaded before import = 0
Number of asset objects unloaded after import = 1
========================================================================
Received Import Request.
  Time since last request: 0.000013 seconds.
  path: Assets/NGUI/Editor/Preview/Control - Colored Horizontal Scroll Bar.png
  artifactKey: Guid(349118c2d8d95a240892835f9a939619) Importer(2089858483,0ecaa5967403d082aa24f35e1b516d23)
Start importing Assets/NGUI/Editor/Preview/Control - Colored Horizontal Scroll Bar.png using Guid(349118c2d8d95a240892835f9a939619) Importer(2089858483,0ecaa5967403d082aa24f35e1b516d23) [PhysX] Initialized MultithreadedTaskDispatcher with 32 workers.
 -> (artifact id: 'e4056b70d72df4aa2698e0767aae9f08') in 0.018952 seconds
Number of updated asset objects reloaded before import = 0
Number of asset objects unloaded after import = 1
========================================================================
Received Import Request.
  Time since last request: 0.000011 seconds.
  path: Assets/Scripts/Views/Storage.cs
  artifactKey: Guid(f90495a2fb76d344d9f080775d51c2fe) Importer(2089858483,0ecaa5967403d082aa24f35e1b516d23)
Start importing Assets/Scripts/Views/Storage.cs using Guid(f90495a2fb76d344d9f080775d51c2fe) Importer(2089858483,0ecaa5967403d082aa24f35e1b516d23) [PhysX] Initialized MultithreadedTaskDispatcher with 32 workers.
 -> (artifact id: 'e776c6f93f84e33c2ca45dec149693d4') in 0.010504 seconds
Number of updated asset objects reloaded before import = 0
Number of asset objects unloaded after import = 1
========================================================================
Received Import Request.
  Time since last request: 0.000020 seconds.
  path: Assets/Scripts/Common/RotationHelper.cs
  artifactKey: Guid(c4b4ae1274008c741ada5950ed015ab6) Importer(2089858483,0ecaa5967403d082aa24f35e1b516d23)
Start importing Assets/Scripts/Common/RotationHelper.cs using Guid(c4b4ae1274008c741ada5950ed015ab6) Importer(2089858483,0ecaa5967403d082aa24f35e1b516d23) [PhysX] Initialized MultithreadedTaskDispatcher with 32 workers.
 -> (artifact id: '0767d6e36dc3a13acf4b971204dfd3bb') in 0.010235 seconds
Number of updated asset objects reloaded before import = 0
Number of asset objects unloaded after import = 1
========================================================================
Received Import Request.
  Time since last request: 0.000019 seconds.
  path: Assets/Resources/Localization/Storage.csv
  artifactKey: Guid(af47b2d0cd1dcb64baed220972d8416f) Importer(2089858483,0ecaa5967403d082aa24f35e1b516d23)
Start importing Assets/Resources/Localization/Storage.csv using Guid(af47b2d0cd1dcb64baed220972d8416f) Importer(2089858483,0ecaa5967403d082aa24f35e1b516d23) [PhysX] Initialized MultithreadedTaskDispatcher with 32 workers.
 -> (artifact id: '74d9772e2a79198271cf6551bc50e107') in 0.011195 seconds
Number of updated asset objects reloaded before import = 0
Number of asset objects unloaded after import = 1
========================================================================
Received Import Request.
  Time since last request: 0.000020 seconds.
  path: Assets/NGUI/Editor/x86_64/FreeType.dll
  artifactKey: Guid(f04db6bee7da2094ea96d2d4541a3433) Importer(2089858483,0ecaa5967403d082aa24f35e1b516d23)
Start importing Assets/NGUI/Editor/x86_64/FreeType.dll using Guid(f04db6bee7da2094ea96d2d4541a3433) Importer(2089858483,0ecaa5967403d082aa24f35e1b516d23) [PhysX] Initialized MultithreadedTaskDispatcher with 32 workers.
 -> (artifact id: 'c4a55442dca4928a3aef63b878110398') in 0.009006 seconds
Number of updated asset objects reloaded before import = 0
Number of asset objects unloaded after import = 1
========================================================================
Received Import Request.
  Time since last request: 0.000028 seconds.
  path: Assets/GooglePlayGames/Platforms/Android/AndroidEventsClient.cs
  artifactKey: Guid(311e1761661a341bebebd422a144b5e8) Importer(2089858483,0ecaa5967403d082aa24f35e1b516d23)
Start importing Assets/GooglePlayGames/Platforms/Android/AndroidEventsClient.cs using Guid(311e1761661a341bebebd422a144b5e8) Importer(2089858483,0ecaa5967403d082aa24f35e1b516d23) [PhysX] Initialized MultithreadedTaskDispatcher with 32 workers.
 -> (artifact id: '43cc604ba437cf56621768908887e107') in 0.009740 seconds
Number of updated asset objects reloaded before import = 0
Number of asset objects unloaded after import = 1
========================================================================
Received Import Request.
  Time since last request: 0.000014 seconds.
  path: Assets/NGUI/Editor/Preview/Control - Colored Vertical Scroll Bar.png
  artifactKey: Guid(766942a75e07e4b44b3d17844bc185fb) Importer(2089858483,0ecaa5967403d082aa24f35e1b516d23)
Start importing Assets/NGUI/Editor/Preview/Control - Colored Vertical Scroll Bar.png using Guid(766942a75e07e4b44b3d17844bc185fb) Importer(2089858483,0ecaa5967403d082aa24f35e1b516d23) [PhysX] Initialized MultithreadedTaskDispatcher with 32 workers.
 -> (artifact id: '88ccb6c620d3e36247cace4d8d4596d5') in 0.018097 seconds
Number of updated asset objects reloaded before import = 0
Number of asset objects unloaded after import = 1
========================================================================
Received Import Request.
  Time since last request: 0.000013 seconds.
  path: Assets/Resources/Prefabs/Line.prefab
  artifactKey: Guid(e000b98326063ca4cb5b5629ac2b135e) Importer(2089858483,0ecaa5967403d082aa24f35e1b516d23)
Start importing Assets/Resources/Prefabs/Line.prefab using Guid(e000b98326063ca4cb5b5629ac2b135e) Importer(2089858483,0ecaa5967403d082aa24f35e1b516d23) [PhysX] Initialized MultithreadedTaskDispatcher with 32 workers.
 -> (artifact id: 'db557713ee00458463c02a1b713deb18') in 0.036830 seconds
Number of updated asset objects reloaded before import = 0
Number of asset objects unloaded after import = 10
========================================================================
Received Import Request.
  Time since last request: 0.000030 seconds.
  path: Assets/GooglePlayGames/Platforms/Android/AndroidSnapshotMetadata.cs
  artifactKey: Guid(330ac7fa11d9a4bc099f0db5a3c26ad7) Importer(2089858483,0ecaa5967403d082aa24f35e1b516d23)
Start importing Assets/GooglePlayGames/Platforms/Android/AndroidSnapshotMetadata.cs using Guid(330ac7fa11d9a4bc099f0db5a3c26ad7) Importer(2089858483,0ecaa5967403d082aa24f35e1b516d23) [PhysX] Initialized MultithreadedTaskDispatcher with 32 workers.
 -> (artifact id: 'bd84f9cef4df839d7eb4f4d7296bf1c0') in 0.012489 seconds
Number of updated asset objects reloaded before import = 0
Number of asset objects unloaded after import = 1
========================================================================
Received Import Request.
  Time since last request: 0.000038 seconds.
  path: Assets/NGUI/Resources/Shaders/Unlit - Text (TextureClip).shader
  artifactKey: Guid(eec9c90e5acd4d74d9e021119fc70cf8) Importer(2089858483,0ecaa5967403d082aa24f35e1b516d23)
Start importing Assets/NGUI/Resources/Shaders/Unlit - Text (TextureClip).shader using Guid(eec9c90e5acd4d74d9e021119fc70cf8) Importer(2089858483,0ecaa5967403d082aa24f35e1b516d23) [PhysX] Initialized MultithreadedTaskDispatcher with 32 workers.
 -> (artifact id: 'aba1a539747d161eeafa5b82fec8d93f') in 0.012132 seconds
Number of updated asset objects reloaded before import = 0
Number of asset objects unloaded after import = 1
========================================================================
Received Import Request.
  Time since last request: 0.000024 seconds.
  path: Assets/GooglePlayGames/Platforms/Android/AndroidHelperFragment.cs
  artifactKey: Guid(6eb353a6ffa554bacb374cfaf0cc45e7) Importer(2089858483,0ecaa5967403d082aa24f35e1b516d23)
Start importing Assets/GooglePlayGames/Platforms/Android/AndroidHelperFragment.cs using Guid(6eb353a6ffa554bacb374cfaf0cc45e7) Importer(2089858483,0ecaa5967403d082aa24f35e1b516d23) [PhysX] Initialized MultithreadedTaskDispatcher with 32 workers.
 -> (artifact id: '8fa3ae60cae5a68386bccd0fe205c34c') in 0.010256 seconds
Number of updated asset objects reloaded before import = 0
Number of asset objects unloaded after import = 1
========================================================================
Received Import Request.
  Time since last request: 0.000028 seconds.
  path: Assets/NGUI/Editor/Preview/Control - Colored Slider.png
  artifactKey: Guid(51decac5933324a4ebb5df8e33571cc3) Importer(2089858483,0ecaa5967403d082aa24f35e1b516d23)
Start importing Assets/NGUI/Editor/Preview/Control - Colored Slider.png using Guid(51decac5933324a4ebb5df8e33571cc3) Importer(2089858483,0ecaa5967403d082aa24f35e1b516d23) [PhysX] Initialized MultithreadedTaskDispatcher with 32 workers.
 -> (artifact id: '14fad013ba273866341cb35b90a7f5f3') in 0.021040 seconds
Number of updated asset objects reloaded before import = 0
Number of asset objects unloaded after import = 1
========================================================================
Received Import Request.
  Time since last request: 0.000012 seconds.
  path: Assets/NGUI/Resources/Shaders/Unlit - Premultiplied Colored 3.shader
  artifactKey: Guid(5e82b392f79aa394fb1a579743600d5f) Importer(2089858483,0ecaa5967403d082aa24f35e1b516d23)
Start importing Assets/NGUI/Resources/Shaders/Unlit - Premultiplied Colored 3.shader using Guid(5e82b392f79aa394fb1a579743600d5f) Importer(2089858483,0ecaa5967403d082aa24f35e1b516d23) [PhysX] Initialized MultithreadedTaskDispatcher with 32 workers.
 -> (artifact id: '2f75b0c116715e696b41810ed5db62a1') in 0.007719 seconds
Number of updated asset objects reloaded before import = 0
Number of asset objects unloaded after import = 1
========================================================================
Received Import Request.
  Time since last request: 0.000012 seconds.
  path: Assets/GooglePlayGames/BasicApi/Nearby/INearbyConnectionClient.cs
  artifactKey: Guid(cb64b5b444dd34de5bd308c7eed6e509) Importer(2089858483,0ecaa5967403d082aa24f35e1b516d23)
Start importing Assets/GooglePlayGames/BasicApi/Nearby/INearbyConnectionClient.cs using Guid(cb64b5b444dd34de5bd308c7eed6e509) Importer(2089858483,0ecaa5967403d082aa24f35e1b516d23) [PhysX] Initialized MultithreadedTaskDispatcher with 32 workers.
 -> (artifact id: 'b39191a37803a349b64119815a37da48') in 0.010381 seconds
Number of updated asset objects reloaded before import = 0
Number of asset objects unloaded after import = 1
========================================================================
Received Import Request.
  Time since last request: 0.000024 seconds.
  path: Assets/Scripts/Common/ByteHelper.cs
  artifactKey: Guid(91f49b0dec92e874597dbc19551cc6bc) Importer(2089858483,0ecaa5967403d082aa24f35e1b516d23)
Start importing Assets/Scripts/Common/ByteHelper.cs using Guid(91f49b0dec92e874597dbc19551cc6bc) Importer(2089858483,0ecaa5967403d082aa24f35e1b516d23) [PhysX] Initialized MultithreadedTaskDispatcher with 32 workers.
 -> (artifact id: 'b6beab97aca320d0b45cd3f5b0658113') in 0.011410 seconds
Number of updated asset objects reloaded before import = 0
Number of asset objects unloaded after import = 1
========================================================================
Received Import Request.
  Time since last request: 0.000029 seconds.
  path: Assets/GooglePlayGames/BasicApi/Video/VideoCaptureState.cs
  artifactKey: Guid(cbf3fb68c2367460099289a57d1afecc) Importer(2089858483,0ecaa5967403d082aa24f35e1b516d23)
Start importing Assets/GooglePlayGames/BasicApi/Video/VideoCaptureState.cs using Guid(cbf3fb68c2367460099289a57d1afecc) Importer(2089858483,0ecaa5967403d082aa24f35e1b516d23) [PhysX] Initialized MultithreadedTaskDispatcher with 32 workers.
 -> (artifact id: 'ae810b649815477322a9c4767679cb88') in 0.008567 seconds
Number of updated asset objects reloaded before import = 0
Number of asset objects unloaded after import = 1
========================================================================
Received Import Request.
  Time since last request: 0.000024 seconds.
  path: Assets/Scripts/Common/Script.cs
  artifactKey: Guid(a073be44b32b9be44893f5ebae39fe1d) Importer(2089858483,0ecaa5967403d082aa24f35e1b516d23)
Start importing Assets/Scripts/Common/Script.cs using Guid(a073be44b32b9be44893f5ebae39fe1d) Importer(2089858483,0ecaa5967403d082aa24f35e1b516d23) [PhysX] Initialized MultithreadedTaskDispatcher with 32 workers.
 -> (artifact id: '2f743a36d0e2b87a6bf244686b25d5ce') in 0.007708 seconds
Number of updated asset objects reloaded before import = 0
Number of asset objects unloaded after import = 1
========================================================================
Received Import Request.
  Time since last request: 0.000011 seconds.
  path: Assets/NGUI/Editor/Preview/Control - Colored Progress Bar.png
  artifactKey: Guid(1efcf3b84c99d3041b869d559d696634) Importer(2089858483,0ecaa5967403d082aa24f35e1b516d23)
Start importing Assets/NGUI/Editor/Preview/Control - Colored Progress Bar.png using Guid(1efcf3b84c99d3041b869d559d696634) Importer(2089858483,0ecaa5967403d082aa24f35e1b516d23) [PhysX] Initialized MultithreadedTaskDispatcher with 32 workers.
 -> (artifact id: '83e9e1c9f067f8a6dc7e21e4fe3fc53c') in 0.019701 seconds
Number of updated asset objects reloaded before import = 0
Number of asset objects unloaded after import = 1
========================================================================
Received Import Request.
  Time since last request: 0.000015 seconds.
  path: Assets/NGUI/Resources/Shaders/Unlit - Premultiplied Colored.shader
  artifactKey: Guid(ed5591596df551e4c8f4b05ce88a7a07) Importer(2089858483,0ecaa5967403d082aa24f35e1b516d23)
Start importing Assets/NGUI/Resources/Shaders/Unlit - Premultiplied Colored.shader using Guid(ed5591596df551e4c8f4b05ce88a7a07) Importer(2089858483,0ecaa5967403d082aa24f35e1b516d23) [PhysX] Initialized MultithreadedTaskDispatcher with 32 workers.
 -> (artifact id: '856086655da9548215f146e312500839') in 0.008845 seconds
Number of updated asset objects reloaded before import = 0
Number of asset objects unloaded after import = 1
========================================================================
Received Import Request.
  Time since last request: 0.000016 seconds.
  path: Assets/NGUI/Editor/x86/FreeType.dylib
  artifactKey: Guid(83d67a4d19a9444f1bf70bcb6721b5d7) Importer(2089858483,0ecaa5967403d082aa24f35e1b516d23)
Start importing Assets/NGUI/Editor/x86/FreeType.dylib using Guid(83d67a4d19a9444f1bf70bcb6721b5d7) Importer(2089858483,0ecaa5967403d082aa24f35e1b516d23) [PhysX] Initialized MultithreadedTaskDispatcher with 32 workers.
 -> (artifact id: '75bf58ae320e5b8ad99ced683b9eff9a') in 0.010787 seconds
Number of updated asset objects reloaded before import = 0
Number of asset objects unloaded after import = 1
========================================================================
Received Import Request.
  Time since last request: 0.000013 seconds.
  path: Assets/Scripts/Common/OpenIABClient.cs
  artifactKey: Guid(27489edec764235418794367a606e9e0) Importer(2089858483,0ecaa5967403d082aa24f35e1b516d23)
Start importing Assets/Scripts/Common/OpenIABClient.cs using Guid(27489edec764235418794367a606e9e0) Importer(2089858483,0ecaa5967403d082aa24f35e1b516d23) [PhysX] Initialized MultithreadedTaskDispatcher with 32 workers.
 -> (artifact id: 'fe71553f8531bd3fbb177fba70a1e99b') in 0.008068 seconds
Number of updated asset objects reloaded before import = 0
Number of asset objects unloaded after import = 1
========================================================================
Received Import Request.
  Time since last request: 0.000011 seconds.
  path: Assets/Resources/Localization/CardEditor.csv
  artifactKey: Guid(0d224dc8eb8375349819451e9ed62399) Importer(2089858483,0ecaa5967403d082aa24f35e1b516d23)
Start importing Assets/Resources/Localization/CardEditor.csv using Guid(0d224dc8eb8375349819451e9ed62399) Importer(2089858483,0ecaa5967403d082aa24f35e1b516d23) [PhysX] Initialized MultithreadedTaskDispatcher with 32 workers.
 -> (artifact id: '65ba0526cb70007cc989fe2a2162ce7a') in 0.010943 seconds
Number of updated asset objects reloaded before import = 0
Number of asset objects unloaded after import = 1
========================================================================
Received Import Request.
  Time since last request: 0.000010 seconds.
  path: Assets/NGUI/Editor/Preview/Control - Simple Vertical Slider.png
  artifactKey: Guid(0c5e6f3665051a24c8deca6e53bdc587) Importer(2089858483,0ecaa5967403d082aa24f35e1b516d23)
Start importing Assets/NGUI/Editor/Preview/Control - Simple Vertical Slider.png using Guid(0c5e6f3665051a24c8deca6e53bdc587) Importer(2089858483,0ecaa5967403d082aa24f35e1b516d23) [PhysX] Initialized MultithreadedTaskDispatcher with 32 workers.
 -> (artifact id: '6fcecc77e42875f8bbd0f405972f7854') in 0.018961 seconds
Number of updated asset objects reloaded before import = 0
Number of asset objects unloaded after import = 1
========================================================================
Received Import Request.
  Time since last request: 0.000012 seconds.
  path: Assets/GooglePlayGames/BasicApi/Video/iVideoClient.cs
  artifactKey: Guid(35f4c590f605745519c321841317fae2) Importer(2089858483,0ecaa5967403d082aa24f35e1b516d23)
Start importing Assets/GooglePlayGames/BasicApi/Video/iVideoClient.cs using Guid(35f4c590f605745519c321841317fae2) Importer(2089858483,0ecaa5967403d082aa24f35e1b516d23) [PhysX] Initialized MultithreadedTaskDispatcher with 32 workers.
 -> (artifact id: 'c66da19492772882152c314e26981b92') in 0.008675 seconds
Number of updated asset objects reloaded before import = 0
Number of asset objects unloaded after import = 1
========================================================================
Received Import Request.
  Time since last request: 0.000079 seconds.
  path: Assets/NGUI/Resources/Shaders/Unlit - Premultiplied Colored 2.shader
  artifactKey: Guid(65ca32170bb371f459991a5d7696a9ba) Importer(2089858483,0ecaa5967403d082aa24f35e1b516d23)
Start importing Assets/NGUI/Resources/Shaders/Unlit - Premultiplied Colored 2.shader using Guid(65ca32170bb371f459991a5d7696a9ba) Importer(2089858483,0ecaa5967403d082aa24f35e1b516d23) [PhysX] Initialized MultithreadedTaskDispatcher with 32 workers.
 -> (artifact id: 'd02d2906bb371ca38f9394fd2b2e4d17') in 0.007757 seconds
Number of updated asset objects reloaded before import = 0
Number of asset objects unloaded after import = 1
========================================================================
Received Import Request.
  Time since last request: 0.000013 seconds.
  path: Assets/Scripts/Common/GamesServicesClient.cs
  artifactKey: Guid(8d84c777cfd5c1b46a896f68b08b91b6) Importer(2089858483,0ecaa5967403d082aa24f35e1b516d23)
Start importing Assets/Scripts/Common/GamesServicesClient.cs using Guid(8d84c777cfd5c1b46a896f68b08b91b6) Importer(2089858483,0ecaa5967403d082aa24f35e1b516d23) [PhysX] Initialized MultithreadedTaskDispatcher with 32 workers.
 -> (artifact id: 'f7b60570802132308198416123225460') in 0.008892 seconds
Number of updated asset objects reloaded before import = 0
Number of asset objects unloaded after import = 1
========================================================================
Received Import Request.
  Time since last request: 0.000011 seconds.
  path: Assets/Resources/Prefabs/Circle.prefab
  artifactKey: Guid(26d900a91eb2be341ad66cc7f75d5511) Importer(2089858483,0ecaa5967403d082aa24f35e1b516d23)
Start importing Assets/Resources/Prefabs/Circle.prefab using Guid(26d900a91eb2be341ad66cc7f75d5511) Importer(2089858483,0ecaa5967403d082aa24f35e1b516d23) [PhysX] Initialized MultithreadedTaskDispatcher with 32 workers.
 -> (artifact id: '350498a402278270f19ddb1819e6970f') in 0.018818 seconds
Number of updated asset objects reloaded before import = 0
Number of asset objects unloaded after import = 10
========================================================================
Received Import Request.
  Time since last request: 0.000012 seconds.
  path: Assets/Plugins/OpenIAB/Purchase.cs
  artifactKey: Guid(c3ae1c8b9811acb43bfa20906203afb2) Importer(2089858483,0ecaa5967403d082aa24f35e1b516d23)
Start importing Assets/Plugins/OpenIAB/Purchase.cs using Guid(c3ae1c8b9811acb43bfa20906203afb2) Importer(2089858483,0ecaa5967403d082aa24f35e1b516d23) [PhysX] Initialized MultithreadedTaskDispatcher with 32 workers.
 -> (artifact id: 'd65239729aebbf5f001fc679d17e3e29') in 0.009091 seconds
Number of updated asset objects reloaded before import = 0
Number of asset objects unloaded after import = 1
========================================================================
Received Import Request.
  Time since last request: 0.000012 seconds.
  path: Assets/GooglePlayGames/BasicApi/Nearby/ConnectionRequest.cs
  artifactKey: Guid(c7f9bb6b249224f99ad05a87d3e4ee34) Importer(2089858483,0ecaa5967403d082aa24f35e1b516d23)
Start importing Assets/GooglePlayGames/BasicApi/Nearby/ConnectionRequest.cs using Guid(c7f9bb6b249224f99ad05a87d3e4ee34) Importer(2089858483,0ecaa5967403d082aa24f35e1b516d23) [PhysX] Initialized MultithreadedTaskDispatcher with 32 workers.
 -> (artifact id: '51e232e9ae7bbf320a2902f7feb2f30e') in 0.008547 seconds
Number of updated asset objects reloaded before import = 0
Number of asset objects unloaded after import = 1
========================================================================
Received Import Request.
  Time since last request: 0.000016 seconds.
  path: Assets/Images/Meta/Android/Splash.png
  artifactKey: Guid(57876f8c868543746b125646afc59958) Importer(2089858483,0ecaa5967403d082aa24f35e1b516d23)
Start importing Assets/Images/Meta/Android/Splash.png using Guid(57876f8c868543746b125646afc59958) Importer(2089858483,0ecaa5967403d082aa24f35e1b516d23) [PhysX] Initialized MultithreadedTaskDispatcher with 32 workers.
 -> (artifact id: 'de2ba8478941cbec3950287ab57685b9') in 0.022519 seconds
Number of updated asset objects reloaded before import = 0
Number of asset objects unloaded after import = 1
========================================================================
Received Import Request.
  Time since last request: 0.000036 seconds.
  path: Assets/Scripts/Common/TaskScheduler.cs
  artifactKey: Guid(b7762f6dc0e06a540a8e59345cc50c50) Importer(2089858483,0ecaa5967403d082aa24f35e1b516d23)
Start importing Assets/Scripts/Common/TaskScheduler.cs using Guid(b7762f6dc0e06a540a8e59345cc50c50) Importer(2089858483,0ecaa5967403d082aa24f35e1b516d23) [PhysX] Initialized MultithreadedTaskDispatcher with 32 workers.
 -> (artifact id: '997d58bba2f4ed7864182d1d8f21adf2') in 0.008853 seconds
Number of updated asset objects reloaded before import = 0
Number of asset objects unloaded after import = 1
========================================================================
Received Import Request.
  Time since last request: 0.000029 seconds.
  path: Assets/GooglePlayGames/Platforms/Android/AndroidClient.cs
  artifactKey: Guid(32e99ad5da22248a28a9ca51282b121f) Importer(2089858483,0ecaa5967403d082aa24f35e1b516d23)
Start importing Assets/GooglePlayGames/Platforms/Android/AndroidClient.cs using Guid(32e99ad5da22248a28a9ca51282b121f) Importer(2089858483,0ecaa5967403d082aa24f35e1b516d23) [PhysX] Initialized MultithreadedTaskDispatcher with 32 workers.
 -> (artifact id: '000f5d22fbdc056783bfd8f283f12be6') in 0.009802 seconds
Number of updated asset objects reloaded before import = 0
Number of asset objects unloaded after import = 1
========================================================================
Received Import Request.
  Time since last request: 0.000016 seconds.
  path: Assets/NGUI/Resources/Shaders/Unlit - Premultiplied Colored 1.shader
  artifactKey: Guid(93c84009f8f004b4f84697c8cb12dd63) Importer(2089858483,0ecaa5967403d082aa24f35e1b516d23)
Start importing Assets/NGUI/Resources/Shaders/Unlit - Premultiplied Colored 1.shader using Guid(93c84009f8f004b4f84697c8cb12dd63) Importer(2089858483,0ecaa5967403d082aa24f35e1b516d23) [PhysX] Initialized MultithreadedTaskDispatcher with 32 workers.
 -> (artifact id: '8e5231c69d4987755aca6e58ea377e15') in 0.008177 seconds
Number of updated asset objects reloaded before import = 0
Number of asset objects unloaded after import = 1
========================================================================
Received Import Request.
  Time since last request: 0.000030 seconds.
  path: Assets/NGUI/Editor/Preview/Control - Simple Vertical Scroll Bar.png
  artifactKey: Guid(c98890007a14b3940a04585ef65e2b54) Importer(2089858483,0ecaa5967403d082aa24f35e1b516d23)
Start importing Assets/NGUI/Editor/Preview/Control - Simple Vertical Scroll Bar.png using Guid(c98890007a14b3940a04585ef65e2b54) Importer(2089858483,0ecaa5967403d082aa24f35e1b516d23) [PhysX] Initialized MultithreadedTaskDispatcher with 32 workers.
 -> (artifact id: 'cf792901ff9398f2d423fa4c7d28a4a6') in 0.021513 seconds
Number of updated asset objects reloaded before import = 0
Number of asset objects unloaded after import = 1
========================================================================
Received Import Request.
  Time since last request: 0.000023 seconds.
  path: Assets/GooglePlayGames/BasicApi/Video/CaptureOverlayStateListener.cs
  artifactKey: Guid(fc7fa937a5dfc443ba5cf1b14fa61812) Importer(2089858483,0ecaa5967403d082aa24f35e1b516d23)
Start importing Assets/GooglePlayGames/BasicApi/Video/CaptureOverlayStateListener.cs using Guid(fc7fa937a5dfc443ba5cf1b14fa61812) Importer(2089858483,0ecaa5967403d082aa24f35e1b516d23) [PhysX] Initialized MultithreadedTaskDispatcher with 32 workers.
 -> (artifact id: 'd2f4140bf7d0d081e1867de127ed218e') in 0.008388 seconds
Number of updated asset objects reloaded before import = 0
Number of asset objects unloaded after import = 1
========================================================================
Received Import Request.
  Time since last request: 0.000026 seconds.
  path: Assets/Plugins/OpenIAB/OptionsVerifyMode.cs
  artifactKey: Guid(d923727ef887bf6458bd92253a836304) Importer(2089858483,0ecaa5967403d082aa24f35e1b516d23)
Start importing Assets/Plugins/OpenIAB/OptionsVerifyMode.cs using Guid(d923727ef887bf6458bd92253a836304) Importer(2089858483,0ecaa5967403d082aa24f35e1b516d23) [PhysX] Initialized MultithreadedTaskDispatcher with 32 workers.
 -> (artifact id: '573ba0e72d0f8fab06b707285372420d') in 0.008572 seconds
Number of updated asset objects reloaded before import = 0
Number of asset objects unloaded after import = 1
========================================================================
Received Import Request.
  Time since last request: 0.000011 seconds.
  path: Assets/NGUI/Editor/Preview/Control - Simple Progress Bar.png
  artifactKey: Guid(36e1d3a725d052b48a97f62725e5f50e) Importer(2089858483,0ecaa5967403d082aa24f35e1b516d23)
Start importing Assets/NGUI/Editor/Preview/Control - Simple Progress Bar.png using Guid(36e1d3a725d052b48a97f62725e5f50e) Importer(2089858483,0ecaa5967403d082aa24f35e1b516d23) [PhysX] Initialized MultithreadedTaskDispatcher with 32 workers.
 -> (artifact id: '9c24a7fc71f173986d502bfc0755a4b6') in 0.018469 seconds
Number of updated asset objects reloaded before import = 0
Number of asset objects unloaded after import = 1
========================================================================
Received Import Request.
  Time since last request: 0.000016 seconds.
  path: Assets/GooglePlayGames/BasicApi/Events/Event.cs
  artifactKey: Guid(ce7f6801baead4bbda584bb96882e78b) Importer(2089858483,0ecaa5967403d082aa24f35e1b516d23)
Start importing Assets/GooglePlayGames/BasicApi/Events/Event.cs using Guid(ce7f6801baead4bbda584bb96882e78b) Importer(2089858483,0ecaa5967403d082aa24f35e1b516d23) [PhysX] Initialized MultithreadedTaskDispatcher with 32 workers.
 -> (artifact id: 'ccfd494ef45b357aa918a22b308f721d') in 0.008465 seconds
Number of updated asset objects reloaded before import = 0
Number of asset objects unloaded after import = 1
========================================================================
Received Import Request.
  Time since last request: 0.000034 seconds.
  path: Assets/GooglePlayGames/BasicApi/SavedGame/ISavedGameClient.cs
  artifactKey: Guid(5d4ff89980bdd4c9780aa3ceee54a51b) Importer(2089858483,0ecaa5967403d082aa24f35e1b516d23)
Start importing Assets/GooglePlayGames/BasicApi/SavedGame/ISavedGameClient.cs using Guid(5d4ff89980bdd4c9780aa3ceee54a51b) Importer(2089858483,0ecaa5967403d082aa24f35e1b516d23) [PhysX] Initialized MultithreadedTaskDispatcher with 32 workers.
 -> (artifact id: 'fb5fed8589666de12678cf5f4c3f3c43') in 0.008312 seconds
Number of updated asset objects reloaded before import = 0
Number of asset objects unloaded after import = 1
========================================================================
Received Import Request.
  Time since last request: 0.000019 seconds.
  path: Assets/Scripts/Views/ViewBase.cs
  artifactKey: Guid(e45a767af2ba9e94f86278e26e335754) Importer(2089858483,0ecaa5967403d082aa24f35e1b516d23)
Start importing Assets/Scripts/Views/ViewBase.cs using Guid(e45a767af2ba9e94f86278e26e335754) Importer(2089858483,0ecaa5967403d082aa24f35e1b516d23) [PhysX] Initialized MultithreadedTaskDispatcher with 32 workers.
 -> (artifact id: '3830fc5ec68f71f1ae0b5993268ca721') in 0.007263 seconds
Number of updated asset objects reloaded before import = 0
Number of asset objects unloaded after import = 1
========================================================================
Received Import Request.
  Time since last request: 0.036073 seconds.
  path: Assets/NGUI/Resources/Shaders/Unlit - Text 1.shader
  artifactKey: Guid(9f39f1d1f2f3ee04bb793082eee05819) Importer(2089858483,0ecaa5967403d082aa24f35e1b516d23)
Start importing Assets/NGUI/Resources/Shaders/Unlit - Text 1.shader using Guid(9f39f1d1f2f3ee04bb793082eee05819) Importer(2089858483,0ecaa5967403d082aa24f35e1b516d23) [PhysX] Initialized MultithreadedTaskDispatcher with 32 workers.
 -> (artifact id: '9cdb4d4bd6f31e5fe7a07eca0ee47b87') in 0.008276 seconds
Number of updated asset objects reloaded before import = 0
Number of asset objects unloaded after import = 1
========================================================================
Received Import Request.
  Time since last request: 0.000029 seconds.
  path: Assets/NGUI/Scripts/Editor/UISpriteInspector.cs
  artifactKey: Guid(921cc3716d59a904faeee8dec757dea6) Importer(2089858483,0ecaa5967403d082aa24f35e1b516d23)
Start importing Assets/NGUI/Scripts/Editor/UISpriteInspector.cs using Guid(921cc3716d59a904faeee8dec757dea6) Importer(2089858483,0ecaa5967403d082aa24f35e1b516d23) [PhysX] Initialized MultithreadedTaskDispatcher with 32 workers.
 -> (artifact id: 'a6f7d804247729d0652a9a521603e329') in 0.008549 seconds
Number of updated asset objects reloaded before import = 0
Number of asset objects unloaded after import = 1
========================================================================
Received Import Request.
  Time since last request: 0.000016 seconds.
  path: Assets/NGUI/Scripts/Interaction/LanguageSelection.cs
  artifactKey: Guid(c70d290e4a4da804eb63c8b0c528a1b7) Importer(2089858483,0ecaa5967403d082aa24f35e1b516d23)
Start importing Assets/NGUI/Scripts/Interaction/LanguageSelection.cs using Guid(c70d290e4a4da804eb63c8b0c528a1b7) Importer(2089858483,0ecaa5967403d082aa24f35e1b516d23) [PhysX] Initialized MultithreadedTaskDispatcher with 32 workers.
 -> (artifact id: 'ac96b8fd34a3ee4c529427009797de47') in 0.007856 seconds
Number of updated asset objects reloaded before import = 0
Number of asset objects unloaded after import = 1
========================================================================
Received Import Request.
  Time since last request: 0.000013 seconds.
  path: Assets/NGUI/Scripts/Interaction/UIPopupList.cs
  artifactKey: Guid(57e428c9b6087304da439ec665b56a2d) Importer(2089858483,0ecaa5967403d082aa24f35e1b516d23)
Start importing Assets/NGUI/Scripts/Interaction/UIPopupList.cs using Guid(57e428c9b6087304da439ec665b56a2d) Importer(2089858483,0ecaa5967403d082aa24f35e1b516d23) [PhysX] Initialized MultithreadedTaskDispatcher with 32 workers.
 -> (artifact id: 'b6858d8c2ce2e71aae259ff2ddfa8069') in 0.009681 seconds
Number of updated asset objects reloaded before import = 0
Number of asset objects unloaded after import = 1
========================================================================
Received Import Request.
  Time since last request: 0.000015 seconds.
  path: Assets/NGUI/Scripts/Internal/BetterList.cs
  artifactKey: Guid(06647390effa1ca49a5b31219b23963c) Importer(2089858483,0ecaa5967403d082aa24f35e1b516d23)
Start importing Assets/NGUI/Scripts/Internal/BetterList.cs using Guid(06647390effa1ca49a5b31219b23963c) Importer(2089858483,0ecaa5967403d082aa24f35e1b516d23) [PhysX] Initialized MultithreadedTaskDispatcher with 32 workers.
 -> (artifact id: '467364be1f43404a28bd5cab384b348c') in 0.008483 seconds
Number of updated asset objects reloaded before import = 0
Number of asset objects unloaded after import = 1
========================================================================
Received Import Request.
  Time since last request: 0.000012 seconds.
  path: Assets/NGUI/Scripts/Editor/UICameraEditor.cs
  artifactKey: Guid(d0a55f2ca4ffa1b438ee5421182da48a) Importer(2089858483,0ecaa5967403d082aa24f35e1b516d23)
Start importing Assets/NGUI/Scripts/Editor/UICameraEditor.cs using Guid(d0a55f2ca4ffa1b438ee5421182da48a) Importer(2089858483,0ecaa5967403d082aa24f35e1b516d23) [PhysX] Initialized MultithreadedTaskDispatcher with 32 workers.
 -> (artifact id: '201f9cf5336b82fd2c5e444d183f4e59') in 0.009057 seconds
Number of updated asset objects reloaded before import = 0
Number of asset objects unloaded after import = 1
========================================================================
Received Import Request.
  Time since last request: 0.000042 seconds.
  path: Assets/NGUI/Scripts/Editor/UIDrawCallViewer.cs
  artifactKey: Guid(dfd51f6d22e704742bbfa42849ad6d43) Importer(2089858483,0ecaa5967403d082aa24f35e1b516d23)
Start importing Assets/NGUI/Scripts/Editor/UIDrawCallViewer.cs using Guid(dfd51f6d22e704742bbfa42849ad6d43) Importer(2089858483,0ecaa5967403d082aa24f35e1b516d23) [PhysX] Initialized MultithreadedTaskDispatcher with 32 workers.
 -> (artifact id: 'c02f49215eb19c5c60ca6a21317398e1') in 0.008835 seconds
Number of updated asset objects reloaded before import = 0
Number of asset objects unloaded after import = 1
========================================================================
Received Import Request.
  Time since last request: 0.000014 seconds.
  path: Assets/NGUI/Scripts/Internal/AnimationOrTween.cs
  artifactKey: Guid(0249dc991b57a1f4fa6f192e9f4a3883) Importer(2089858483,0ecaa5967403d082aa24f35e1b516d23)
Start importing Assets/NGUI/Scripts/Internal/AnimationOrTween.cs using Guid(0249dc991b57a1f4fa6f192e9f4a3883) Importer(2089858483,0ecaa5967403d082aa24f35e1b516d23) [PhysX] Initialized MultithreadedTaskDispatcher with 32 workers.
 -> (artifact id: 'f44c55fe32d61cf6a7663d21c13bb4ec') in 0.009318 seconds
Number of updated asset objects reloaded before import = 0
Number of asset objects unloaded after import = 1
========================================================================
Received Import Request.
  Time since last request: 0.000013 seconds.
  path: Assets/NGUI/Scripts/Editor/NGUISnap.cs
  artifactKey: Guid(fa846fbc3d8dc874295406a55de7e200) Importer(2089858483,0ecaa5967403d082aa24f35e1b516d23)
Start importing Assets/NGUI/Scripts/Editor/NGUISnap.cs using Guid(fa846fbc3d8dc874295406a55de7e200) Importer(2089858483,0ecaa5967403d082aa24f35e1b516d23) [PhysX] Initialized MultithreadedTaskDispatcher with 32 workers.
 -> (artifact id: '7f7f8a820f2ca6f6e69c34043fc45003') in 0.009898 seconds
Number of updated asset objects reloaded before import = 0
Number of asset objects unloaded after import = 1
========================================================================
Received Import Request.
  Time since last request: 0.000016 seconds.
  path: Assets/NGUI/Scripts/Editor/UIProgressBarEditor.cs
  artifactKey: Guid(81229f2f75daa254298ceeba4651fa0d) Importer(2089858483,0ecaa5967403d082aa24f35e1b516d23)
Start importing Assets/NGUI/Scripts/Editor/UIProgressBarEditor.cs using Guid(81229f2f75daa254298ceeba4651fa0d) Importer(2089858483,0ecaa5967403d082aa24f35e1b516d23) [PhysX] Initialized MultithreadedTaskDispatcher with 32 workers.
 -> (artifact id: '6dbf2a4149c1e07e5fef15af96f6c1a4') in 0.010180 seconds
Number of updated asset objects reloaded before import = 0
Number of asset objects unloaded after import = 1
========================================================================
Received Import Request.
  Time since last request: 0.000058 seconds.
  path: Assets/NGUI/Scripts/Editor/UITextureInspector.cs
  artifactKey: Guid(e772b2bb85dc225499db07c5206af708) Importer(2089858483,0ecaa5967403d082aa24f35e1b516d23)
Start importing Assets/NGUI/Scripts/Editor/UITextureInspector.cs using Guid(e772b2bb85dc225499db07c5206af708) Importer(2089858483,0ecaa5967403d082aa24f35e1b516d23) [PhysX] Initialized MultithreadedTaskDispatcher with 32 workers.
 -> (artifact id: 'ae40b717b1d03e1f5c832c458b22d3c8') in 0.011062 seconds
Number of updated asset objects reloaded before import = 0
Number of asset objects unloaded after import = 1
========================================================================
Received Import Request.
  Time since last request: 0.000016 seconds.
  path: Assets/NGUI/Scripts/Editor/UICreateWidgetWizard.cs
  artifactKey: Guid(245788f199aedac469f04dfc612b041f) Importer(2089858483,0ecaa5967403d082aa24f35e1b516d23)
Start importing Assets/NGUI/Scripts/Editor/UICreateWidgetWizard.cs using Guid(245788f199aedac469f04dfc612b041f) Importer(2089858483,0ecaa5967403d082aa24f35e1b516d23) [PhysX] Initialized MultithreadedTaskDispatcher with 32 workers.
 -> (artifact id: '19813e89de50c15f4f5d57fb16610f32') in 0.009454 seconds
Number of updated asset objects reloaded before import = 0
Number of asset objects unloaded after import = 1
========================================================================
Received Import Request.
  Time since last request: 0.000015 seconds.
  path: Assets/NGUI/Scripts/Editor/UICameraTool.cs
  artifactKey: Guid(395f00539de3dd44e8e1dffd3531a1ae) Importer(2089858483,0ecaa5967403d082aa24f35e1b516d23)
Start importing Assets/NGUI/Scripts/Editor/UICameraTool.cs using Guid(395f00539de3dd44e8e1dffd3531a1ae) Importer(2089858483,0ecaa5967403d082aa24f35e1b516d23) [PhysX] Initialized MultithreadedTaskDispatcher with 32 workers.
 -> (artifact id: '7650ed1e1ba9bb122a89e29b7ae74476') in 0.008736 seconds
Number of updated asset objects reloaded before import = 0
Number of asset objects unloaded after import = 1
========================================================================
Received Import Request.
  Time since last request: 0.000015 seconds.
  path: Assets/NGUI/Scripts/Interaction/UISoundVolume.cs
  artifactKey: Guid(f0ca5f9597ed3ff48aab27234e363f92) Importer(2089858483,0ecaa5967403d082aa24f35e1b516d23)
Start importing Assets/NGUI/Scripts/Interaction/UISoundVolume.cs using Guid(f0ca5f9597ed3ff48aab27234e363f92) Importer(2089858483,0ecaa5967403d082aa24f35e1b516d23) [PhysX] Initialized MultithreadedTaskDispatcher with 32 workers.
 -> (artifact id: '3abd96f08012a4edc355d3ac985b6e38') in 0.007735 seconds
Number of updated asset objects reloaded before import = 0
Number of asset objects unloaded after import = 1
========================================================================
Received Import Request.
  Time since last request: 0.000020 seconds.
  path: Assets/NGUI/Resources/Shaders/Unlit - Transparent Masked 1.shader
  artifactKey: Guid(2cd1f5408130bdc4cbcf8c8fab8efd21) Importer(2089858483,0ecaa5967403d082aa24f35e1b516d23)
Start importing Assets/NGUI/Resources/Shaders/Unlit - Transparent Masked 1.shader using Guid(2cd1f5408130bdc4cbcf8c8fab8efd21) Importer(2089858483,0ecaa5967403d082aa24f35e1b516d23) [PhysX] Initialized MultithreadedTaskDispatcher with 32 workers.
 -> (artifact id: '93ee8c4841089500c5e2822b220c3127') in 0.008429 seconds
Number of updated asset objects reloaded before import = 0
Number of asset objects unloaded after import = 1
========================================================================
Received Import Request.
  Time since last request: 0.000012 seconds.
  path: Assets/NGUI/Scripts/Editor/ActiveAnimationEditor.cs
  artifactKey: Guid(3ba9ab789855b274fa543308ac44781b) Importer(2089858483,0ecaa5967403d082aa24f35e1b516d23)
Start importing Assets/NGUI/Scripts/Editor/ActiveAnimationEditor.cs using Guid(3ba9ab789855b274fa543308ac44781b) Importer(2089858483,0ecaa5967403d082aa24f35e1b516d23) [PhysX] Initialized MultithreadedTaskDispatcher with 32 workers.
 -> (artifact id: 'd0c83e51b016f6c853995af487516514') in 0.008067 seconds
Number of updated asset objects reloaded before import = 0
Number of asset objects unloaded after import = 1
========================================================================
Received Import Request.
  Time since last request: 0.000017 seconds.
  path: Assets/NGUI/Scripts/Editor/UIFontMaker.cs
  artifactKey: Guid(e14f05c1fecce3c489e85a9d53b8c9a5) Importer(2089858483,0ecaa5967403d082aa24f35e1b516d23)
Start importing Assets/NGUI/Scripts/Editor/UIFontMaker.cs using Guid(e14f05c1fecce3c489e85a9d53b8c9a5) Importer(2089858483,0ecaa5967403d082aa24f35e1b516d23) [PhysX] Initialized MultithreadedTaskDispatcher with 32 workers.
 -> (artifact id: 'cf4553a56c7cfed1fbd0f28b2da9dcf3') in 0.011505 seconds
Number of updated asset objects reloaded before import = 0
Number of asset objects unloaded after import = 1
========================================================================
Received Import Request.
  Time since last request: 0.000014 seconds.
  path: Assets/NGUI/Resources/Shaders/Unlit - Transparent Colored 1.shader
  artifactKey: Guid(cf9ebc36d43f657468fecb524763e3bc) Importer(2089858483,0ecaa5967403d082aa24f35e1b516d23)
Start importing Assets/NGUI/Resources/Shaders/Unlit - Transparent Colored 1.shader using Guid(cf9ebc36d43f657468fecb524763e3bc) Importer(2089858483,0ecaa5967403d082aa24f35e1b516d23) [PhysX] Initialized MultithreadedTaskDispatcher with 32 workers.
 -> (artifact id: '15424143962ed64100073f966a217c5c') in 0.008973 seconds
Number of updated asset objects reloaded before import = 0
Number of asset objects unloaded after import = 1
========================================================================
Received Import Request.
  Time since last request: 0.000015 seconds.
  path: Assets/NGUI/Scripts/Interaction/UIButtonRotation.cs
  artifactKey: Guid(3f23d9cb4e13584439c9f9ddeed5e512) Importer(2089858483,0ecaa5967403d082aa24f35e1b516d23)
Start importing Assets/NGUI/Scripts/Interaction/UIButtonRotation.cs using Guid(3f23d9cb4e13584439c9f9ddeed5e512) Importer(2089858483,0ecaa5967403d082aa24f35e1b516d23) [PhysX] Initialized MultithreadedTaskDispatcher with 32 workers.
 -> (artifact id: 'ba7d387f22095bd61809be2ffbb0d1e6') in 0.009283 seconds
Number of updated asset objects reloaded before import = 0
Number of asset objects unloaded after import = 1
========================================================================
Received Import Request.
  Time since last request: 0.000031 seconds.
  path: Assets/NGUI/Scripts/Editor/MinMaxRangeAttributeDrawer.cs
  artifactKey: Guid(1bb90f17437a4af49b55a2af54f5d1bd) Importer(2089858483,0ecaa5967403d082aa24f35e1b516d23)
Start importing Assets/NGUI/Scripts/Editor/MinMaxRangeAttributeDrawer.cs using Guid(1bb90f17437a4af49b55a2af54f5d1bd) Importer(2089858483,0ecaa5967403d082aa24f35e1b516d23) [PhysX] Initialized MultithreadedTaskDispatcher with 32 workers.
 -> (artifact id: 'c4ec2c55e592f7cfd147c94d4b1204cc') in 0.010479 seconds
Number of updated asset objects reloaded before import = 0
Number of asset objects unloaded after import = 1
========================================================================
Received Import Request.
  Time since last request: 0.000015 seconds.
  path: Assets/NGUI/Scripts/Editor/TweenWidthEditor.cs
  artifactKey: Guid(d35cd8e39586acb4a842a0c77019d598) Importer(2089858483,0ecaa5967403d082aa24f35e1b516d23)
Start importing Assets/NGUI/Scripts/Editor/TweenWidthEditor.cs using Guid(d35cd8e39586acb4a842a0c77019d598) Importer(2089858483,0ecaa5967403d082aa24f35e1b516d23) [PhysX] Initialized MultithreadedTaskDispatcher with 32 workers.
 -> (artifact id: 'b2475f19f722b0d58128cf78fb0e8255') in 0.009122 seconds
Number of updated asset objects reloaded before import = 0
Number of asset objects unloaded after import = 1
========================================================================
Received Import Request.
  Time since last request: 0.000014 seconds.
  path: Assets/NGUI/Scripts/Editor/FreeType.cs
  artifactKey: Guid(2276a2bded84b474baf9d0cab753c900) Importer(2089858483,0ecaa5967403d082aa24f35e1b516d23)
Start importing Assets/NGUI/Scripts/Editor/FreeType.cs using Guid(2276a2bded84b474baf9d0cab753c900) Importer(2089858483,0ecaa5967403d082aa24f35e1b516d23) [PhysX] Initialized MultithreadedTaskDispatcher with 32 workers.
 -> (artifact id: '721befb81f3d1c5e3004c1d5be79ffba') in 0.008024 seconds
Number of updated asset objects reloaded before import = 0
Number of asset objects unloaded after import = 1
========================================================================
Received Import Request.
  Time since last request: 0.000013 seconds.
  path: Assets/NGUI/Scripts/Editor/TweenColorEditor.cs
  artifactKey: Guid(7928b5af346eed04ba391047b8b0ddc8) Importer(2089858483,0ecaa5967403d082aa24f35e1b516d23)
Start importing Assets/NGUI/Scripts/Editor/TweenColorEditor.cs using Guid(7928b5af346eed04ba391047b8b0ddc8) Importer(2089858483,0ecaa5967403d082aa24f35e1b516d23) [PhysX] Initialized MultithreadedTaskDispatcher with 32 workers.
 -> (artifact id: '85923df704f98fd698c7772d910c1192') in 0.011319 seconds
Number of updated asset objects reloaded before import = 0
Number of asset objects unloaded after import = 1
========================================================================
Received Import Request.
  Time since last request: 0.000051 seconds.
  path: Assets/NGUI/Scripts/Editor/UIForwardEventsEditor.cs
  artifactKey: Guid(852d1257bb24f5548baaa48bb3220ccb) Importer(2089858483,0ecaa5967403d082aa24f35e1b516d23)
Start importing Assets/NGUI/Scripts/Editor/UIForwardEventsEditor.cs using Guid(852d1257bb24f5548baaa48bb3220ccb) Importer(2089858483,0ecaa5967403d082aa24f35e1b516d23) [PhysX] Initialized MultithreadedTaskDispatcher with 32 workers.
 -> (artifact id: '8fe5cfb885e427689466e3cc4811c8ec') in 0.011447 seconds
Number of updated asset objects reloaded before import = 0
Number of asset objects unloaded after import = 1
========================================================================
Received Import Request.
  Time since last request: 0.000022 seconds.
  path: Assets/NGUI/Scripts/Editor/UIPlayTweenEditor.cs
  artifactKey: Guid(bd2d136a660d64e43b806d6016dd7d31) Importer(2089858483,0ecaa5967403d082aa24f35e1b516d23)
Start importing Assets/NGUI/Scripts/Editor/UIPlayTweenEditor.cs using Guid(bd2d136a660d64e43b806d6016dd7d31) Importer(2089858483,0ecaa5967403d082aa24f35e1b516d23) [PhysX] Initialized MultithreadedTaskDispatcher with 32 workers.
 -> (artifact id: 'e66f1806ab6130c021e3f04e14186fd4') in 0.008497 seconds
Number of updated asset objects reloaded before import = 0
Number of asset objects unloaded after import = 1
========================================================================
Received Import Request.
  Time since last request: 0.000029 seconds.
  path: Assets/NGUI/Scripts/Editor/NGUIMenu.cs
  artifactKey: Guid(9e55520451765634c9abb4830c2b53b3) Importer(2089858483,0ecaa5967403d082aa24f35e1b516d23)
Start importing Assets/NGUI/Scripts/Editor/NGUIMenu.cs using Guid(9e55520451765634c9abb4830c2b53b3) Importer(2089858483,0ecaa5967403d082aa24f35e1b516d23) [PhysX] Initialized MultithreadedTaskDispatcher with 32 workers.
 -> (artifact id: '169c59f39bb0d99c4e50c356f654ea04') in 0.008039 seconds
Number of updated asset objects reloaded before import = 0
Number of asset objects unloaded after import = 1
========================================================================
Received Import Request.
  Time since last request: 0.000018 seconds.
  path: Assets/NGUI/Scripts/Editor/TweenTransformEditor.cs
  artifactKey: Guid(9ff6713338f44844c82de82685521dd3) Importer(2089858483,0ecaa5967403d082aa24f35e1b516d23)
Start importing Assets/NGUI/Scripts/Editor/TweenTransformEditor.cs using Guid(9ff6713338f44844c82de82685521dd3) Importer(2089858483,0ecaa5967403d082aa24f35e1b516d23) [PhysX] Initialized MultithreadedTaskDispatcher with 32 workers.
 -> (artifact id: '76cc5511eef18445d0831fa2af07b533') in 0.007161 seconds
Number of updated asset objects reloaded before import = 0
Number of asset objects unloaded after import = 1
========================================================================
Received Import Request.
  Time since last request: 0.000019 seconds.
  path: Assets/NGUI/Scripts/Editor/UIDrawCallInspector.cs
  artifactKey: Guid(ba9d9afe888570648bcbad1b0d7a3971) Importer(2089858483,0ecaa5967403d082aa24f35e1b516d23)
Start importing Assets/NGUI/Scripts/Editor/UIDrawCallInspector.cs using Guid(ba9d9afe888570648bcbad1b0d7a3971) Importer(2089858483,0ecaa5967403d082aa24f35e1b516d23) [PhysX] Initialized MultithreadedTaskDispatcher with 32 workers.
 -> (artifact id: '2dd678d43ebbfca4d7326cb05f637455') in 0.007281 seconds
Number of updated asset objects reloaded before import = 0
Number of asset objects unloaded after import = 1
========================================================================
Received Import Request.
  Time since last request: 0.000020 seconds.
  path: Assets/NGUI/Scripts/Editor/UIEventTriggerEditor.cs
  artifactKey: Guid(8342876081aa9364485fc9d21d5f481f) Importer(2089858483,0ecaa5967403d082aa24f35e1b516d23)
Start importing Assets/NGUI/Scripts/Editor/UIEventTriggerEditor.cs using Guid(8342876081aa9364485fc9d21d5f481f) Importer(2089858483,0ecaa5967403d082aa24f35e1b516d23) [PhysX] Initialized MultithreadedTaskDispatcher with 32 workers.
 -> (artifact id: '0ee1a09a758c527c43b37827cb213faa') in 0.007022 seconds
Number of updated asset objects reloaded before import = 0
Number of asset objects unloaded after import = 1
========================================================================
Received Import Request.
  Time since last request: 0.000031 seconds.
  path: Assets/NGUI/Scripts/Editor/EventDelegateDrawer.cs
  artifactKey: Guid(919314d918a245a4bb343f8a5dfcaa97) Importer(2089858483,0ecaa5967403d082aa24f35e1b516d23)
Start importing Assets/NGUI/Scripts/Editor/EventDelegateDrawer.cs using Guid(919314d918a245a4bb343f8a5dfcaa97) Importer(2089858483,0ecaa5967403d082aa24f35e1b516d23) [PhysX] Initialized MultithreadedTaskDispatcher with 32 workers.
 -> (artifact id: '89d0967cc977db22b87cd7aa43988a1b') in 0.007366 seconds
Number of updated asset objects reloaded before import = 0
Number of asset objects unloaded after import = 1
========================================================================
Received Import Request.
  Time since last request: 0.000027 seconds.
  path: Assets/NGUI/Scripts/Editor/TweenRotationEditor.cs
  artifactKey: Guid(37920e4b9f98bd44fa1250a9d995475c) Importer(2089858483,0ecaa5967403d082aa24f35e1b516d23)
Start importing Assets/NGUI/Scripts/Editor/TweenRotationEditor.cs using Guid(37920e4b9f98bd44fa1250a9d995475c) Importer(2089858483,0ecaa5967403d082aa24f35e1b516d23) [PhysX] Initialized MultithreadedTaskDispatcher with 32 workers.
 -> (artifact id: 'd8331c8289bd0d6fc37e84c50ef73e82') in 0.006399 seconds
Number of updated asset objects reloaded before import = 0
Number of asset objects unloaded after import = 1
========================================================================
Received Import Request.
  Time since last request: 0.000028 seconds.
  path: Assets/NGUI/Resources/Shaders/Unlit - Text.shader
  artifactKey: Guid(773417da4aa1b46409bd1e7574dcb251) Importer(2089858483,0ecaa5967403d082aa24f35e1b516d23)
Start importing Assets/NGUI/Resources/Shaders/Unlit - Text.shader using Guid(773417da4aa1b46409bd1e7574dcb251) Importer(2089858483,0ecaa5967403d082aa24f35e1b516d23) [PhysX] Initialized MultithreadedTaskDispatcher with 32 workers.
 -> (artifact id: '337bc6975b488e7156409a08b08fb317') in 0.006477 seconds
Number of updated asset objects reloaded before import = 0
Number of asset objects unloaded after import = 1
========================================================================
Received Import Request.
  Time since last request: 0.000015 seconds.
  path: Assets/NGUI/Scripts/Editor/UIStretchEditor.cs
  artifactKey: Guid(26aa400b9b7cfb04492304287feb589d) Importer(2089858483,0ecaa5967403d082aa24f35e1b516d23)
Start importing Assets/NGUI/Scripts/Editor/UIStretchEditor.cs using Guid(26aa400b9b7cfb04492304287feb589d) Importer(2089858483,0ecaa5967403d082aa24f35e1b516d23) [PhysX] Initialized MultithreadedTaskDispatcher with 32 workers.
 -> (artifact id: 'cca8ec7cf22c956c1f0d45a37fe3fed0') in 0.007747 seconds
Number of updated asset objects reloaded before import = 0
Number of asset objects unloaded after import = 1
========================================================================
Received Import Request.
  Time since last request: 0.000017 seconds.
  path: Assets/NGUI/Scripts/Interaction/UIDraggableCamera.cs
  artifactKey: Guid(9b2b2744de0a2904ca960e2d57e1ef56) Importer(2089858483,0ecaa5967403d082aa24f35e1b516d23)
Start importing Assets/NGUI/Scripts/Interaction/UIDraggableCamera.cs using Guid(9b2b2744de0a2904ca960e2d57e1ef56) Importer(2089858483,0ecaa5967403d082aa24f35e1b516d23) [PhysX] Initialized MultithreadedTaskDispatcher with 32 workers.
 -> (artifact id: '94eede89cfa78879c8922031d23bb641') in 0.007625 seconds
Number of updated asset objects reloaded before import = 0
Number of asset objects unloaded after import = 1
========================================================================
Received Import Request.
  Time since last request: 0.000016 seconds.
  path: Assets/NGUI/Scripts/Interaction/UICenterOnClick.cs
  artifactKey: Guid(72af25c2a1299f94a86fa9cace6e252a) Importer(2089858483,0ecaa5967403d082aa24f35e1b516d23)
Start importing Assets/NGUI/Scripts/Interaction/UICenterOnClick.cs using Guid(72af25c2a1299f94a86fa9cace6e252a) Importer(2089858483,0ecaa5967403d082aa24f35e1b516d23) [PhysX] Initialized MultithreadedTaskDispatcher with 32 workers.
 -> (artifact id: '6a9ce08b27a63137702c3a939e531cf3') in 0.007399 seconds
Number of updated asset objects reloaded before import = 0
Number of asset objects unloaded after import = 1
========================================================================
Received Import Request.
  Time since last request: 0.000007 seconds.
  path: Assets/NGUI/Scripts/Editor/UIWrapContentEditor.cs
  artifactKey: Guid(21e41d478ab977b40b3bf8b95b0cdf6d) Importer(2089858483,0ecaa5967403d082aa24f35e1b516d23)
Start importing Assets/NGUI/Scripts/Editor/UIWrapContentEditor.cs using Guid(21e41d478ab977b40b3bf8b95b0cdf6d) Importer(2089858483,0ecaa5967403d082aa24f35e1b516d23) [PhysX] Initialized MultithreadedTaskDispatcher with 32 workers.
 -> (artifact id: 'e9760bbb31daa0133312f634c0a516ab') in 0.009111 seconds
Number of updated asset objects reloaded before import = 0
Number of asset objects unloaded after import = 1
========================================================================
Received Import Request.
  Time since last request: 0.000015 seconds.
  path: Assets/NGUI/Scripts/Editor/UISnapshotPointEditor.cs
  artifactKey: Guid(d43571d32669b3f439cff5ea0ee6d6f6) Importer(2089858483,0ecaa5967403d082aa24f35e1b516d23)
Start importing Assets/NGUI/Scripts/Editor/UISnapshotPointEditor.cs using Guid(d43571d32669b3f439cff5ea0ee6d6f6) Importer(2089858483,0ecaa5967403d082aa24f35e1b516d23) [PhysX] Initialized MultithreadedTaskDispatcher with 32 workers.
 -> (artifact id: '7297e0b353e61064787b17eb96ebf2a2') in 0.008369 seconds
Number of updated asset objects reloaded before import = 0
Number of asset objects unloaded after import = 1
========================================================================
Received Import Request.
  Time since last request: 0.000013 seconds.
  path: Assets/NGUI/Resources/Shaders/Unlit - Transparent Colored (TextureClip).shader
  artifactKey: Guid(720c2c242cde13e4188964c550502b5e) Importer(2089858483,0ecaa5967403d082aa24f35e1b516d23)
Start importing Assets/NGUI/Resources/Shaders/Unlit - Transparent Colored (TextureClip).shader using Guid(720c2c242cde13e4188964c550502b5e) Importer(2089858483,0ecaa5967403d082aa24f35e1b516d23) [PhysX] Initialized MultithreadedTaskDispatcher with 32 workers.
 -> (artifact id: 'dc72c8d5134a42a4166dec681255d12d') in 0.007012 seconds
Number of updated asset objects reloaded before import = 0
Number of asset objects unloaded after import = 1
========================================================================
Received Import Request.
  Time since last request: 0.000009 seconds.
  path: Assets/NGUI/Scripts/Editor/NGUIContextMenu.cs
  artifactKey: Guid(5cc4eee160da88443a1fbb257749ca15) Importer(2089858483,0ecaa5967403d082aa24f35e1b516d23)
Start importing Assets/NGUI/Scripts/Editor/NGUIContextMenu.cs using Guid(5cc4eee160da88443a1fbb257749ca15) Importer(2089858483,0ecaa5967403d082aa24f35e1b516d23) [PhysX] Initialized MultithreadedTaskDispatcher with 32 workers.
 -> (artifact id: 'e8e62a6992a49a5989b601101cdea96c') in 0.007394 seconds
Number of updated asset objects reloaded before import = 0
Number of asset objects unloaded after import = 1
========================================================================
Received Import Request.
  Time since last request: 0.000021 seconds.
  path: Assets/NGUI/Scripts/Editor/UIBasicSpriteEditor.cs
  artifactKey: Guid(8bb84ce4e2503cc4d90712c5e8b16f75) Importer(2089858483,0ecaa5967403d082aa24f35e1b516d23)
Start importing Assets/NGUI/Scripts/Editor/UIBasicSpriteEditor.cs using Guid(8bb84ce4e2503cc4d90712c5e8b16f75) Importer(2089858483,0ecaa5967403d082aa24f35e1b516d23) [PhysX] Initialized MultithreadedTaskDispatcher with 32 workers.
 -> (artifact id: '147f7c6f757fde4b921e76f81f0a95ab') in 0.006510 seconds
Number of updated asset objects reloaded before import = 0
Number of asset objects unloaded after import = 1
========================================================================
Received Import Request.
  Time since last request: 0.000018 seconds.
  path: Assets/NGUI/Scripts/Editor/NGUITransformInspector.cs
  artifactKey: Guid(9997db2c14b24cd4d94a8ebb76fff1f5) Importer(2089858483,0ecaa5967403d082aa24f35e1b516d23)
Start importing Assets/NGUI/Scripts/Editor/NGUITransformInspector.cs using Guid(9997db2c14b24cd4d94a8ebb76fff1f5) Importer(2089858483,0ecaa5967403d082aa24f35e1b516d23) [PhysX] Initialized MultithreadedTaskDispatcher with 32 workers.
 -> (artifact id: '96a72c2ac3dab87448d5095ae74f1747') in 0.007219 seconds
Number of updated asset objects reloaded before import = 0
Number of asset objects unloaded after import = 1
========================================================================
Received Import Request.
  Time since last request: 0.000025 seconds.
  path: Assets/NGUI/Resources/Shaders/Unlit - Text 3.shader
  artifactKey: Guid(27275fc7df2ec0346ba12831e6a01345) Importer(2089858483,0ecaa5967403d082aa24f35e1b516d23)
Start importing Assets/NGUI/Resources/Shaders/Unlit - Text 3.shader using Guid(27275fc7df2ec0346ba12831e6a01345) Importer(2089858483,0ecaa5967403d082aa24f35e1b516d23) [PhysX] Initialized MultithreadedTaskDispatcher with 32 workers.
 -> (artifact id: '3b5203b32221e8a3e38942d1c86d880a') in 0.006574 seconds
Number of updated asset objects reloaded before import = 0
Number of asset objects unloaded after import = 1
========================================================================
Received Import Request.
  Time since last request: 0.000017 seconds.
  path: Assets/NGUI/Scripts/Editor/UIFontInspector.cs
  artifactKey: Guid(a1bf769ed077fac4b821591f35174d8a) Importer(2089858483,0ecaa5967403d082aa24f35e1b516d23)
Start importing Assets/NGUI/Scripts/Editor/UIFontInspector.cs using Guid(a1bf769ed077fac4b821591f35174d8a) Importer(2089858483,0ecaa5967403d082aa24f35e1b516d23) [PhysX] Initialized MultithreadedTaskDispatcher with 32 workers.
 -> (artifact id: '3de3dbf642679a55d432dc127cebaf39') in 0.007010 seconds
Number of updated asset objects reloaded before import = 0
Number of asset objects unloaded after import = 1
========================================================================
Received Import Request.
  Time since last request: 0.000014 seconds.
  path: Assets/NGUI/Scripts/Interaction/UIDragDropRoot.cs
  artifactKey: Guid(f58673abf18fa334bbffe3a5b682f103) Importer(2089858483,0ecaa5967403d082aa24f35e1b516d23)
Start importing Assets/NGUI/Scripts/Interaction/UIDragDropRoot.cs using Guid(f58673abf18fa334bbffe3a5b682f103) Importer(2089858483,0ecaa5967403d082aa24f35e1b516d23) [PhysX] Initialized MultithreadedTaskDispatcher with 32 workers.
 -> (artifact id: 'aa5541ab9f4c8fb296efc8b03b3e737e') in 0.006408 seconds
Number of updated asset objects reloaded before import = 0
Number of asset objects unloaded after import = 1
========================================================================
Received Import Request.
  Time since last request: 0.000017 seconds.
  path: Assets/NGUI/Scripts/Editor/UITweenerEditor.cs
  artifactKey: Guid(3564c93409a4aaa44a48de1e49be56ba) Importer(2089858483,0ecaa5967403d082aa24f35e1b516d23)
Start importing Assets/NGUI/Scripts/Editor/UITweenerEditor.cs using Guid(3564c93409a4aaa44a48de1e49be56ba) Importer(2089858483,0ecaa5967403d082aa24f35e1b516d23) [PhysX] Initialized MultithreadedTaskDispatcher with 32 workers.
 -> (artifact id: '3890a824b68db9755d9ee5b095c548a6') in 0.007402 seconds
Number of updated asset objects reloaded before import = 0
Number of asset objects unloaded after import = 1
========================================================================
Received Import Request.
  Time since last request: 0.000043 seconds.
  path: Assets/NGUI/Scripts/Editor/UIButtonColorEditor.cs
  artifactKey: Guid(911094946c3d42444ae2f537f02a998e) Importer(2089858483,0ecaa5967403d082aa24f35e1b516d23)
Start importing Assets/NGUI/Scripts/Editor/UIButtonColorEditor.cs using Guid(911094946c3d42444ae2f537f02a998e) Importer(2089858483,0ecaa5967403d082aa24f35e1b516d23) [PhysX] Initialized MultithreadedTaskDispatcher with 32 workers.
 -> (artifact id: '8a7a1c974ea97e0b70c7cdced10a3bab') in 0.008353 seconds
Number of updated asset objects reloaded before import = 0
Number of asset objects unloaded after import = 1
========================================================================
Received Import Request.
  Time since last request: 0.000034 seconds.
  path: Assets/NGUI/Scripts/Editor/UIAtlasMaker.cs
  artifactKey: Guid(6640bfdeeb55c3846ae12d39c4be16c7) Importer(2089858483,0ecaa5967403d082aa24f35e1b516d23)
Start importing Assets/NGUI/Scripts/Editor/UIAtlasMaker.cs using Guid(6640bfdeeb55c3846ae12d39c4be16c7) Importer(2089858483,0ecaa5967403d082aa24f35e1b516d23) [PhysX] Initialized MultithreadedTaskDispatcher with 32 workers.
 -> (artifact id: '2e9f44643559c80cf1eb47f7fb3241b1') in 0.008912 seconds
Number of updated asset objects reloaded before import = 0
Number of asset objects unloaded after import = 1
========================================================================
Received Import Request.
  Time since last request: 0.000011 seconds.
  path: Assets/NGUI/Scripts/Interaction/UIDragDropItem.cs
  artifactKey: Guid(9d9ee9adcf574fc42857acfaad9fb89e) Importer(2089858483,0ecaa5967403d082aa24f35e1b516d23)
Start importing Assets/NGUI/Scripts/Interaction/UIDragDropItem.cs using Guid(9d9ee9adcf574fc42857acfaad9fb89e) Importer(2089858483,0ecaa5967403d082aa24f35e1b516d23) [PhysX] Initialized MultithreadedTaskDispatcher with 32 workers.
 -> (artifact id: '7dc9c688f0c73bfca858c143a96bf125') in 0.007557 seconds
Number of updated asset objects reloaded before import = 0
Number of asset objects unloaded after import = 1
========================================================================
Received Import Request.
  Time since last request: 0.000020 seconds.
  path: Assets/NGUI/Scripts/Interaction/UIWidgetContainer.cs
  artifactKey: Guid(bc1bf488fc3345a41bad73504e63dce1) Importer(2089858483,0ecaa5967403d082aa24f35e1b516d23)
Start importing Assets/NGUI/Scripts/Interaction/UIWidgetContainer.cs using Guid(bc1bf488fc3345a41bad73504e63dce1) Importer(2089858483,0ecaa5967403d082aa24f35e1b516d23) [PhysX] Initialized MultithreadedTaskDispatcher with 32 workers.
 -> (artifact id: 'a87fe49a7bb44eb5452a8ab223b60cac') in 0.009442 seconds
Number of updated asset objects reloaded before import = 0
Number of asset objects unloaded after import = 1
========================================================================
Received Import Request.
  Time since last request: 0.000026 seconds.
  path: Assets/NGUI/Scripts/Editor/PropertyReferenceDrawer.cs
  artifactKey: Guid(788be684805fb7f4bb044f3cdf3206be) Importer(2089858483,0ecaa5967403d082aa24f35e1b516d23)
Start importing Assets/NGUI/Scripts/Editor/PropertyReferenceDrawer.cs using Guid(788be684805fb7f4bb044f3cdf3206be) Importer(2089858483,0ecaa5967403d082aa24f35e1b516d23) [PhysX] Initialized MultithreadedTaskDispatcher with 32 workers.
 -> (artifact id: '6bbe4978fceb4a6afcbf588bf4c70cc8') in 0.009436 seconds
Number of updated asset objects reloaded before import = 0
Number of asset objects unloaded after import = 1
========================================================================
Received Import Request.
  Time since last request: 0.000014 seconds.
  path: Assets/NGUI/Scripts/Editor/UILabelInspector.cs
  artifactKey: Guid(04cb63f7bb5b23f4faa0e2bc480e77c8) Importer(2089858483,0ecaa5967403d082aa24f35e1b516d23)
Start importing Assets/NGUI/Scripts/Editor/UILabelInspector.cs using Guid(04cb63f7bb5b23f4faa0e2bc480e77c8) Importer(2089858483,0ecaa5967403d082aa24f35e1b516d23) [PhysX] Initialized MultithreadedTaskDispatcher with 32 workers.
 -> (artifact id: 'd933bf836f32af8c4ffbeb4210348212') in 0.009949 seconds
Number of updated asset objects reloaded before import = 0
Number of asset objects unloaded after import = 1
========================================================================
Received Import Request.
  Time since last request: 0.000010 seconds.
  path: Assets/NGUI/Resources/Shaders/Unlit - Transparent Colored 2.shader
  artifactKey: Guid(1682092270f88d04bb434756a984ea87) Importer(2089858483,0ecaa5967403d082aa24f35e1b516d23)
Start importing Assets/NGUI/Resources/Shaders/Unlit - Transparent Colored 2.shader using Guid(1682092270f88d04bb434756a984ea87) Importer(2089858483,0ecaa5967403d082aa24f35e1b516d23) [PhysX] Initialized MultithreadedTaskDispatcher with 32 workers.
 -> (artifact id: 'c7161dc6714e4c9d41f76e58d6193e35') in 0.008604 seconds
Number of updated asset objects reloaded before import = 0
Number of asset objects unloaded after import = 1
========================================================================
Received Import Request.
  Time since last request: 0.000017 seconds.
  path: Assets/NGUI/Scripts/Editor/UIScrollBarEditor.cs
  artifactKey: Guid(20f7848ea19ece0419ac9b5999ff0df5) Importer(2089858483,0ecaa5967403d082aa24f35e1b516d23)
Start importing Assets/NGUI/Scripts/Editor/UIScrollBarEditor.cs using Guid(20f7848ea19ece0419ac9b5999ff0df5) Importer(2089858483,0ecaa5967403d082aa24f35e1b516d23) [PhysX] Initialized MultithreadedTaskDispatcher with 32 workers.
 -> (artifact id: '6fbf2c2f40e21104296344b70a21587f') in 0.011620 seconds
Number of updated asset objects reloaded before import = 0
Number of asset objects unloaded after import = 1
========================================================================
Received Import Request.
  Time since last request: 0.000057 seconds.
  path: Assets/NGUI/Scripts/Editor/SpriteSelector.cs
  artifactKey: Guid(623be2c02ff0ce24d83ce440e4fa393d) Importer(2089858483,0ecaa5967403d082aa24f35e1b516d23)
Start importing Assets/NGUI/Scripts/Editor/SpriteSelector.cs using Guid(623be2c02ff0ce24d83ce440e4fa393d) Importer(2089858483,0ecaa5967403d082aa24f35e1b516d23) [PhysX] Initialized MultithreadedTaskDispatcher with 32 workers.
 -> (artifact id: 'fe059f5374390273266da06e45cf4a85') in 0.012557 seconds
Number of updated asset objects reloaded before import = 0
Number of asset objects unloaded after import = 1
========================================================================
Received Import Request.
  Time since last request: 0.000016 seconds.
  path: Assets/NGUI/Scripts/Interaction/UIButtonScale.cs
  artifactKey: Guid(5c041f61e4a9fbf4e830210f5d933ece) Importer(2089858483,0ecaa5967403d082aa24f35e1b516d23)
Start importing Assets/NGUI/Scripts/Interaction/UIButtonScale.cs using Guid(5c041f61e4a9fbf4e830210f5d933ece) Importer(2089858483,0ecaa5967403d082aa24f35e1b516d23) [PhysX] Initialized MultithreadedTaskDispatcher with 32 workers.
 -> (artifact id: '97000f8ca6a28a3246e431eccdb1624a') in 0.010237 seconds
Number of updated asset objects reloaded before import = 0
Number of asset objects unloaded after import = 1
========================================================================
Received Import Request.
  Time since last request: 0.000015 seconds.
  path: Assets/NGUI/Scripts/Interaction/UIToggle.cs
  artifactKey: Guid(446d504799d99174383957fca80713c8) Importer(2089858483,0ecaa5967403d082aa24f35e1b516d23)
Start importing Assets/NGUI/Scripts/Interaction/UIToggle.cs using Guid(446d504799d99174383957fca80713c8) Importer(2089858483,0ecaa5967403d082aa24f35e1b516d23) [PhysX] Initialized MultithreadedTaskDispatcher with 32 workers.
 -> (artifact id: '99e9a1887e5c2544a4f16af23af3781f') in 0.009206 seconds
Number of updated asset objects reloaded before import = 0
Number of asset objects unloaded after import = 1
========================================================================
Received Import Request.
  Time since last request: 0.000009 seconds.
  path: Assets/NGUI/Scripts/Editor/UIButtonMessageEditor.cs
  artifactKey: Guid(c44704a953b80c343a2ed6cd9ea1a77d) Importer(2089858483,0ecaa5967403d082aa24f35e1b516d23)
Start importing Assets/NGUI/Scripts/Editor/UIButtonMessageEditor.cs using Guid(c44704a953b80c343a2ed6cd9ea1a77d) Importer(2089858483,0ecaa5967403d082aa24f35e1b516d23) [PhysX] Initialized MultithreadedTaskDispatcher with 32 workers.
 -> (artifact id: '987b35f879dc193c9d4eb443a1fe3e6b') in 0.007843 seconds
Number of updated asset objects reloaded before import = 0
Number of asset objects unloaded after import = 1
========================================================================
Received Import Request.
  Time since last request: 0.000018 seconds.
  path: Assets/NGUI/Scripts/Interaction/UISavedOption.cs
  artifactKey: Guid(b7fee06681a472243a6427c8b9847475) Importer(2089858483,0ecaa5967403d082aa24f35e1b516d23)
Start importing Assets/NGUI/Scripts/Interaction/UISavedOption.cs using Guid(b7fee06681a472243a6427c8b9847475) Importer(2089858483,0ecaa5967403d082aa24f35e1b516d23) [PhysX] Initialized MultithreadedTaskDispatcher with 32 workers.
 -> (artifact id: '9a391db676bd08bfdeca1865ae2f286b') in 0.008472 seconds
Number of updated asset objects reloaded before import = 0
Number of asset objects unloaded after import = 1
========================================================================
Received Import Request.
  Time since last request: 0.000021 seconds.
  path: Assets/NGUI/Resources/Shaders/Unlit - Transparent Masked.shader
  artifactKey: Guid(9300d87db4ad0b0439f6fb97c3ce8ccf) Importer(2089858483,0ecaa5967403d082aa24f35e1b516d23)
Start importing Assets/NGUI/Resources/Shaders/Unlit - Transparent Masked.shader using Guid(9300d87db4ad0b0439f6fb97c3ce8ccf) Importer(2089858483,0ecaa5967403d082aa24f35e1b516d23) [PhysX] Initialized MultithreadedTaskDispatcher with 32 workers.
 -> (artifact id: '7dbe422089ad3e079a97aced3b01af20') in 0.009548 seconds
Number of updated asset objects reloaded before import = 0
Number of asset objects unloaded after import = 1
========================================================================
Received Import Request.
  Time since last request: 0.000014 seconds.
  path: Assets/NGUI/Scripts/Editor/UIWidgetInspector.cs
  artifactKey: Guid(d8a786fe017602a438111c9d297ffcac) Importer(2089858483,0ecaa5967403d082aa24f35e1b516d23)
Start importing Assets/NGUI/Scripts/Editor/UIWidgetInspector.cs using Guid(d8a786fe017602a438111c9d297ffcac) Importer(2089858483,0ecaa5967403d082aa24f35e1b516d23) [PhysX] Initialized MultithreadedTaskDispatcher with 32 workers.
 -> (artifact id: '297bb765acfcbc80db48d8baade14452') in 0.012469 seconds
Number of updated asset objects reloaded before import = 0
Number of asset objects unloaded after import = 1
========================================================================
Received Import Request.
  Time since last request: 0.000015 seconds.
  path: Assets/NGUI/Scripts/Editor/UIPlayAnimationEditor.cs
  artifactKey: Guid(61efec75045d72f48be7163deac67659) Importer(2089858483,0ecaa5967403d082aa24f35e1b516d23)
Start importing Assets/NGUI/Scripts/Editor/UIPlayAnimationEditor.cs using Guid(61efec75045d72f48be7163deac67659) Importer(2089858483,0ecaa5967403d082aa24f35e1b516d23) [PhysX] Initialized MultithreadedTaskDispatcher with 32 workers.
 -> (artifact id: 'd0f4a15288ca768dff810c787a2fe67f') in 0.010873 seconds
Number of updated asset objects reloaded before import = 0
Number of asset objects unloaded after import = 1
========================================================================
Received Import Request.
  Time since last request: 0.000022 seconds.
  path: Assets/NGUI/Resources/Shaders/Unlit - Transparent Packed.shader
  artifactKey: Guid(f3fd145b191cf4040ac6b55cda352a53) Importer(2089858483,0ecaa5967403d082aa24f35e1b516d23)
Start importing Assets/NGUI/Resources/Shaders/Unlit - Transparent Packed.shader using Guid(f3fd145b191cf4040ac6b55cda352a53) Importer(2089858483,0ecaa5967403d082aa24f35e1b516d23) [PhysX] Initialized MultithreadedTaskDispatcher with 32 workers.
 -> (artifact id: 'dcbbe1c770bef992e2a846b80cb8eae8') in 0.008602 seconds
Number of updated asset objects reloaded before import = 0
Number of asset objects unloaded after import = 1
========================================================================
Received Import Request.
  Time since last request: 0.000011 seconds.
  path: Assets/NGUI/Scripts/Interaction/UIToggledComponents.cs
  artifactKey: Guid(0480f64170b8ebe45812d18656dcfc44) Importer(2089858483,0ecaa5967403d082aa24f35e1b516d23)
Start importing Assets/NGUI/Scripts/Interaction/UIToggledComponents.cs using Guid(0480f64170b8ebe45812d18656dcfc44) Importer(2089858483,0ecaa5967403d082aa24f35e1b516d23) [PhysX] Initialized MultithreadedTaskDispatcher with 32 workers.
 -> (artifact id: 'b6dc26e6b07b12a8c557110351d21660') in 0.009380 seconds
Number of updated asset objects reloaded before import = 0
Number of asset objects unloaded after import = 1
========================================================================
Received Import Request.
  Time since last request: 0.000015 seconds.
  path: Assets/NGUI/Scripts/Interaction/UIKeyNavigation.cs
  artifactKey: Guid(643ea4bc79b55444d974ddbd31a6cd5d) Importer(2089858483,0ecaa5967403d082aa24f35e1b516d23)
Start importing Assets/NGUI/Scripts/Interaction/UIKeyNavigation.cs using Guid(643ea4bc79b55444d974ddbd31a6cd5d) Importer(2089858483,0ecaa5967403d082aa24f35e1b516d23) [PhysX] Initialized MultithreadedTaskDispatcher with 32 workers.
 -> (artifact id: '3d07c2066654c406ce968cb4b038697e') in 0.008060 seconds
Number of updated asset objects reloaded before import = 0
Number of asset objects unloaded after import = 1
========================================================================
Received Import Request.
  Time since last request: 0.000011 seconds.
  path: Assets/NGUI/Scripts/Interaction/UIDragDropContainer.cs
  artifactKey: Guid(c33bc83ab81ec0c44976c6fb1d44e55a) Importer(2089858483,0ecaa5967403d082aa24f35e1b516d23)
Start importing Assets/NGUI/Scripts/Interaction/UIDragDropContainer.cs using Guid(c33bc83ab81ec0c44976c6fb1d44e55a) Importer(2089858483,0ecaa5967403d082aa24f35e1b516d23) [PhysX] Initialized MultithreadedTaskDispatcher with 32 workers.
 -> (artifact id: '374fa6121cf14c9efadd348f67fffc36') in 0.008448 seconds
Number of updated asset objects reloaded before import = 0
Number of asset objects unloaded after import = 1
========================================================================
Received Import Request.
  Time since last request: 0.000009 seconds.
  path: Assets/NGUI/Scripts/Editor/NGUISettings.cs
  artifactKey: Guid(06fab1249a3cb60469c68b2ee2a0701f) Importer(2089858483,0ecaa5967403d082aa24f35e1b516d23)
Start importing Assets/NGUI/Scripts/Editor/NGUISettings.cs using Guid(06fab1249a3cb60469c68b2ee2a0701f) Importer(2089858483,0ecaa5967403d082aa24f35e1b516d23) [PhysX] Initialized MultithreadedTaskDispatcher with 32 workers.
 -> (artifact id: '5a3cce84f32011e86fba1221e22f8562') in 0.007101 seconds
Number of updated asset objects reloaded before import = 0
Number of asset objects unloaded after import = 1
========================================================================
Received Import Request.
  Time since last request: 0.000021 seconds.
  path: Assets/NGUI/Scripts/Editor/UIScrollViewEditor.cs
  artifactKey: Guid(7a3b2fb31ed86914a9c7ae6b883de316) Importer(2089858483,0ecaa5967403d082aa24f35e1b516d23)
Start importing Assets/NGUI/Scripts/Editor/UIScrollViewEditor.cs using Guid(7a3b2fb31ed86914a9c7ae6b883de316) Importer(2089858483,0ecaa5967403d082aa24f35e1b516d23) [PhysX] Initialized MultithreadedTaskDispatcher with 32 workers.
 -> (artifact id: '65b8ff0c3f0375afefc9c2de98b6da19') in 0.007427 seconds
Number of updated asset objects reloaded before import = 0
Number of asset objects unloaded after import = 1
========================================================================
Received Import Request.
  Time since last request: 0.000027 seconds.
  path: Assets/NGUI/Scripts/Interaction/UIButtonOffset.cs
  artifactKey: Guid(10616d4ce51c5994086c006a7c1189e3) Importer(2089858483,0ecaa5967403d082aa24f35e1b516d23)
Start importing Assets/NGUI/Scripts/Interaction/UIButtonOffset.cs using Guid(10616d4ce51c5994086c006a7c1189e3) Importer(2089858483,0ecaa5967403d082aa24f35e1b516d23) [PhysX] Initialized MultithreadedTaskDispatcher with 32 workers.
 -> (artifact id: 'd9ee7b0518b835f50e962a773b752cfa') in 0.008957 seconds
Number of updated asset objects reloaded before import = 0
Number of asset objects unloaded after import = 1
========================================================================
Received Import Request.
  Time since last request: 0.000016 seconds.
  path: Assets/NGUI/Scripts/Interaction/UIButton.cs
  artifactKey: Guid(1fdca5042b1d12a4890ec1bd4f04290d) Importer(2089858483,0ecaa5967403d082aa24f35e1b516d23)
Start importing Assets/NGUI/Scripts/Interaction/UIButton.cs using Guid(1fdca5042b1d12a4890ec1bd4f04290d) Importer(2089858483,0ecaa5967403d082aa24f35e1b516d23) [PhysX] Initialized MultithreadedTaskDispatcher with 32 workers.
 -> (artifact id: '0074805784f9904cfdb061f0b45ea6a6') in 0.006967 seconds
Number of updated asset objects reloaded before import = 0
Number of asset objects unloaded after import = 1
========================================================================
Received Import Request.
  Time since last request: 0.000013 seconds.
  path: Assets/NGUI/Resources/Shaders/Unlit - Transparent Colored (Packed) (TextureClip).shader
  artifactKey: Guid(e37f44f1a08cf594fb6b3919774527ed) Importer(2089858483,0ecaa5967403d082aa24f35e1b516d23)
Start importing Assets/NGUI/Resources/Shaders/Unlit - Transparent Colored (Packed) (TextureClip).shader using Guid(e37f44f1a08cf594fb6b3919774527ed) Importer(2089858483,0ecaa5967403d082aa24f35e1b516d23) [PhysX] Initialized MultithreadedTaskDispatcher with 32 workers.
 -> (artifact id: '5612190c7bb217569f1addace4abd442') in 0.008705 seconds
Number of updated asset objects reloaded before import = 0
Number of asset objects unloaded after import = 1
========================================================================
Received Import Request.
  Time since last request: 0.000016 seconds.
  path: Assets/NGUI/Scripts/Editor/ComponentSelector.cs
  artifactKey: Guid(a5a2a079a3e532341bc353243c67d9be) Importer(2089858483,0ecaa5967403d082aa24f35e1b516d23)
Start importing Assets/NGUI/Scripts/Editor/ComponentSelector.cs using Guid(a5a2a079a3e532341bc353243c67d9be) Importer(2089858483,0ecaa5967403d082aa24f35e1b516d23) [PhysX] Initialized MultithreadedTaskDispatcher with 32 workers.
 -> (artifact id: 'ca935b34a5b178e046d3ee87ba9ae587') in 0.008902 seconds
Number of updated asset objects reloaded before import = 0
Number of asset objects unloaded after import = 1
========================================================================
Received Import Request.
  Time since last request: 0.000017 seconds.
  path: Assets/NGUI/Scripts/Editor/UIImageButtonInspector.cs
  artifactKey: Guid(8a405728ee80ddd458732a8e2ac86dff) Importer(2089858483,0ecaa5967403d082aa24f35e1b516d23)
Start importing Assets/NGUI/Scripts/Editor/UIImageButtonInspector.cs using Guid(8a405728ee80ddd458732a8e2ac86dff) Importer(2089858483,0ecaa5967403d082aa24f35e1b516d23) [PhysX] Initialized MultithreadedTaskDispatcher with 32 workers.
 -> (artifact id: '2dc572748e1e55fbebaab3a06805bdb4') in 0.006740 seconds
Number of updated asset objects reloaded before import = 0
Number of asset objects unloaded after import = 1
========================================================================
Received Import Request.
  Time since last request: 0.000021 seconds.
  path: Assets/NGUI/Scripts/Editor/TweenFOVEditor.cs
  artifactKey: Guid(11db62d6da2a5f34590f41ebb958bd94) Importer(2089858483,0ecaa5967403d082aa24f35e1b516d23)
Start importing Assets/NGUI/Scripts/Editor/TweenFOVEditor.cs using Guid(11db62d6da2a5f34590f41ebb958bd94) Importer(2089858483,0ecaa5967403d082aa24f35e1b516d23) [PhysX] Initialized MultithreadedTaskDispatcher with 32 workers.
 -> (artifact id: 'b99495b892737b01a2b51d5539b853b5') in 0.007259 seconds
Number of updated asset objects reloaded before import = 0
Number of asset objects unloaded after import = 1
========================================================================
Received Import Request.
  Time since last request: 0.000025 seconds.
  path: Assets/NGUI/Scripts/Editor/UIPopupListInspector.cs
  artifactKey: Guid(b34b6233cb2c16f46a5c82586eab2960) Importer(2089858483,0ecaa5967403d082aa24f35e1b516d23)
Start importing Assets/NGUI/Scripts/Editor/UIPopupListInspector.cs using Guid(b34b6233cb2c16f46a5c82586eab2960) Importer(2089858483,0ecaa5967403d082aa24f35e1b516d23) [PhysX] Initialized MultithreadedTaskDispatcher with 32 workers.
 -> (artifact id: '7895ba14fff4d6b4c6a9d7e8e5f90b5c') in 0.008027 seconds
Number of updated asset objects reloaded before import = 0
Number of asset objects unloaded after import = 1
========================================================================
Received Import Request.
  Time since last request: 0.012436 seconds.
  path: Assets/NGUI/Scripts/Internal/BMFont.cs
  artifactKey: Guid(9254a456c0f8d064a9f8c8596ce772c3) Importer(2089858483,0ecaa5967403d082aa24f35e1b516d23)
Start importing Assets/NGUI/Scripts/Internal/BMFont.cs using Guid(9254a456c0f8d064a9f8c8596ce772c3) Importer(2089858483,0ecaa5967403d082aa24f35e1b516d23) [PhysX] Initialized MultithreadedTaskDispatcher with 32 workers.
 -> (artifact id: '7958887731d18226a9da2afd971d568e') in 0.008814 seconds
Number of updated asset objects reloaded before import = 0
Number of asset objects unloaded after import = 1
========================================================================
Received Import Request.
  Time since last request: 0.000029 seconds.
  path: Assets/NGUI/Scripts/UI/UILabel.cs
  artifactKey: Guid(e9d0b5f3bbe925a408bd595c79d0bf63) Importer(2089858483,0ecaa5967403d082aa24f35e1b516d23)
Start importing Assets/NGUI/Scripts/UI/UILabel.cs using Guid(e9d0b5f3bbe925a408bd595c79d0bf63) Importer(2089858483,0ecaa5967403d082aa24f35e1b516d23) [PhysX] Initialized MultithreadedTaskDispatcher with 32 workers.
 -> (artifact id: '040326bac250f9b515e4f4bd452402d1') in 0.008268 seconds
Number of updated asset objects reloaded before import = 0
Number of asset objects unloaded after import = 1
========================================================================
Received Import Request.
  Time since last request: 0.000048 seconds.
  path: Assets/Plugins/Android/google-play-services_lib/res/drawable-hdpi/common_signin_btn_text_disabled_light.9.png
  artifactKey: Guid(f3f9a662225c3e34a8150af31dc8138c) Importer(2089858483,0ecaa5967403d082aa24f35e1b516d23)
Start importing Assets/Plugins/Android/google-play-services_lib/res/drawable-hdpi/common_signin_btn_text_disabled_light.9.png using Guid(f3f9a662225c3e34a8150af31dc8138c) Importer(2089858483,0ecaa5967403d082aa24f35e1b516d23) [PhysX] Initialized MultithreadedTaskDispatcher with 32 workers.
 -> (artifact id: 'cf20dbff540760e84b61637ec0c0b4cb') in 0.009800 seconds
Number of updated asset objects reloaded before import = 0
Number of asset objects unloaded after import = 1
========================================================================
Received Import Request.
  Time since last request: 0.000027 seconds.
  path: Assets/NGUI/Scripts/UI/UIColorPicker.cs
  artifactKey: Guid(02e5d51ade5cb9d49b9a4ab78bc8d622) Importer(2089858483,0ecaa5967403d082aa24f35e1b516d23)
Start importing Assets/NGUI/Scripts/UI/UIColorPicker.cs using Guid(02e5d51ade5cb9d49b9a4ab78bc8d622) Importer(2089858483,0ecaa5967403d082aa24f35e1b516d23) [PhysX] Initialized MultithreadedTaskDispatcher with 32 workers.
 -> (artifact id: '5daf554052146bc06bc7a57b24ad19f3') in 0.008839 seconds
Number of updated asset objects reloaded before import = 0
Number of asset objects unloaded after import = 1
========================================================================
Received Import Request.
  Time since last request: 0.000030 seconds.
  path: Assets/NGUI/Scripts/Internal/NGUIText.cs
  artifactKey: Guid(2a8ace6ca0abad0469f6f961e94e9b28) Importer(2089858483,0ecaa5967403d082aa24f35e1b516d23)
Start importing Assets/NGUI/Scripts/Internal/NGUIText.cs using Guid(2a8ace6ca0abad0469f6f961e94e9b28) Importer(2089858483,0ecaa5967403d082aa24f35e1b516d23) [PhysX] Initialized MultithreadedTaskDispatcher with 32 workers.
 -> (artifact id: 'cc7b220844b3c91423045a7ec141e81b') in 0.007903 seconds
Number of updated asset objects reloaded before import = 0
Number of asset objects unloaded after import = 1
========================================================================
Received Import Request.
  Time since last request: 0.000030 seconds.
  path: Assets/NGUI/Scripts/Tweening/TweenWidth.cs
  artifactKey: Guid(0fe5d396737f89f4ea1534bc147cad2e) Importer(2089858483,0ecaa5967403d082aa24f35e1b516d23)
Start importing Assets/NGUI/Scripts/Tweening/TweenWidth.cs using Guid(0fe5d396737f89f4ea1534bc147cad2e) Importer(2089858483,0ecaa5967403d082aa24f35e1b516d23) [PhysX] Initialized MultithreadedTaskDispatcher with 32 workers.
 -> (artifact id: '83d09dc4bfe5db4e0cb1a1ec67b68919') in 0.011072 seconds
Number of updated asset objects reloaded before import = 0
Number of asset objects unloaded after import = 1
========================================================================
Received Import Request.
  Time since last request: 0.000019 seconds.
  path: Assets/Images/Meta/iOS/Splash/iPad Landscape Retina.png
  artifactKey: Guid(a6ec9ed0a62104442a0885f8fefa0eb8) Importer(2089858483,0ecaa5967403d082aa24f35e1b516d23)
Start importing Assets/Images/Meta/iOS/Splash/iPad Landscape Retina.png using Guid(a6ec9ed0a62104442a0885f8fefa0eb8) Importer(2089858483,0ecaa5967403d082aa24f35e1b516d23) [PhysX] Initialized MultithreadedTaskDispatcher with 32 workers.
 -> (artifact id: 'bc817a2d49f0a8919ee9b28af575cfd3') in 0.046128 seconds
Number of updated asset objects reloaded before import = 0
Number of asset objects unloaded after import = 1
========================================================================
Received Import Request.
  Time since last request: 0.000017 seconds.
  path: Assets/NGUI/Scripts/Internal/UISnapshotPoint.cs
  artifactKey: Guid(7f06f6958f58e84478860551165902ec) Importer(2089858483,0ecaa5967403d082aa24f35e1b516d23)
Start importing Assets/NGUI/Scripts/Internal/UISnapshotPoint.cs using Guid(7f06f6958f58e84478860551165902ec) Importer(2089858483,0ecaa5967403d082aa24f35e1b516d23) [PhysX] Initialized MultithreadedTaskDispatcher with 32 workers.
 -> (artifact id: 'cdb1adb00b20dc92b12f69c355a2511b') in 0.010860 seconds
Number of updated asset objects reloaded before import = 0
Number of asset objects unloaded after import = 1
========================================================================
Received Import Request.
  Time since last request: 0.000024 seconds.
  path: Assets/Plugins/Android/libs/x86/libgpg.so
  artifactKey: Guid(83d90e0acc3e540028d54808c67d75f0) Importer(2089858483,0ecaa5967403d082aa24f35e1b516d23)
Start importing Assets/Plugins/Android/libs/x86/libgpg.so using Guid(83d90e0acc3e540028d54808c67d75f0) Importer(2089858483,0ecaa5967403d082aa24f35e1b516d23) [PhysX] Initialized MultithreadedTaskDispatcher with 32 workers.
 -> (artifact id: '59086c7d56c796affc9b2ca8de575b99') in 0.009048 seconds
Number of updated asset objects reloaded before import = 0
Number of asset objects unloaded after import = 1
========================================================================
Received Import Request.
  Time since last request: 0.000033 seconds.
  path: Assets/Images/Meta/iOS/App Icon [Squared]/Icon-60@2x.png
  artifactKey: Guid(b0e39a73bb4a63a4383206940c6c5871) Importer(2089858483,0ecaa5967403d082aa24f35e1b516d23)
Start importing Assets/Images/Meta/iOS/App Icon [Squared]/Icon-60@2x.png using Guid(b0e39a73bb4a63a4383206940c6c5871) Importer(2089858483,0ecaa5967403d082aa24f35e1b516d23) [PhysX] Initialized MultithreadedTaskDispatcher with 32 workers.
 -> (artifact id: '44684a584862efd2b70d902d07ccd757') in 0.021541 seconds
Number of updated asset objects reloaded before import = 0
Number of asset objects unloaded after import = 1
========================================================================
Received Import Request.
  Time since last request: 0.000013 seconds.
  path: Assets/NGUI/Scripts/Tweening/TweenOrthoSize.cs
  artifactKey: Guid(365827806a6dd8b4583deeefe6e483c9) Importer(2089858483,0ecaa5967403d082aa24f35e1b516d23)
Start importing Assets/NGUI/Scripts/Tweening/TweenOrthoSize.cs using Guid(365827806a6dd8b4583deeefe6e483c9) Importer(2089858483,0ecaa5967403d082aa24f35e1b516d23) [PhysX] Initialized MultithreadedTaskDispatcher with 32 workers.
 -> (artifact id: '924da63c33bc725c0210a17399cd98cb') in 0.008661 seconds
Number of updated asset objects reloaded before import = 0
Number of asset objects unloaded after import = 1
========================================================================
Received Import Request.
  Time since last request: 0.000021 seconds.
  path: Assets/NGUI/Scripts/Tweening/AnimatedWidget.cs
  artifactKey: Guid(27adfee35dd94cb4a8d0cd2ed7d934be) Importer(2089858483,0ecaa5967403d082aa24f35e1b516d23)
Start importing Assets/NGUI/Scripts/Tweening/AnimatedWidget.cs using Guid(27adfee35dd94cb4a8d0cd2ed7d934be) Importer(2089858483,0ecaa5967403d082aa24f35e1b516d23) [PhysX] Initialized MultithreadedTaskDispatcher with 32 workers.
 -> (artifact id: 'b84dbaab1bd556516c0a7edf138f5c91') in 0.007953 seconds
Number of updated asset objects reloaded before import = 0
Number of asset objects unloaded after import = 1
========================================================================
Received Import Request.
  Time since last request: 0.000014 seconds.
  path: Assets/NGUI/Scripts/Internal/Localization.cs
  artifactKey: Guid(c4850261060aea044ae098e8e9979e62) Importer(2089858483,0ecaa5967403d082aa24f35e1b516d23)
Start importing Assets/NGUI/Scripts/Internal/Localization.cs using Guid(c4850261060aea044ae098e8e9979e62) Importer(2089858483,0ecaa5967403d082aa24f35e1b516d23) [PhysX] Initialized MultithreadedTaskDispatcher with 32 workers.
 -> (artifact id: '96afc7d3d21f154475f47572a64d6ff4') in 0.007723 seconds
Number of updated asset objects reloaded before import = 0
Number of asset objects unloaded after import = 1
========================================================================
Received Import Request.
  Time since last request: 0.000016 seconds.
  path: Assets/NGUI/Scripts/Internal/UIEventListener.cs
  artifactKey: Guid(b1bd99dcf43f97d48bb6215c70f0cd40) Importer(2089858483,0ecaa5967403d082aa24f35e1b516d23)
Start importing Assets/NGUI/Scripts/Internal/UIEventListener.cs using Guid(b1bd99dcf43f97d48bb6215c70f0cd40) Importer(2089858483,0ecaa5967403d082aa24f35e1b516d23) [PhysX] Initialized MultithreadedTaskDispatcher with 32 workers.
 -> (artifact id: 'ab700c2c7baf3eb95ce2a0fb6482affb') in 0.007998 seconds
Number of updated asset objects reloaded before import = 0
Number of asset objects unloaded after import = 1
========================================================================
Received Import Request.
  Time since last request: 0.000022 seconds.
  path: Assets/Plugins/Android/google-play-services_lib/res/drawable-hdpi/common_signin_btn_text_focus_light.9.png
  artifactKey: Guid(6b63f8ad106123745bbd2a45a9984ac0) Importer(2089858483,0ecaa5967403d082aa24f35e1b516d23)
Start importing Assets/Plugins/Android/google-play-services_lib/res/drawable-hdpi/common_signin_btn_text_focus_light.9.png using Guid(6b63f8ad106123745bbd2a45a9984ac0) Importer(2089858483,0ecaa5967403d082aa24f35e1b516d23) [PhysX] Initialized MultithreadedTaskDispatcher with 32 workers.
 -> (artifact id: '167f9b47d941d0a5a61748500cb86da0') in 0.006768 seconds
Number of updated asset objects reloaded before import = 0
Number of asset objects unloaded after import = 1
========================================================================
Received Import Request.
  Time since last request: 0.006200 seconds.
  path: Assets/Plugins/Android/google-play-services_lib/res/drawable-hdpi/cast_ic_notification_0.png
  artifactKey: Guid(8a796d55cc8c5554d933ade91ea2e9b4) Importer(2089858483,0ecaa5967403d082aa24f35e1b516d23)
Start importing Assets/Plugins/Android/google-play-services_lib/res/drawable-hdpi/cast_ic_notification_0.png using Guid(8a796d55cc8c5554d933ade91ea2e9b4) Importer(2089858483,0ecaa5967403d082aa24f35e1b516d23) [PhysX] Initialized MultithreadedTaskDispatcher with 32 workers.
 -> (artifact id: '759e71cdb1eeceb067004811fa0a3e6b') in 0.008010 seconds
Number of updated asset objects reloaded before import = 0
Number of asset objects unloaded after import = 1
========================================================================
Received Import Request.
  Time since last request: 0.000033 seconds.
  path: Assets/Plugins/Android/google-play-services_lib/project.properties
  artifactKey: Guid(e04c0a17567f2404eaa7881386213bc8) Importer(2089858483,0ecaa5967403d082aa24f35e1b516d23)
Start importing Assets/Plugins/Android/google-play-services_lib/project.properties using Guid(e04c0a17567f2404eaa7881386213bc8) Importer(2089858483,0ecaa5967403d082aa24f35e1b516d23) [PhysX] Initialized MultithreadedTaskDispatcher with 32 workers.
 -> (artifact id: 'ffb0f4cf9104c9f45004acce17c5a8e8') in 0.009372 seconds
Number of updated asset objects reloaded before import = 0
Number of asset objects unloaded after import = 1
========================================================================
Received Import Request.
  Time since last request: 0.000033 seconds.
  path: Assets/Plugins/Android/libs/android-support-v4.jar
  artifactKey: Guid(4068dbb1ef9866f418f61a5e7e418571) Importer(2089858483,0ecaa5967403d082aa24f35e1b516d23)
Start importing Assets/Plugins/Android/libs/android-support-v4.jar using Guid(4068dbb1ef9866f418f61a5e7e418571) Importer(2089858483,0ecaa5967403d082aa24f35e1b516d23) [PhysX] Initialized MultithreadedTaskDispatcher with 32 workers.
 -> (artifact id: '4656aa2ad536f946246816dc77bdc349') in 0.009792 seconds
Number of updated asset objects reloaded before import = 0
Number of asset objects unloaded after import = 1
========================================================================
Received Import Request.
  Time since last request: 0.000024 seconds.
  path: Assets/Images/Meta/iOS/Splash/iPhone 5.5 Landscape.png
  artifactKey: Guid(178fe51d59bb6c046878d2aac58559da) Importer(2089858483,0ecaa5967403d082aa24f35e1b516d23)
Start importing Assets/Images/Meta/iOS/Splash/iPhone 5.5 Landscape.png using Guid(178fe51d59bb6c046878d2aac58559da) Importer(2089858483,0ecaa5967403d082aa24f35e1b516d23) [PhysX] Initialized MultithreadedTaskDispatcher with 32 workers.
 -> (artifact id: '608bd7e53d6958ce86946e643a24c1c3') in 0.038659 seconds
Number of updated asset objects reloaded before import = 0
Number of asset objects unloaded after import = 1
========================================================================
Received Import Request.
  Time since last request: 0.000016 seconds.
  path: Assets/Plugins/OpenIAB/Android/OpenIAB_Android.cs
  artifactKey: Guid(99f4db99136ac744ab35bf95b8ef7e50) Importer(2089858483,0ecaa5967403d082aa24f35e1b516d23)
Start importing Assets/Plugins/OpenIAB/Android/OpenIAB_Android.cs using Guid(99f4db99136ac744ab35bf95b8ef7e50) Importer(2089858483,0ecaa5967403d082aa24f35e1b516d23) [PhysX] Initialized MultithreadedTaskDispatcher with 32 workers.
 -> (artifact id: 'eb711b52eff6dcddcded0af70c459f23') in 0.011400 seconds
Number of updated asset objects reloaded before import = 0
Number of asset objects unloaded after import = 1
========================================================================
Received Import Request.
  Time since last request: 0.002628 seconds.
  path: Assets/NGUI/Scripts/Tweening/AnimatedColor.cs
  artifactKey: Guid(d2278f9af1633ae43a759ad6cdb74608) Importer(2089858483,0ecaa5967403d082aa24f35e1b516d23)
Start importing Assets/NGUI/Scripts/Tweening/AnimatedColor.cs using Guid(d2278f9af1633ae43a759ad6cdb74608) Importer(2089858483,0ecaa5967403d082aa24f35e1b516d23) [PhysX] Initialized MultithreadedTaskDispatcher with 32 workers.
 -> (artifact id: '5c47f2fdf54256a0bb0fb0bd6466dc13') in 0.008514 seconds
Number of updated asset objects reloaded before import = 0
Number of asset objects unloaded after import = 1
========================================================================
Received Import Request.
  Time since last request: 0.018569 seconds.
  path: Assets/Images/Meta/iOS/App Icon [Squared]/Icon-72.png
  artifactKey: Guid(14d430b1e67448b45b2b6b68717f8d73) Importer(2089858483,0ecaa5967403d082aa24f35e1b516d23)
Start importing Assets/Images/Meta/iOS/App Icon [Squared]/Icon-72.png using Guid(14d430b1e67448b45b2b6b68717f8d73) Importer(2089858483,0ecaa5967403d082aa24f35e1b516d23) [PhysX] Initialized MultithreadedTaskDispatcher with 32 workers.
 -> (artifact id: 'f1b95fab6b737c0201805155e1949df7') in 0.022769 seconds
Number of updated asset objects reloaded before import = 0
Number of asset objects unloaded after import = 1
========================================================================
Received Import Request.
  Time since last request: 0.000027 seconds.
  path: Assets/Plugins/Android/google-play-services_lib/res/color/common_signin_btn_text_light.xml
  artifactKey: Guid(af6f17d544c12b04ea4f592cd9f038a6) Importer(2089858483,0ecaa5967403d082aa24f35e1b516d23)
Start importing Assets/Plugins/Android/google-play-services_lib/res/color/common_signin_btn_text_light.xml using Guid(af6f17d544c12b04ea4f592cd9f038a6) Importer(2089858483,0ecaa5967403d082aa24f35e1b516d23) [PhysX] Initialized MultithreadedTaskDispatcher with 32 workers.
 -> (artifact id: '1740ec7fd8866914e248ac0b2d6d8f2c') in 0.008078 seconds
Number of updated asset objects reloaded before import = 0
Number of asset objects unloaded after import = 1
========================================================================
Received Import Request.
  Time since last request: 0.000041 seconds.
  path: Assets/Plugins/Android/google-play-services_lib/res/drawable-hdpi/common_signin_btn_icon_focus_dark.9.png
  artifactKey: Guid(cbd1df76918ad394da6d5e0b378d4ed7) Importer(2089858483,0ecaa5967403d082aa24f35e1b516d23)
Start importing Assets/Plugins/Android/google-play-services_lib/res/drawable-hdpi/common_signin_btn_icon_focus_dark.9.png using Guid(cbd1df76918ad394da6d5e0b378d4ed7) Importer(2089858483,0ecaa5967403d082aa24f35e1b516d23) [PhysX] Initialized MultithreadedTaskDispatcher with 32 workers.
 -> (artifact id: '7afd266a4d0b16d99dc6d6ec02a7ff4b') in 0.012729 seconds
Number of updated asset objects reloaded before import = 0
Number of asset objects unloaded after import = 1
========================================================================
Received Import Request.
  Time since last request: 0.000069 seconds.
  path: Assets/NGUI/Scripts/UI/UISpriteData.cs
  artifactKey: Guid(f23d662aa841b434588de6b8c3cb5b3e) Importer(2089858483,0ecaa5967403d082aa24f35e1b516d23)
Start importing Assets/NGUI/Scripts/UI/UISpriteData.cs using Guid(f23d662aa841b434588de6b8c3cb5b3e) Importer(2089858483,0ecaa5967403d082aa24f35e1b516d23) [PhysX] Initialized MultithreadedTaskDispatcher with 32 workers.
 -> (artifact id: '92d18a98ef2cb570830fe1615c260912') in 0.010182 seconds
Number of updated asset objects reloaded before import = 0
Number of asset objects unloaded after import = 1
========================================================================
Received Import Request.
  Time since last request: 0.000019 seconds.
  path: Assets/Images/Meta/iOS/App Icon [Squared]/Icon-60@3x.png
  artifactKey: Guid(5657ce3f0fa30f74bb44843b0993ed71) Importer(2089858483,0ecaa5967403d082aa24f35e1b516d23)
Start importing Assets/Images/Meta/iOS/App Icon [Squared]/Icon-60@3x.png using Guid(5657ce3f0fa30f74bb44843b0993ed71) Importer(2089858483,0ecaa5967403d082aa24f35e1b516d23) [PhysX] Initialized MultithreadedTaskDispatcher with 32 workers.
 -> (artifact id: '91da9c2195e1bcb48322b478deec2c6b') in 0.018930 seconds
Number of updated asset objects reloaded before import = 0
Number of asset objects unloaded after import = 1
========================================================================
Received Import Request.
  Time since last request: 0.000013 seconds.
  path: Assets/Plugins/Android/google-play-services_lib/res/drawable-hdpi/common_signin_btn_text_disabled_dark.9.png
  artifactKey: Guid(0ee61e9659174ad4b86b56c2d3b1bf99) Importer(2089858483,0ecaa5967403d082aa24f35e1b516d23)
Start importing Assets/Plugins/Android/google-play-services_lib/res/drawable-hdpi/common_signin_btn_text_disabled_dark.9.png using Guid(0ee61e9659174ad4b86b56c2d3b1bf99) Importer(2089858483,0ecaa5967403d082aa24f35e1b516d23) [PhysX] Initialized MultithreadedTaskDispatcher with 32 workers.
 -> (artifact id: '69c6ce6a88f2e15236cf1e530185a123') in 0.008971 seconds
Number of updated asset objects reloaded before import = 0
Number of asset objects unloaded after import = 1
========================================================================
Received Import Request.
  Time since last request: 0.000031 seconds.
  path: Assets/Plugins/Android/MainLibProj/project.properties
  artifactKey: Guid(6156f0fc2bafa4f0c86d61673c0068d0) Importer(2089858483,0ecaa5967403d082aa24f35e1b516d23)
Start importing Assets/Plugins/Android/MainLibProj/project.properties using Guid(6156f0fc2bafa4f0c86d61673c0068d0) Importer(2089858483,0ecaa5967403d082aa24f35e1b516d23) [PhysX] Initialized MultithreadedTaskDispatcher with 32 workers.
 -> (artifact id: '13ddfa39846fbc4fe3655c6df267a0ec') in 0.007172 seconds
Number of updated asset objects reloaded before import = 0
Number of asset objects unloaded after import = 1
========================================================================
Received Import Request.
  Time since last request: 0.000024 seconds.
  path: Assets/Plugins/OpenIAB/WP8/OpenIAB_WP8.cs
  artifactKey: Guid(24bee2735a13ca849a24d44b517234d0) Importer(2089858483,0ecaa5967403d082aa24f35e1b516d23)
Start importing Assets/Plugins/OpenIAB/WP8/OpenIAB_WP8.cs using Guid(24bee2735a13ca849a24d44b517234d0) Importer(2089858483,0ecaa5967403d082aa24f35e1b516d23) [PhysX] Initialized MultithreadedTaskDispatcher with 32 workers.
 -> (artifact id: '2ba7a94313d187e6c1b046f61e238ef9') in 0.008137 seconds
Number of updated asset objects reloaded before import = 0
Number of asset objects unloaded after import = 1
========================================================================
Received Import Request.
  Time since last request: 0.000015 seconds.
  path: Assets/Plugins/Android/google-play-services_lib/libs/google-play-services.jar
  artifactKey: Guid(6e3760efe7165fa44b68849fc3b4265c) Importer(2089858483,0ecaa5967403d082aa24f35e1b516d23)
Start importing Assets/Plugins/Android/google-play-services_lib/libs/google-play-services.jar using Guid(6e3760efe7165fa44b68849fc3b4265c) Importer(2089858483,0ecaa5967403d082aa24f35e1b516d23) [PhysX] Initialized MultithreadedTaskDispatcher with 32 workers.
 -> (artifact id: '0815abb765f67556749189a2a117f1d5') in 0.009503 seconds
Number of updated asset objects reloaded before import = 0
Number of asset objects unloaded after import = 1
========================================================================
Received Import Request.
  Time since last request: 0.000029 seconds.
  path: Assets/NGUI/Scripts/Internal/NGUIDebug.cs
  artifactKey: Guid(ecb9547bf2766f645b5e6046483a6c72) Importer(2089858483,0ecaa5967403d082aa24f35e1b516d23)
Start importing Assets/NGUI/Scripts/Internal/NGUIDebug.cs using Guid(ecb9547bf2766f645b5e6046483a6c72) Importer(2089858483,0ecaa5967403d082aa24f35e1b516d23) [PhysX] Initialized MultithreadedTaskDispatcher with 32 workers.
 -> (artifact id: '978aaafcc6bb2a1d8cd66d66d96fc87b') in 0.008974 seconds
Number of updated asset objects reloaded before import = 0
Number of asset objects unloaded after import = 1
========================================================================
Received Import Request.
  Time since last request: 0.000044 seconds.
  path: Assets/Plugins/Android/google-play-services_lib/res/drawable-hdpi/common_signin_btn_icon_focus_light.9.png
  artifactKey: Guid(e57367fad9bbad44ba762f24bd53151f) Importer(2089858483,0ecaa5967403d082aa24f35e1b516d23)
Start importing Assets/Plugins/Android/google-play-services_lib/res/drawable-hdpi/common_signin_btn_icon_focus_light.9.png using Guid(e57367fad9bbad44ba762f24bd53151f) Importer(2089858483,0ecaa5967403d082aa24f35e1b516d23) [PhysX] Initialized MultithreadedTaskDispatcher with 32 workers.
 -> (artifact id: 'fd9b726949bd79d416a1031943f64510') in 0.009324 seconds
Number of updated asset objects reloaded before import = 0
Number of asset objects unloaded after import = 1
========================================================================
Received Import Request.
  Time since last request: 0.000015 seconds.
  path: Assets/NGUI/Scripts/Internal/UIBasicSprite.cs
  artifactKey: Guid(13a634c325376bf48bda936d36ad7e9d) Importer(2089858483,0ecaa5967403d082aa24f35e1b516d23)
Start importing Assets/NGUI/Scripts/Internal/UIBasicSprite.cs using Guid(13a634c325376bf48bda936d36ad7e9d) Importer(2089858483,0ecaa5967403d082aa24f35e1b516d23) [PhysX] Initialized MultithreadedTaskDispatcher with 32 workers.
 -> (artifact id: '595d410dd933587beb12bad513cbebca') in 0.008126 seconds
Number of updated asset objects reloaded before import = 0
Number of asset objects unloaded after import = 1
========================================================================
Received Import Request.
  Time since last request: 0.000013 seconds.
  path: Assets/Plugins/Android/google-play-services_lib/res/color/common_signin_btn_text_dark.xml
  artifactKey: Guid(be33e3af0a8713f4a8492b0bb9963b02) Importer(2089858483,0ecaa5967403d082aa24f35e1b516d23)
Start importing Assets/Plugins/Android/google-play-services_lib/res/color/common_signin_btn_text_dark.xml using Guid(be33e3af0a8713f4a8492b0bb9963b02) Importer(2089858483,0ecaa5967403d082aa24f35e1b516d23) [PhysX] Initialized MultithreadedTaskDispatcher with 32 workers.
 -> (artifact id: 'cc76c414fa95bd742112a54d9dd16290') in 0.006942 seconds
Number of updated asset objects reloaded before import = 0
Number of asset objects unloaded after import = 1
========================================================================
Received Import Request.
  Time since last request: 0.000057 seconds.
  path: Assets/Images/Meta/iOS/App Icon [Squared]/Icon-Small@2x.png
  artifactKey: Guid(472dfa865b962d24e8928060bab7505f) Importer(2089858483,0ecaa5967403d082aa24f35e1b516d23)
Start importing Assets/Images/Meta/iOS/App Icon [Squared]/Icon-Small@2x.png using Guid(472dfa865b962d24e8928060bab7505f) Importer(2089858483,0ecaa5967403d082aa24f35e1b516d23) [PhysX] Initialized MultithreadedTaskDispatcher with 32 workers.
 -> (artifact id: '971a6fb2af5c208b19850e42f7146c65') in 0.024231 seconds
Number of updated asset objects reloaded before import = 0
Number of asset objects unloaded after import = 1
========================================================================
Received Import Request.
  Time since last request: 0.000017 seconds.
  path: Assets/NGUI/Scripts/UI/UIPanel.cs
  artifactKey: Guid(ae942c9068183dc40a9d01f648273726) Importer(2089858483,0ecaa5967403d082aa24f35e1b516d23)
Start importing Assets/NGUI/Scripts/UI/UIPanel.cs using Guid(ae942c9068183dc40a9d01f648273726) Importer(2089858483,0ecaa5967403d082aa24f35e1b516d23) [PhysX] Initialized MultithreadedTaskDispatcher with 32 workers.
 -> (artifact id: '05e4f142fee0d0d9ba5c6987ec8f4c19') in 0.008511 seconds
Number of updated asset objects reloaded before import = 0
Number of asset objects unloaded after import = 1
========================================================================
Received Import Request.
  Time since last request: 0.000020 seconds.
  path: Assets/NGUI/Scripts/UI/UIViewport.cs
  artifactKey: Guid(9a4738b17d7857b4fa52eb2d3ca0cb3a) Importer(2089858483,0ecaa5967403d082aa24f35e1b516d23)
Start importing Assets/NGUI/Scripts/UI/UIViewport.cs using Guid(9a4738b17d7857b4fa52eb2d3ca0cb3a) Importer(2089858483,0ecaa5967403d082aa24f35e1b516d23) [PhysX] Initialized MultithreadedTaskDispatcher with 32 workers.
 -> (artifact id: '05d9f3dfc0d3dcac4e83c46d515004fe') in 0.009760 seconds
Number of updated asset objects reloaded before import = 0
Number of asset objects unloaded after import = 1
========================================================================
Received Import Request.
  Time since last request: 0.000026 seconds.
  path: Assets/NGUI/Scripts/UI/UITooltip.cs
  artifactKey: Guid(bbc946d84fba95f41a0136cf378875be) Importer(2089858483,0ecaa5967403d082aa24f35e1b516d23)
Start importing Assets/NGUI/Scripts/UI/UITooltip.cs using Guid(bbc946d84fba95f41a0136cf378875be) Importer(2089858483,0ecaa5967403d082aa24f35e1b516d23) [PhysX] Initialized MultithreadedTaskDispatcher with 32 workers.
 -> (artifact id: '6b9fa7756ee3b47c41d62ba28cfd9dbc') in 0.008927 seconds
Number of updated asset objects reloaded before import = 0
Number of asset objects unloaded after import = 1
========================================================================
Received Import Request.
  Time since last request: 0.000041 seconds.
  path: Assets/NGUI/Scripts/Tweening/TweenRotation.cs
  artifactKey: Guid(04d1b7c9e9a19a24ab67123a43c6544b) Importer(2089858483,0ecaa5967403d082aa24f35e1b516d23)
Start importing Assets/NGUI/Scripts/Tweening/TweenRotation.cs using Guid(04d1b7c9e9a19a24ab67123a43c6544b) Importer(2089858483,0ecaa5967403d082aa24f35e1b516d23) [PhysX] Initialized MultithreadedTaskDispatcher with 32 workers.
 -> (artifact id: 'ee0d493ae3c4b749380446bb54391f27') in 0.008307 seconds
Number of updated asset objects reloaded before import = 0
Number of asset objects unloaded after import = 1
========================================================================
Received Import Request.
  Time since last request: 0.000018 seconds.
  path: Assets/NGUI/Scripts/Internal/UIDrawCall.cs
  artifactKey: Guid(1f5158b7acfccaf4ca4a8a581255b653) Importer(2089858483,0ecaa5967403d082aa24f35e1b516d23)
Start importing Assets/NGUI/Scripts/Internal/UIDrawCall.cs using Guid(1f5158b7acfccaf4ca4a8a581255b653) Importer(2089858483,0ecaa5967403d082aa24f35e1b516d23) [PhysX] Initialized MultithreadedTaskDispatcher with 32 workers.
 -> (artifact id: '025ece3f99a9a188078bb44be0cbb171') in 0.008267 seconds
Number of updated asset objects reloaded before import = 0
Number of asset objects unloaded after import = 1
========================================================================
Received Import Request.
  Time since last request: 0.000034 seconds.
  path: Assets/NGUI/Scripts/Internal/UIRect.cs
  artifactKey: Guid(b5a11779a4614cc4cb971686291ca92e) Importer(2089858483,0ecaa5967403d082aa24f35e1b516d23)
Start importing Assets/NGUI/Scripts/Internal/UIRect.cs using Guid(b5a11779a4614cc4cb971686291ca92e) Importer(2089858483,0ecaa5967403d082aa24f35e1b516d23) [PhysX] Initialized MultithreadedTaskDispatcher with 32 workers.
 -> (artifact id: '3732355bac313e5b9b6e48c3619603c1') in 0.010068 seconds
Number of updated asset objects reloaded before import = 0
Number of asset objects unloaded after import = 1
========================================================================
Received Import Request.
  Time since last request: 0.000037 seconds.
  path: Assets/Plugins/Android/google-play-services_lib/res/drawable-xxhdpi/common_signin_btn_icon_disabled_focus_light.9.png
  artifactKey: Guid(1fe933a996fa63344afc720711f29a5c) Importer(2089858483,0ecaa5967403d082aa24f35e1b516d23)
Start importing Assets/Plugins/Android/google-play-services_lib/res/drawable-xxhdpi/common_signin_btn_icon_disabled_focus_light.9.png using Guid(1fe933a996fa63344afc720711f29a5c) Importer(2089858483,0ecaa5967403d082aa24f35e1b516d23) [PhysX] Initialized MultithreadedTaskDispatcher with 32 workers.
 -> (artifact id: '12e07085dbe8cbf326aa8cf9a17b697a') in 0.008996 seconds
Number of updated asset objects reloaded before import = 0
Number of asset objects unloaded after import = 1
========================================================================
Received Import Request.
  Time since last request: 0.000026 seconds.
  path: Assets/Plugins/Android/google-play-services_lib/res/drawable-mdpi/common_signin_btn_text_pressed_dark.9.png
  artifactKey: Guid(2fdfda891206d5648a885ad088bbcc8f) Importer(2089858483,0ecaa5967403d082aa24f35e1b516d23)
Start importing Assets/Plugins/Android/google-play-services_lib/res/drawable-mdpi/common_signin_btn_text_pressed_dark.9.png using Guid(2fdfda891206d5648a885ad088bbcc8f) Importer(2089858483,0ecaa5967403d082aa24f35e1b516d23) [PhysX] Initialized MultithreadedTaskDispatcher with 32 workers.
 -> (artifact id: '4ed0b1458043d5e1b3412d6d6280f627') in 0.007628 seconds
Number of updated asset objects reloaded before import = 0
Number of asset objects unloaded after import = 1
========================================================================
Received Import Request.
  Time since last request: 0.000015 seconds.
  path: Assets/Plugins/Android/google-play-services_lib/res/drawable-xxhdpi/common_signin_btn_text_pressed_dark.9.png
  artifactKey: Guid(0d01779880680b74cac9b594cdf235e0) Importer(2089858483,0ecaa5967403d082aa24f35e1b516d23)
Start importing Assets/Plugins/Android/google-play-services_lib/res/drawable-xxhdpi/common_signin_btn_text_pressed_dark.9.png using Guid(0d01779880680b74cac9b594cdf235e0) Importer(2089858483,0ecaa5967403d082aa24f35e1b516d23) [PhysX] Initialized MultithreadedTaskDispatcher with 32 workers.
 -> (artifact id: '2c2f1914c9be858de5d5f9ad083b1355') in 0.011826 seconds
Number of updated asset objects reloaded before import = 0
Number of asset objects unloaded after import = 1
========================================================================
Received Import Request.
  Time since last request: 0.000057 seconds.
  path: Assets/Plugins/Android/google-play-services_lib/res/values-et-rEE/common_strings.xml
  artifactKey: Guid(19e484f776dd96448af0a357ff1c86ad) Importer(2089858483,0ecaa5967403d082aa24f35e1b516d23)
Start importing Assets/Plugins/Android/google-play-services_lib/res/values-et-rEE/common_strings.xml using Guid(19e484f776dd96448af0a357ff1c86ad) Importer(2089858483,0ecaa5967403d082aa24f35e1b516d23) [PhysX] Initialized MultithreadedTaskDispatcher with 32 workers.
 -> (artifact id: 'cf07be7806d6bef4448f75883aa8b264') in 0.011204 seconds
Number of updated asset objects reloaded before import = 0
Number of asset objects unloaded after import = 1
========================================================================
Received Import Request.
  Time since last request: 0.000018 seconds.
  path: Assets/Plugins/Android/google-play-services_lib/res/drawable-xhdpi/common_signin_btn_icon_disabled_focus_light.9.png
  artifactKey: Guid(67c5ea11688c2304ebbeb482f98768f2) Importer(2089858483,0ecaa5967403d082aa24f35e1b516d23)
Start importing Assets/Plugins/Android/google-play-services_lib/res/drawable-xhdpi/common_signin_btn_icon_disabled_focus_light.9.png using Guid(67c5ea11688c2304ebbeb482f98768f2) Importer(2089858483,0ecaa5967403d082aa24f35e1b516d23) [PhysX] Initialized MultithreadedTaskDispatcher with 32 workers.
 -> (artifact id: 'd70e319a5a25b1bb5a53ce4d4be596bb') in 0.009495 seconds
Number of updated asset objects reloaded before import = 0
Number of asset objects unloaded after import = 1
========================================================================
Received Import Request.
  Time since last request: 0.000051 seconds.
  path: Assets/Plugins/Android/google-play-services_lib/res/drawable-xhdpi/cast_ic_notification_0.png
  artifactKey: Guid(8c7e19a5cfdeac74c8838384d8e2428b) Importer(2089858483,0ecaa5967403d082aa24f35e1b516d23)
Start importing Assets/Plugins/Android/google-play-services_lib/res/drawable-xhdpi/cast_ic_notification_0.png using Guid(8c7e19a5cfdeac74c8838384d8e2428b) Importer(2089858483,0ecaa5967403d082aa24f35e1b516d23) [PhysX] Initialized MultithreadedTaskDispatcher with 32 workers.
 -> (artifact id: '53eff25be42ef4e47f0731a79db968fc') in 0.009954 seconds
Number of updated asset objects reloaded before import = 0
Number of asset objects unloaded after import = 1
========================================================================
Received Import Request.
  Time since last request: 0.000026 seconds.
  path: Assets/Plugins/Android/google-play-services_lib/res/values/common_colors.xml
  artifactKey: Guid(fdf7e4f5f206d1c4499703f11dc3c857) Importer(2089858483,0ecaa5967403d082aa24f35e1b516d23)
Start importing Assets/Plugins/Android/google-play-services_lib/res/values/common_colors.xml using Guid(fdf7e4f5f206d1c4499703f11dc3c857) Importer(2089858483,0ecaa5967403d082aa24f35e1b516d23) [PhysX] Initialized MultithreadedTaskDispatcher with 32 workers.
 -> (artifact id: '1e5348f5740212457fb06803e00052cb') in 0.008510 seconds
Number of updated asset objects reloaded before import = 0
Number of asset objects unloaded after import = 1
========================================================================
Received Import Request.
  Time since last request: 0.000014 seconds.
  path: Assets/Plugins/Android/google-play-services_lib/res/drawable-xhdpi/ic_plusone_small_off_client.png
  artifactKey: Guid(a79976c1b639e054fb5d32e168909441) Importer(2089858483,0ecaa5967403d082aa24f35e1b516d23)
Start importing Assets/Plugins/Android/google-play-services_lib/res/drawable-xhdpi/ic_plusone_small_off_client.png using Guid(a79976c1b639e054fb5d32e168909441) Importer(2089858483,0ecaa5967403d082aa24f35e1b516d23) [PhysX] Initialized MultithreadedTaskDispatcher with 32 workers.
 -> (artifact id: '4b029ff7bf5f5ca691c5a730adc85458') in 0.011693 seconds
Number of updated asset objects reloaded before import = 0
Number of asset objects unloaded after import = 1
========================================================================
Received Import Request.
  Time since last request: 0.000025 seconds.
  path: Assets/Plugins/Android/google-play-services_lib/res/values/maps_attrs.xml
  artifactKey: Guid(c5c81478e204a1d41ae60c35d6acebe1) Importer(2089858483,0ecaa5967403d082aa24f35e1b516d23)
Start importing Assets/Plugins/Android/google-play-services_lib/res/values/maps_attrs.xml using Guid(c5c81478e204a1d41ae60c35d6acebe1) Importer(2089858483,0ecaa5967403d082aa24f35e1b516d23) [PhysX] Initialized MultithreadedTaskDispatcher with 32 workers.
 -> (artifact id: '86cc9ea4735c1833a7f660f90e04d021') in 0.009587 seconds
Number of updated asset objects reloaded before import = 0
Number of asset objects unloaded after import = 1
========================================================================
Received Import Request.
  Time since last request: 0.000022 seconds.
  path: Assets/Plugins/Android/google-play-services_lib/res/drawable-xhdpi/common_signin_btn_icon_disabled_light.9.png
  artifactKey: Guid(a2ec529b9e03e2e4fa94472899ca84d0) Importer(2089858483,0ecaa5967403d082aa24f35e1b516d23)
Start importing Assets/Plugins/Android/google-play-services_lib/res/drawable-xhdpi/common_signin_btn_icon_disabled_light.9.png using Guid(a2ec529b9e03e2e4fa94472899ca84d0) Importer(2089858483,0ecaa5967403d082aa24f35e1b516d23) [PhysX] Initialized MultithreadedTaskDispatcher with 32 workers.
 -> (artifact id: '06ccb202c2f96dd82dd1193e6fe7b18a') in 0.007555 seconds
Number of updated asset objects reloaded before import = 0
Number of asset objects unloaded after import = 1
========================================================================
Received Import Request.
  Time since last request: 0.000022 seconds.
  path: Assets/Plugins/Android/google-play-services_lib/res/values-az-rAZ/common_strings.xml
  artifactKey: Guid(952a5c05368e0d04493126334e9ce4de) Importer(2089858483,0ecaa5967403d082aa24f35e1b516d23)
Start importing Assets/Plugins/Android/google-play-services_lib/res/values-az-rAZ/common_strings.xml using Guid(952a5c05368e0d04493126334e9ce4de) Importer(2089858483,0ecaa5967403d082aa24f35e1b516d23) [PhysX] Initialized MultithreadedTaskDispatcher with 32 workers.
 -> (artifact id: '72809c939f83b483bd3af6872fc1ec2b') in 0.009188 seconds
Number of updated asset objects reloaded before import = 0
Number of asset objects unloaded after import = 1
========================================================================
Received Import Request.
  Time since last request: 0.000020 seconds.
  path: Assets/Plugins/Android/google-play-services_lib/res/drawable-tvdpi/ic_plusone_tall_off_client.png
  artifactKey: Guid(a819c0ff9e0557841a6768523f035a6f) Importer(2089858483,0ecaa5967403d082aa24f35e1b516d23)
Start importing Assets/Plugins/Android/google-play-services_lib/res/drawable-tvdpi/ic_plusone_tall_off_client.png using Guid(a819c0ff9e0557841a6768523f035a6f) Importer(2089858483,0ecaa5967403d082aa24f35e1b516d23) [PhysX] Initialized MultithreadedTaskDispatcher with 32 workers.
 -> (artifact id: '1355d4dad6be7b37cfd19568212299c8') in 0.008182 seconds
Number of updated asset objects reloaded before import = 0
Number of asset objects unloaded after import = 1
========================================================================
Received Import Request.
  Time since last request: 0.000065 seconds.
  path: Assets/Plugins/Android/google-play-services_lib/res/values-de/wallet_strings.xml
  artifactKey: Guid(f2b1502174702f04e8d69e4e035e5542) Importer(2089858483,0ecaa5967403d082aa24f35e1b516d23)
Start importing Assets/Plugins/Android/google-play-services_lib/res/values-de/wallet_strings.xml using Guid(f2b1502174702f04e8d69e4e035e5542) Importer(2089858483,0ecaa5967403d082aa24f35e1b516d23) [PhysX] Initialized MultithreadedTaskDispatcher with 32 workers.
 -> (artifact id: '39de47b62c6e67f7d38294565144f266') in 0.007555 seconds
Number of updated asset objects reloaded before import = 0
Number of asset objects unloaded after import = 1
========================================================================
Received Import Request.
  Time since last request: 0.000026 seconds.
  path: Assets/Plugins/Android/google-play-services_lib/res/drawable-mdpi/common_signin_btn_text_normal_light.9.png
  artifactKey: Guid(d5ad753d86b65b346922b44c2e7c7cdc) Importer(2089858483,0ecaa5967403d082aa24f35e1b516d23)
Start importing Assets/Plugins/Android/google-play-services_lib/res/drawable-mdpi/common_signin_btn_text_normal_light.9.png using Guid(d5ad753d86b65b346922b44c2e7c7cdc) Importer(2089858483,0ecaa5967403d082aa24f35e1b516d23) [PhysX] Initialized MultithreadedTaskDispatcher with 32 workers.
 -> (artifact id: '3d23402b55484ec5c4021ab4bb526aa0') in 0.007929 seconds
Number of updated asset objects reloaded before import = 0
Number of asset objects unloaded after import = 1
========================================================================
Received Import Request.
  Time since last request: 0.000026 seconds.
  path: Assets/Plugins/Android/google-play-services_lib/res/drawable-xhdpi/common_signin_btn_text_normal_dark.9.png
  artifactKey: Guid(93c62fb085cbd6745937b795a8faca63) Importer(2089858483,0ecaa5967403d082aa24f35e1b516d23)
Start importing Assets/Plugins/Android/google-play-services_lib/res/drawable-xhdpi/common_signin_btn_text_normal_dark.9.png using Guid(93c62fb085cbd6745937b795a8faca63) Importer(2089858483,0ecaa5967403d082aa24f35e1b516d23) [PhysX] Initialized MultithreadedTaskDispatcher with 32 workers.
 -> (artifact id: '65d401338b398a058f96fe3772333258') in 0.007267 seconds
Number of updated asset objects reloaded before import = 0
Number of asset objects unloaded after import = 1
========================================================================
Received Import Request.
  Time since last request: 0.000048 seconds.
  path: Assets/Plugins/Android/google-play-services_lib/res/drawable-xxhdpi/powered_by_google_dark.png
  artifactKey: Guid(436fc5cc970b188469766d6bf69c5a9c) Importer(2089858483,0ecaa5967403d082aa24f35e1b516d23)
Start importing Assets/Plugins/Android/google-play-services_lib/res/drawable-xxhdpi/powered_by_google_dark.png using Guid(436fc5cc970b188469766d6bf69c5a9c) Importer(2089858483,0ecaa5967403d082aa24f35e1b516d23) [PhysX] Initialized MultithreadedTaskDispatcher with 32 workers.
 -> (artifact id: '6850e4cdf5c43ff456a6e360e23ca127') in 0.008473 seconds
Number of updated asset objects reloaded before import = 0
Number of asset objects unloaded after import = 1
========================================================================
Received Import Request.
  Time since last request: 0.000035 seconds.
  path: Assets/Plugins/Android/google-play-services_lib/res/drawable-xxhdpi/common_signin_btn_icon_disabled_focus_dark.9.png
  artifactKey: Guid(0cae07138ae4bdb42948cb2478ff2ba5) Importer(2089858483,0ecaa5967403d082aa24f35e1b516d23)
Start importing Assets/Plugins/Android/google-play-services_lib/res/drawable-xxhdpi/common_signin_btn_icon_disabled_focus_dark.9.png using Guid(0cae07138ae4bdb42948cb2478ff2ba5) Importer(2089858483,0ecaa5967403d082aa24f35e1b516d23) [PhysX] Initialized MultithreadedTaskDispatcher with 32 workers.
 -> (artifact id: 'd1cc86aa1c7e57a4738228724ee5dd97') in 0.007582 seconds
Number of updated asset objects reloaded before import = 0
Number of asset objects unloaded after import = 1
========================================================================
Received Import Request.
  Time since last request: 0.000033 seconds.
  path: Assets/Plugins/Android/google-play-services_lib/res/values-am/common_strings.xml
  artifactKey: Guid(16904fb3816da11479812506b60ba35c) Importer(2089858483,0ecaa5967403d082aa24f35e1b516d23)
Start importing Assets/Plugins/Android/google-play-services_lib/res/values-am/common_strings.xml using Guid(16904fb3816da11479812506b60ba35c) Importer(2089858483,0ecaa5967403d082aa24f35e1b516d23) [PhysX] Initialized MultithreadedTaskDispatcher with 32 workers.
 -> (artifact id: '355c21b264a5c5b581f15657173e99c9') in 0.006905 seconds
Number of updated asset objects reloaded before import = 0
Number of asset objects unloaded after import = 1
========================================================================
Received Import Request.
  Time since last request: 0.000047 seconds.
  path: Assets/Plugins/Android/google-play-services_lib/res/drawable-mdpi/common_signin_btn_icon_disabled_focus_dark.9.png
  artifactKey: Guid(b04eb3fcef4cf9a4fbf66b38da4c78dd) Importer(2089858483,0ecaa5967403d082aa24f35e1b516d23)
Start importing Assets/Plugins/Android/google-play-services_lib/res/drawable-mdpi/common_signin_btn_icon_disabled_focus_dark.9.png using Guid(b04eb3fcef4cf9a4fbf66b38da4c78dd) Importer(2089858483,0ecaa5967403d082aa24f35e1b516d23) [PhysX] Initialized MultithreadedTaskDispatcher with 32 workers.
 -> (artifact id: '5cd4c10845394e97f77649e9fe9638a6') in 0.007729 seconds
Number of updated asset objects reloaded before import = 0
Number of asset objects unloaded after import = 1
========================================================================
Received Import Request.
  Time since last request: 0.000020 seconds.
  path: Assets/Plugins/Android/google-play-services_lib/res/drawable-xhdpi/common_signin_btn_text_disabled_focus_light.9.png
  artifactKey: Guid(ef6e48182fbc1044cb7e86004e66a979) Importer(2089858483,0ecaa5967403d082aa24f35e1b516d23)
Start importing Assets/Plugins/Android/google-play-services_lib/res/drawable-xhdpi/common_signin_btn_text_disabled_focus_light.9.png using Guid(ef6e48182fbc1044cb7e86004e66a979) Importer(2089858483,0ecaa5967403d082aa24f35e1b516d23) [PhysX] Initialized MultithreadedTaskDispatcher with 32 workers.
 -> (artifact id: '8b2dfdebd0aa0b1f0ccf0d0eba622edc') in 0.007845 seconds
Number of updated asset objects reloaded before import = 0
Number of asset objects unloaded after import = 1
========================================================================
Received Import Request.
  Time since last request: 0.000029 seconds.
  path: Assets/Plugins/Android/google-play-services_lib/res/values-bn-rBD/common_strings.xml
  artifactKey: Guid(03467097b8f21534497f25f3df7c5d8e) Importer(2089858483,0ecaa5967403d082aa24f35e1b516d23)
Start importing Assets/Plugins/Android/google-play-services_lib/res/values-bn-rBD/common_strings.xml using Guid(03467097b8f21534497f25f3df7c5d8e) Importer(2089858483,0ecaa5967403d082aa24f35e1b516d23) [PhysX] Initialized MultithreadedTaskDispatcher with 32 workers.
 -> (artifact id: 'd852b9f4cb5be12905b53b02ae9b8d5a') in 0.007509 seconds
Number of updated asset objects reloaded before import = 0
Number of asset objects unloaded after import = 1
========================================================================
Received Import Request.
  Time since last request: 0.000046 seconds.
  path: Assets/Plugins/Android/google-play-services_lib/res/drawable-xhdpi/cast_ic_notification_2.png
  artifactKey: Guid(1ad4c30cba4ce8940a8eae49e08786ba) Importer(2089858483,0ecaa5967403d082aa24f35e1b516d23)
Start importing Assets/Plugins/Android/google-play-services_lib/res/drawable-xhdpi/cast_ic_notification_2.png using Guid(1ad4c30cba4ce8940a8eae49e08786ba) Importer(2089858483,0ecaa5967403d082aa24f35e1b516d23) [PhysX] Initialized MultithreadedTaskDispatcher with 32 workers.
 -> (artifact id: '181212dc594f91f4e375a48f228c55a9') in 0.007365 seconds
Number of updated asset objects reloaded before import = 0
Number of asset objects unloaded after import = 1
========================================================================
Received Import Request.
  Time since last request: 0.000021 seconds.
  path: Assets/Plugins/Android/google-play-services_lib/res/drawable-hdpi/ic_plusone_tall_off_client.png
  artifactKey: Guid(b02e3d800ff0f3646a43a23ce7f5cea3) Importer(2089858483,0ecaa5967403d082aa24f35e1b516d23)
Start importing Assets/Plugins/Android/google-play-services_lib/res/drawable-hdpi/ic_plusone_tall_off_client.png using Guid(b02e3d800ff0f3646a43a23ce7f5cea3) Importer(2089858483,0ecaa5967403d082aa24f35e1b516d23) [PhysX] Initialized MultithreadedTaskDispatcher with 32 workers.
 -> (artifact id: '7a4b0eb25847869f4e70efdabc186ed1') in 0.007475 seconds
Number of updated asset objects reloaded before import = 0
Number of asset objects unloaded after import = 1
========================================================================
Received Import Request.
  Time since last request: 0.000055 seconds.
  path: Assets/Plugins/Android/google-play-services_lib/res/drawable-mdpi/common_signin_btn_text_focus_light.9.png
  artifactKey: Guid(57b6abff976fae64cb2fcfd06a2ae94c) Importer(2089858483,0ecaa5967403d082aa24f35e1b516d23)
Start importing Assets/Plugins/Android/google-play-services_lib/res/drawable-mdpi/common_signin_btn_text_focus_light.9.png using Guid(57b6abff976fae64cb2fcfd06a2ae94c) Importer(2089858483,0ecaa5967403d082aa24f35e1b516d23) [PhysX] Initialized MultithreadedTaskDispatcher with 32 workers.
 -> (artifact id: '8f6e1195c1cbfb2cfdf3dc17d7d77709') in 0.008709 seconds
Number of updated asset objects reloaded before import = 0
Number of asset objects unloaded after import = 1
========================================================================
Received Import Request.
  Time since last request: 0.000044 seconds.
  path: Assets/Plugins/Android/google-play-services_lib/res/drawable/common_signin_btn_icon_dark.xml
  artifactKey: Guid(34f2250fec39e8d4881547abb2c887f1) Importer(2089858483,0ecaa5967403d082aa24f35e1b516d23)
Start importing Assets/Plugins/Android/google-play-services_lib/res/drawable/common_signin_btn_icon_dark.xml using Guid(34f2250fec39e8d4881547abb2c887f1) Importer(2089858483,0ecaa5967403d082aa24f35e1b516d23) [PhysX] Initialized MultithreadedTaskDispatcher with 32 workers.
 -> (artifact id: 'f45f8d6cb4bb36702effba89f18c971b') in 0.007441 seconds
Number of updated asset objects reloaded before import = 0
Number of asset objects unloaded after import = 1
========================================================================
Received Import Request.
  Time since last request: 0.000025 seconds.
  path: Assets/Images/Meta/Android/App Icon [Rounded]/artwork.png
  artifactKey: Guid(f05e058b3a96091438369900cd97378b) Importer(2089858483,0ecaa5967403d082aa24f35e1b516d23)
Start importing Assets/Images/Meta/Android/App Icon [Rounded]/artwork.png using Guid(f05e058b3a96091438369900cd97378b) Importer(2089858483,0ecaa5967403d082aa24f35e1b516d23) [PhysX] Initialized MultithreadedTaskDispatcher with 32 workers.
 -> (artifact id: 'bdb763cede00d536f1a3b45575dea892') in 0.019593 seconds
Number of updated asset objects reloaded before import = 0
Number of asset objects unloaded after import = 1
========================================================================
Received Import Request.
  Time since last request: 0.000029 seconds.
  path: Assets/Plugins/Android/google-play-services_lib/res/drawable-hdpi/ic_plusone_medium_off_client.png
  artifactKey: Guid(ef112d592a0b5d14d859be9593ed5769) Importer(2089858483,0ecaa5967403d082aa24f35e1b516d23)
Start importing Assets/Plugins/Android/google-play-services_lib/res/drawable-hdpi/ic_plusone_medium_off_client.png using Guid(ef112d592a0b5d14d859be9593ed5769) Importer(2089858483,0ecaa5967403d082aa24f35e1b516d23) [PhysX] Initialized MultithreadedTaskDispatcher with 32 workers.
 -> (artifact id: '2490db42a8a5c0aa7ebea180ab27b856') in 0.007900 seconds
Number of updated asset objects reloaded before import = 0
Number of asset objects unloaded after import = 1
========================================================================
Received Import Request.
  Time since last request: 0.000024 seconds.
  path: Assets/Plugins/Android/google-play-services_lib/res/drawable-mdpi/cast_ic_notification_1.png
  artifactKey: Guid(ac03ebe0a3217be4386a512f409bd09e) Importer(2089858483,0ecaa5967403d082aa24f35e1b516d23)
Start importing Assets/Plugins/Android/google-play-services_lib/res/drawable-mdpi/cast_ic_notification_1.png using Guid(ac03ebe0a3217be4386a512f409bd09e) Importer(2089858483,0ecaa5967403d082aa24f35e1b516d23) [PhysX] Initialized MultithreadedTaskDispatcher with 32 workers.
 -> (artifact id: '9fc7ac6b57bf345854d99abca985a94d') in 0.007173 seconds
Number of updated asset objects reloaded before import = 0
Number of asset objects unloaded after import = 1
========================================================================
Received Import Request.
  Time since last request: 0.000019 seconds.
  path: Assets/Plugins/Android/google-play-services_lib/res/drawable-mdpi/common_signin_btn_icon_focus_dark.9.png
  artifactKey: Guid(720870a0006434d4a9a00b89e4296432) Importer(2089858483,0ecaa5967403d082aa24f35e1b516d23)
Start importing Assets/Plugins/Android/google-play-services_lib/res/drawable-mdpi/common_signin_btn_icon_focus_dark.9.png using Guid(720870a0006434d4a9a00b89e4296432) Importer(2089858483,0ecaa5967403d082aa24f35e1b516d23) [PhysX] Initialized MultithreadedTaskDispatcher with 32 workers.
 -> (artifact id: '9bc290edaf8d4b507798146563894a52') in 0.006726 seconds
Number of updated asset objects reloaded before import = 0
Number of asset objects unloaded after import = 1
========================================================================
Received Import Request.
  Time since last request: 0.000020 seconds.
  path: Assets/Plugins/Android/google-play-services_lib/res/drawable-xxhdpi/common_signin_btn_text_disabled_focus_light.9.png
  artifactKey: Guid(3046511ef08fcde4ca25604b247bae4f) Importer(2089858483,0ecaa5967403d082aa24f35e1b516d23)
Start importing Assets/Plugins/Android/google-play-services_lib/res/drawable-xxhdpi/common_signin_btn_text_disabled_focus_light.9.png using Guid(3046511ef08fcde4ca25604b247bae4f) Importer(2089858483,0ecaa5967403d082aa24f35e1b516d23) [PhysX] Initialized MultithreadedTaskDispatcher with 32 workers.
 -> (artifact id: 'f2687e640837490af1ccb76422efbb49') in 0.007757 seconds
Number of updated asset objects reloaded before import = 0
Number of asset objects unloaded after import = 1
========================================================================
Received Import Request.
  Time since last request: 0.000050 seconds.
  path: Assets/Plugins/Android/google-play-services_lib/res/values/base_strings.xml
  artifactKey: Guid(97fde333454e1c640ae9b05819a9ea89) Importer(2089858483,0ecaa5967403d082aa24f35e1b516d23)
Start importing Assets/Plugins/Android/google-play-services_lib/res/values/base_strings.xml using Guid(97fde333454e1c640ae9b05819a9ea89) Importer(2089858483,0ecaa5967403d082aa24f35e1b516d23) [PhysX] Initialized MultithreadedTaskDispatcher with 32 workers.
 -> (artifact id: 'f37cb7b8b27b9013bce77ae68cd0f647') in 0.006762 seconds
Number of updated asset objects reloaded before import = 0
Number of asset objects unloaded after import = 1
========================================================================
Received Import Request.
  Time since last request: 0.000028 seconds.
  path: Assets/Plugins/Android/google-play-services_lib/res/drawable-xxhdpi/common_signin_btn_icon_disabled_dark.9.png
  artifactKey: Guid(42811e0e4dd59fd43978e8bb3783baf3) Importer(2089858483,0ecaa5967403d082aa24f35e1b516d23)
Start importing Assets/Plugins/Android/google-play-services_lib/res/drawable-xxhdpi/common_signin_btn_icon_disabled_dark.9.png using Guid(42811e0e4dd59fd43978e8bb3783baf3) Importer(2089858483,0ecaa5967403d082aa24f35e1b516d23) [PhysX] Initialized MultithreadedTaskDispatcher with 32 workers.
 -> (artifact id: 'ef108b7a0981f9e09045812c6af4c6c8') in 0.006923 seconds
Number of updated asset objects reloaded before import = 0
Number of asset objects unloaded after import = 1
========================================================================
Received Import Request.
  Time since last request: 0.000036 seconds.
  path: Assets/Plugins/Android/google-play-services_lib/res/drawable-hdpi/common_signin_btn_text_pressed_dark.9.png
  artifactKey: Guid(2b0c16c1e47892147999b28b3bb150c4) Importer(2089858483,0ecaa5967403d082aa24f35e1b516d23)
Start importing Assets/Plugins/Android/google-play-services_lib/res/drawable-hdpi/common_signin_btn_text_pressed_dark.9.png using Guid(2b0c16c1e47892147999b28b3bb150c4) Importer(2089858483,0ecaa5967403d082aa24f35e1b516d23) [PhysX] Initialized MultithreadedTaskDispatcher with 32 workers.
 -> (artifact id: '80cc04eb213357d259a922365e4098e7') in 0.007855 seconds
Number of updated asset objects reloaded before import = 0
Number of asset objects unloaded after import = 1
========================================================================
Received Import Request.
  Time since last request: 0.000036 seconds.
  path: Assets/Plugins/Android/google-play-services_lib/res/drawable-xxhdpi/common_signin_btn_icon_disabled_light.9.png
  artifactKey: Guid(1232acc3389153444a3f36a4be129978) Importer(2089858483,0ecaa5967403d082aa24f35e1b516d23)
Start importing Assets/Plugins/Android/google-play-services_lib/res/drawable-xxhdpi/common_signin_btn_icon_disabled_light.9.png using Guid(1232acc3389153444a3f36a4be129978) Importer(2089858483,0ecaa5967403d082aa24f35e1b516d23) [PhysX] Initialized MultithreadedTaskDispatcher with 32 workers.
 -> (artifact id: 'b137780fba08337fbbcd94694cfea652') in 0.007674 seconds
Number of updated asset objects reloaded before import = 0
Number of asset objects unloaded after import = 1
========================================================================
Received Import Request.
  Time since last request: 0.000025 seconds.
  path: Assets/Plugins/Android/google-play-services_lib/res/drawable-hdpi/common_signin_btn_icon_normal_light.9.png
  artifactKey: Guid(94e8937b9fc53ac469702511909c7a19) Importer(2089858483,0ecaa5967403d082aa24f35e1b516d23)
Start importing Assets/Plugins/Android/google-play-services_lib/res/drawable-hdpi/common_signin_btn_icon_normal_light.9.png using Guid(94e8937b9fc53ac469702511909c7a19) Importer(2089858483,0ecaa5967403d082aa24f35e1b516d23) [PhysX] Initialized MultithreadedTaskDispatcher with 32 workers.
 -> (artifact id: 'd4860794e765a99dc9fddd395eb23873') in 0.008068 seconds
Number of updated asset objects reloaded before import = 0
Number of asset objects unloaded after import = 1
========================================================================
Received Import Request.
  Time since last request: 0.000057 seconds.
  path: Assets/NGUI/Scripts/Internal/MinMaxRangeAttribute.cs
  artifactKey: Guid(94f43f87071788c43885c97441c8fdc8) Importer(2089858483,0ecaa5967403d082aa24f35e1b516d23)
Start importing Assets/NGUI/Scripts/Internal/MinMaxRangeAttribute.cs using Guid(94f43f87071788c43885c97441c8fdc8) Importer(2089858483,0ecaa5967403d082aa24f35e1b516d23) [PhysX] Initialized MultithreadedTaskDispatcher with 32 workers.
 -> (artifact id: 'c12243f4311b797eaec0c6d9a33410f5') in 0.007766 seconds
Number of updated asset objects reloaded before import = 0
Number of asset objects unloaded after import = 1
========================================================================
Received Import Request.
  Time since last request: 0.000018 seconds.
  path: Assets/Plugins/Android/google-play-services_lib/res/drawable/common_signin_btn_text_light.xml
  artifactKey: Guid(cdf93628091221a4286d5702f30e0162) Importer(2089858483,0ecaa5967403d082aa24f35e1b516d23)
Start importing Assets/Plugins/Android/google-play-services_lib/res/drawable/common_signin_btn_text_light.xml using Guid(cdf93628091221a4286d5702f30e0162) Importer(2089858483,0ecaa5967403d082aa24f35e1b516d23) [PhysX] Initialized MultithreadedTaskDispatcher with 32 workers.
 -> (artifact id: 'a535905d988fda4c32a88be207a44f74') in 0.006999 seconds
Number of updated asset objects reloaded before import = 0
Number of asset objects unloaded after import = 1
========================================================================
Received Import Request.
  Time since last request: 0.000011 seconds.
  path: Assets/Plugins/Android/google-play-services_lib/res/drawable-hdpi/common_signin_btn_icon_disabled_dark.9.png
  artifactKey: Guid(b98e227310d1b28418ad9bcef9748b61) Importer(2089858483,0ecaa5967403d082aa24f35e1b516d23)
Start importing Assets/Plugins/Android/google-play-services_lib/res/drawable-hdpi/common_signin_btn_icon_disabled_dark.9.png using Guid(b98e227310d1b28418ad9bcef9748b61) Importer(2089858483,0ecaa5967403d082aa24f35e1b516d23) [PhysX] Initialized MultithreadedTaskDispatcher with 32 workers.
 -> (artifact id: '6a3130887e94e618e31d1c2412c486f3') in 0.008916 seconds
Number of updated asset objects reloaded before import = 0
Number of asset objects unloaded after import = 1
========================================================================
Received Import Request.
  Time since last request: 0.000013 seconds.
  path: Assets/NGUI/Scripts/UI/UIInput.cs
  artifactKey: Guid(ac5060295fbd39b4a88d20d0c83d925e) Importer(2089858483,0ecaa5967403d082aa24f35e1b516d23)
Start importing Assets/NGUI/Scripts/UI/UIInput.cs using Guid(ac5060295fbd39b4a88d20d0c83d925e) Importer(2089858483,0ecaa5967403d082aa24f35e1b516d23) [PhysX] Initialized MultithreadedTaskDispatcher with 32 workers.
 -> (artifact id: 'c3bdb7bc1c85f4da9ce9166742c63b60') in 0.009516 seconds
Number of updated asset objects reloaded before import = 0
Number of asset objects unloaded after import = 1
========================================================================
Received Import Request.
  Time since last request: 0.000018 seconds.
  path: Assets/Plugins/Android/google-play-services_lib/res/values/admob_ads_attrs.xml
  artifactKey: Guid(bd7b689684af1564eb9a201518dd52f0) Importer(2089858483,0ecaa5967403d082aa24f35e1b516d23)
Start importing Assets/Plugins/Android/google-play-services_lib/res/values/admob_ads_attrs.xml using Guid(bd7b689684af1564eb9a201518dd52f0) Importer(2089858483,0ecaa5967403d082aa24f35e1b516d23) [PhysX] Initialized MultithreadedTaskDispatcher with 32 workers.
 -> (artifact id: 'a5026aec102fd9da33f5f7d0ca12853b') in 0.007758 seconds
Number of updated asset objects reloaded before import = 0
Number of asset objects unloaded after import = 1
========================================================================
Received Import Request.
  Time since last request: 0.000014 seconds.
  path: Assets/Plugins/Android/google-play-services_lib/res/drawable/cast_ic_notification_connecting.xml
  artifactKey: Guid(57ee0b2d41c828d41ac082042e3c692e) Importer(2089858483,0ecaa5967403d082aa24f35e1b516d23)
Start importing Assets/Plugins/Android/google-play-services_lib/res/drawable/cast_ic_notification_connecting.xml using Guid(57ee0b2d41c828d41ac082042e3c692e) Importer(2089858483,0ecaa5967403d082aa24f35e1b516d23) [PhysX] Initialized MultithreadedTaskDispatcher with 32 workers.
 -> (artifact id: '855dde4c9066b91688880d3cfbd4938b') in 0.009407 seconds
Number of updated asset objects reloaded before import = 0
Number of asset objects unloaded after import = 1
========================================================================
Received Import Request.
  Time since last request: 0.000016 seconds.
  path: Assets/Plugins/Android/google-play-services_lib/AndroidManifest.xml
  artifactKey: Guid(ae6534e19c9399e4bb2a8e3914dde837) Importer(2089858483,0ecaa5967403d082aa24f35e1b516d23)
Start importing Assets/Plugins/Android/google-play-services_lib/AndroidManifest.xml using Guid(ae6534e19c9399e4bb2a8e3914dde837) Importer(2089858483,0ecaa5967403d082aa24f35e1b516d23) [PhysX] Initialized MultithreadedTaskDispatcher with 32 workers.
 -> (artifact id: 'e363940622424e0aa110a9298b85f1a5') in 0.013410 seconds
Number of updated asset objects reloaded before import = 0
Number of asset objects unloaded after import = 1
========================================================================
Received Import Request.
  Time since last request: 0.000021 seconds.
  path: Assets/Plugins/Android/google-play-services_lib/res/drawable-xhdpi/common_signin_btn_text_disabled_dark.9.png
  artifactKey: Guid(234e8cebc5d0046479947248226070cb) Importer(2089858483,0ecaa5967403d082aa24f35e1b516d23)
Start importing Assets/Plugins/Android/google-play-services_lib/res/drawable-xhdpi/common_signin_btn_text_disabled_dark.9.png using Guid(234e8cebc5d0046479947248226070cb) Importer(2089858483,0ecaa5967403d082aa24f35e1b516d23) [PhysX] Initialized MultithreadedTaskDispatcher with 32 workers.
 -> (artifact id: '6ad1042a54d236b7b979b722921876f5') in 0.008068 seconds
Number of updated asset objects reloaded before import = 0
Number of asset objects unloaded after import = 1
========================================================================
Received Import Request.
  Time since last request: 0.000033 seconds.
  path: Assets/Plugins/Android/google-play-services_lib/res/drawable-hdpi/common_signin_btn_text_focus_dark.9.png
  artifactKey: Guid(ac657720d866f6444a6eabbf3f41e730) Importer(2089858483,0ecaa5967403d082aa24f35e1b516d23)
Start importing Assets/Plugins/Android/google-play-services_lib/res/drawable-hdpi/common_signin_btn_text_focus_dark.9.png using Guid(ac657720d866f6444a6eabbf3f41e730) Importer(2089858483,0ecaa5967403d082aa24f35e1b516d23) [PhysX] Initialized MultithreadedTaskDispatcher with 32 workers.
 -> (artifact id: 'bcd8d77b0b405e02d8020e9909b0788e') in 0.009660 seconds
Number of updated asset objects reloaded before import = 0
Number of asset objects unloaded after import = 1
========================================================================
Received Import Request.
  Time since last request: 0.000037 seconds.
  path: Assets/Plugins/Android/google-play-services_lib/res/drawable-mdpi/common_signin_btn_text_disabled_focus_light.9.png
  artifactKey: Guid(b6fcabcb81fdccb40bed6f5ad8a63a60) Importer(2089858483,0ecaa5967403d082aa24f35e1b516d23)
Start importing Assets/Plugins/Android/google-play-services_lib/res/drawable-mdpi/common_signin_btn_text_disabled_focus_light.9.png using Guid(b6fcabcb81fdccb40bed6f5ad8a63a60) Importer(2089858483,0ecaa5967403d082aa24f35e1b516d23) [PhysX] Initialized MultithreadedTaskDispatcher with 32 workers.
 -> (artifact id: '65b364ed9e8367359eeba00b8f571888') in 0.007340 seconds
Number of updated asset objects reloaded before import = 0
Number of asset objects unloaded after import = 1
========================================================================
Received Import Request.
  Time since last request: 0.000019 seconds.
  path: Assets/Plugins/Android/google-play-services_lib/res/values-ar/wallet_strings.xml
  artifactKey: Guid(b61ac3eaee369694aaf47285c3e65687) Importer(2089858483,0ecaa5967403d082aa24f35e1b516d23)
Start importing Assets/Plugins/Android/google-play-services_lib/res/values-ar/wallet_strings.xml using Guid(b61ac3eaee369694aaf47285c3e65687) Importer(2089858483,0ecaa5967403d082aa24f35e1b516d23) [PhysX] Initialized MultithreadedTaskDispatcher with 32 workers.
 -> (artifact id: 'b7387a74aedc6978a91a57a47bb00926') in 0.007224 seconds
Number of updated asset objects reloaded before import = 0
Number of asset objects unloaded after import = 1
========================================================================
Received Import Request.
  Time since last request: 0.000013 seconds.
  path: Assets/Plugins/Android/google-play-services_lib/res/values-en-rGB/wallet_strings.xml
  artifactKey: Guid(3e77c3bce6461e84d8d46790f85b30dc) Importer(2089858483,0ecaa5967403d082aa24f35e1b516d23)
Start importing Assets/Plugins/Android/google-play-services_lib/res/values-en-rGB/wallet_strings.xml using Guid(3e77c3bce6461e84d8d46790f85b30dc) Importer(2089858483,0ecaa5967403d082aa24f35e1b516d23) [PhysX] Initialized MultithreadedTaskDispatcher with 32 workers.
 -> (artifact id: '49939e006c51803888a7c44863d13e46') in 0.007209 seconds
Number of updated asset objects reloaded before import = 0
Number of asset objects unloaded after import = 1
========================================================================
Received Import Request.
  Time since last request: 0.000018 seconds.
  path: Assets/Images/Meta/iOS/App Icon [Squared]/Icon-Small-50@2x.png
  artifactKey: Guid(19901082aca30c646a3f4fb77767696f) Importer(2089858483,0ecaa5967403d082aa24f35e1b516d23)
Start importing Assets/Images/Meta/iOS/App Icon [Squared]/Icon-Small-50@2x.png using Guid(19901082aca30c646a3f4fb77767696f) Importer(2089858483,0ecaa5967403d082aa24f35e1b516d23) [PhysX] Initialized MultithreadedTaskDispatcher with 32 workers.
 -> (artifact id: '399e3f237bd00f39cc822947d8fda7c0') in 0.019899 seconds
Number of updated asset objects reloaded before import = 0
Number of asset objects unloaded after import = 1
========================================================================
Received Import Request.
  Time since last request: 0.000014 seconds.
  path: Assets/Plugins/Android/google-play-services_lib/res/drawable-xxhdpi/common_signin_btn_text_focus_light.9.png
  artifactKey: Guid(6104f69be627b5348b003dcb897c94d9) Importer(2089858483,0ecaa5967403d082aa24f35e1b516d23)
Start importing Assets/Plugins/Android/google-play-services_lib/res/drawable-xxhdpi/common_signin_btn_text_focus_light.9.png using Guid(6104f69be627b5348b003dcb897c94d9) Importer(2089858483,0ecaa5967403d082aa24f35e1b516d23) [PhysX] Initialized MultithreadedTaskDispatcher with 32 workers.
 -> (artifact id: '2454734a8e0e234d8ef86fc67ff7d898') in 0.008467 seconds
Number of updated asset objects reloaded before import = 0
Number of asset objects unloaded after import = 1
========================================================================
Received Import Request.
  Time since last request: 0.000022 seconds.
  path: Assets/Plugins/Android/google-play-services_lib/res/drawable-xxhdpi/ic_plusone_medium_off_client.png
  artifactKey: Guid(111fd2c85f58a8543a67f496623c4df5) Importer(2089858483,0ecaa5967403d082aa24f35e1b516d23)
Start importing Assets/Plugins/Android/google-play-services_lib/res/drawable-xxhdpi/ic_plusone_medium_off_client.png using Guid(111fd2c85f58a8543a67f496623c4df5) Importer(2089858483,0ecaa5967403d082aa24f35e1b516d23) [PhysX] Initialized MultithreadedTaskDispatcher with 32 workers.
 -> (artifact id: '88093c81ffbb31c9c1ce9152d107550a') in 0.007129 seconds
Number of updated asset objects reloaded before import = 0
Number of asset objects unloaded after import = 1
========================================================================
Received Import Request.
  Time since last request: 0.000011 seconds.
  path: Assets/Plugins/Android/google-play-services_lib/res/values-es-rUS/common_strings.xml
  artifactKey: Guid(d330790119b930f4b8937292e3989850) Importer(2089858483,0ecaa5967403d082aa24f35e1b516d23)
Start importing Assets/Plugins/Android/google-play-services_lib/res/values-es-rUS/common_strings.xml using Guid(d330790119b930f4b8937292e3989850) Importer(2089858483,0ecaa5967403d082aa24f35e1b516d23) [PhysX] Initialized MultithreadedTaskDispatcher with 32 workers.
 -> (artifact id: 'ffba40ed44ec48e0fe24cff9e77dc580') in 0.006895 seconds
Number of updated asset objects reloaded before import = 0
Number of asset objects unloaded after import = 1
========================================================================
Received Import Request.
  Time since last request: 0.000071 seconds.
  path: Assets/Plugins/Android/google-play-services_lib/res/drawable-xxhdpi/ic_plusone_tall_off_client.png
  artifactKey: Guid(f7712ba5406620642810fa22eccf7375) Importer(2089858483,0ecaa5967403d082aa24f35e1b516d23)
Start importing Assets/Plugins/Android/google-play-services_lib/res/drawable-xxhdpi/ic_plusone_tall_off_client.png using Guid(f7712ba5406620642810fa22eccf7375) Importer(2089858483,0ecaa5967403d082aa24f35e1b516d23) [PhysX] Initialized MultithreadedTaskDispatcher with 32 workers.
 -> (artifact id: 'b2b248e3aaaaeb46600093837ec802a9') in 0.007508 seconds
Number of updated asset objects reloaded before import = 0
Number of asset objects unloaded after import = 1
========================================================================
Received Import Request.
  Time since last request: 0.000013 seconds.
  path: Assets/Plugins/Android/google-play-services_lib/res/drawable-xhdpi/common_signin_btn_icon_focus_light.9.png
  artifactKey: Guid(ef19ed7e858f0f64792471f69040c248) Importer(2089858483,0ecaa5967403d082aa24f35e1b516d23)
Start importing Assets/Plugins/Android/google-play-services_lib/res/drawable-xhdpi/common_signin_btn_icon_focus_light.9.png using Guid(ef19ed7e858f0f64792471f69040c248) Importer(2089858483,0ecaa5967403d082aa24f35e1b516d23) [PhysX] Initialized MultithreadedTaskDispatcher with 32 workers.
 -> (artifact id: '6360779df5051dca66d0fda0c88fa636') in 0.007114 seconds
Number of updated asset objects reloaded before import = 0
Number of asset objects unloaded after import = 1
========================================================================
Received Import Request.
  Time since last request: 0.000017 seconds.
  path: Assets/NGUI/Scripts/Tweening/TweenTransform.cs
  artifactKey: Guid(1d805c79a1ab11643bfd9d91e10c195a) Importer(2089858483,0ecaa5967403d082aa24f35e1b516d23)
Start importing Assets/NGUI/Scripts/Tweening/TweenTransform.cs using Guid(1d805c79a1ab11643bfd9d91e10c195a) Importer(2089858483,0ecaa5967403d082aa24f35e1b516d23) [PhysX] Initialized MultithreadedTaskDispatcher with 32 workers.
 -> (artifact id: '555346b6b3bfeb8e015952a902d141fb') in 0.007925 seconds
Number of updated asset objects reloaded before import = 0
Number of asset objects unloaded after import = 1
========================================================================
Received Import Request.
  Time since last request: 0.000007 seconds.
  path: Assets/Plugins/Android/google-play-services_lib/res/values-eu-rES/common_strings.xml
  artifactKey: Guid(46ad54516fae8c34b8bc7a85c556274d) Importer(2089858483,0ecaa5967403d082aa24f35e1b516d23)
Start importing Assets/Plugins/Android/google-play-services_lib/res/values-eu-rES/common_strings.xml using Guid(46ad54516fae8c34b8bc7a85c556274d) Importer(2089858483,0ecaa5967403d082aa24f35e1b516d23) [PhysX] Initialized MultithreadedTaskDispatcher with 32 workers.
 -> (artifact id: '2ea8a4a54704a1c1f5990ffcc77af60e') in 0.006413 seconds
Number of updated asset objects reloaded before import = 0
Number of asset objects unloaded after import = 1
========================================================================
Received Import Request.
  Time since last request: 0.000016 seconds.
  path: Assets/Plugins/Android/google-play-services_lib/res/values-es/wallet_strings.xml
  artifactKey: Guid(2d9df5b893013234eae3f56abb502d02) Importer(2089858483,0ecaa5967403d082aa24f35e1b516d23)
Start importing Assets/Plugins/Android/google-play-services_lib/res/values-es/wallet_strings.xml using Guid(2d9df5b893013234eae3f56abb502d02) Importer(2089858483,0ecaa5967403d082aa24f35e1b516d23) [PhysX] Initialized MultithreadedTaskDispatcher with 32 workers.
 -> (artifact id: '37e207c7a1d88e74175be51381247429') in 0.006533 seconds
Number of updated asset objects reloaded before import = 0
Number of asset objects unloaded after import = 1
========================================================================
Received Import Request.
  Time since last request: 0.000045 seconds.
  path: Assets/Images/Meta/Android/App Icon [Rounded]/192.png
  artifactKey: Guid(83f971634a4ee2a41b3723608d81590f) Importer(2089858483,0ecaa5967403d082aa24f35e1b516d23)
Start importing Assets/Images/Meta/Android/App Icon [Rounded]/192.png using Guid(83f971634a4ee2a41b3723608d81590f) Importer(2089858483,0ecaa5967403d082aa24f35e1b516d23) [PhysX] Initialized MultithreadedTaskDispatcher with 32 workers.
 -> (artifact id: '23de0268553b1d0cc284347e052ee5a3') in 0.018870 seconds
Number of updated asset objects reloaded before import = 0
Number of asset objects unloaded after import = 1
========================================================================
Received Import Request.
  Time since last request: 0.000013 seconds.
  path: Assets/Plugins/Android/google-play-services_lib/res/values-es/common_strings.xml
  artifactKey: Guid(3fd8e595a0d9f0240ae66e0335b2c6c9) Importer(2089858483,0ecaa5967403d082aa24f35e1b516d23)
Start importing Assets/Plugins/Android/google-play-services_lib/res/values-es/common_strings.xml using Guid(3fd8e595a0d9f0240ae66e0335b2c6c9) Importer(2089858483,0ecaa5967403d082aa24f35e1b516d23) [PhysX] Initialized MultithreadedTaskDispatcher with 32 workers.
 -> (artifact id: '1b2bf8da050af6fd591f26918bfbe626') in 0.007518 seconds
Number of updated asset objects reloaded before import = 0
Number of asset objects unloaded after import = 1
========================================================================
Received Import Request.
  Time since last request: 0.000029 seconds.
  path: Assets/Plugins/Android/google-play-services_lib/res/values-cs/common_strings.xml
  artifactKey: Guid(f58abc3811d3ab14ba0704dea0b79c83) Importer(2089858483,0ecaa5967403d082aa24f35e1b516d23)
Start importing Assets/Plugins/Android/google-play-services_lib/res/values-cs/common_strings.xml using Guid(f58abc3811d3ab14ba0704dea0b79c83) Importer(2089858483,0ecaa5967403d082aa24f35e1b516d23) [PhysX] Initialized MultithreadedTaskDispatcher with 32 workers.
 -> (artifact id: 'a1939594f34a7adb473f652aad5f7369') in 0.006673 seconds
Number of updated asset objects reloaded before import = 0
Number of asset objects unloaded after import = 1
========================================================================
Received Import Request.
  Time since last request: 0.000028 seconds.
  path: Assets/Plugins/Android/google-play-services_lib/res/drawable-mdpi/powered_by_google_light.png
  artifactKey: Guid(6b35faed5f80cd74da566155715e2be3) Importer(2089858483,0ecaa5967403d082aa24f35e1b516d23)
Start importing Assets/Plugins/Android/google-play-services_lib/res/drawable-mdpi/powered_by_google_light.png using Guid(6b35faed5f80cd74da566155715e2be3) Importer(2089858483,0ecaa5967403d082aa24f35e1b516d23) [PhysX] Initialized MultithreadedTaskDispatcher with 32 workers.
 -> (artifact id: '2b4f125f8988ea072a02994120cbe879') in 0.006002 seconds
Number of updated asset objects reloaded before import = 0
Number of asset objects unloaded after import = 1
========================================================================
Received Import Request.
  Time since last request: 0.000040 seconds.
  path: Assets/Plugins/Android/google-play-services_lib/res/values/admob_strings.xml
  artifactKey: Guid(ff830cb47cd6d4348b7a87499caab26e) Importer(2089858483,0ecaa5967403d082aa24f35e1b516d23)
Start importing Assets/Plugins/Android/google-play-services_lib/res/values/admob_strings.xml using Guid(ff830cb47cd6d4348b7a87499caab26e) Importer(2089858483,0ecaa5967403d082aa24f35e1b516d23) [PhysX] Initialized MultithreadedTaskDispatcher with 32 workers.
 -> (artifact id: '2672ed26b6a3161ce07908f00f9bfb2f') in 0.006358 seconds
Number of updated asset objects reloaded before import = 0
Number of asset objects unloaded after import = 1
========================================================================
Received Import Request.
  Time since last request: 0.000020 seconds.
  path: Assets/Plugins/Android/google-play-services_lib/res/drawable-xxhdpi/common_signin_btn_icon_pressed_dark.9.png
  artifactKey: Guid(1fd68a27157d6ee4f80c67516faf5b4e) Importer(2089858483,0ecaa5967403d082aa24f35e1b516d23)
Start importing Assets/Plugins/Android/google-play-services_lib/res/drawable-xxhdpi/common_signin_btn_icon_pressed_dark.9.png using Guid(1fd68a27157d6ee4f80c67516faf5b4e) Importer(2089858483,0ecaa5967403d082aa24f35e1b516d23) [PhysX] Initialized MultithreadedTaskDispatcher with 32 workers.
 -> (artifact id: '503804c8d50e99d3936a5cf52496309e') in 0.007274 seconds
Number of updated asset objects reloaded before import = 0
Number of asset objects unloaded after import = 1
========================================================================
Received Import Request.
  Time since last request: 0.000008 seconds.
  path: Assets/Plugins/Android/google-play-services_lib/res/drawable-mdpi/ic_plusone_small_off_client.png
  artifactKey: Guid(0173cfe4f41647f4b95b790d6c98f160) Importer(2089858483,0ecaa5967403d082aa24f35e1b516d23)
Start importing Assets/Plugins/Android/google-play-services_lib/res/drawable-mdpi/ic_plusone_small_off_client.png using Guid(0173cfe4f41647f4b95b790d6c98f160) Importer(2089858483,0ecaa5967403d082aa24f35e1b516d23) [PhysX] Initialized MultithreadedTaskDispatcher with 32 workers.
 -> (artifact id: '6e5a2f4f56fddc77fed0abaeaa791d57') in 0.006296 seconds
Number of updated asset objects reloaded before import = 0
Number of asset objects unloaded after import = 1
========================================================================
Received Import Request.
  Time since last request: 0.000026 seconds.
  path: Assets/Plugins/Android/google-play-services_lib/res/values-ca/wallet_strings.xml
  artifactKey: Guid(182bdbbc55c7dc34e94b5293a1ce5a91) Importer(2089858483,0ecaa5967403d082aa24f35e1b516d23)
Start importing Assets/Plugins/Android/google-play-services_lib/res/values-ca/wallet_strings.xml using Guid(182bdbbc55c7dc34e94b5293a1ce5a91) Importer(2089858483,0ecaa5967403d082aa24f35e1b516d23) [PhysX] Initialized MultithreadedTaskDispatcher with 32 workers.
 -> (artifact id: '7d3753e88eacdd2969619e6061f22491') in 0.005867 seconds
Number of updated asset objects reloaded before import = 0
Number of asset objects unloaded after import = 1
========================================================================
Received Import Request.
  Time since last request: 0.000022 seconds.
  path: Assets/Plugins/Android/google-play-services_lib/res/values/common_strings.xml
  artifactKey: Guid(2dfc2aa0f013a424eb3cd31d19e79e25) Importer(2089858483,0ecaa5967403d082aa24f35e1b516d23)
Start importing Assets/Plugins/Android/google-play-services_lib/res/values/common_strings.xml using Guid(2dfc2aa0f013a424eb3cd31d19e79e25) Importer(2089858483,0ecaa5967403d082aa24f35e1b516d23) [PhysX] Initialized MultithreadedTaskDispatcher with 32 workers.
 -> (artifact id: 'b64d7462ad444048a11720ef6c7e1271') in 0.007498 seconds
Number of updated asset objects reloaded before import = 0
Number of asset objects unloaded after import = 1
========================================================================
Received Import Request.
  Time since last request: 0.000022 seconds.
  path: Assets/Plugins/Android/google-play-services_lib/res/drawable-xxhdpi/cast_ic_notification_2.png
  artifactKey: Guid(fb7e763d48e657b41a5f5c88c64e5462) Importer(2089858483,0ecaa5967403d082aa24f35e1b516d23)
Start importing Assets/Plugins/Android/google-play-services_lib/res/drawable-xxhdpi/cast_ic_notification_2.png using Guid(fb7e763d48e657b41a5f5c88c64e5462) Importer(2089858483,0ecaa5967403d082aa24f35e1b516d23) [PhysX] Initialized MultithreadedTaskDispatcher with 32 workers.
 -> (artifact id: 'ca03da1ba3fc46b409362ae2ca6dad48') in 0.006211 seconds
Number of updated asset objects reloaded before import = 0
Number of asset objects unloaded after import = 1
========================================================================
Received Import Request.
  Time since last request: 0.000039 seconds.
  path: Assets/Plugins/Android/google-play-services_lib/res/values/admob_iap_style.xml
  artifactKey: Guid(9069c316648e9e643b2a0e053498202b) Importer(2089858483,0ecaa5967403d082aa24f35e1b516d23)
Start importing Assets/Plugins/Android/google-play-services_lib/res/values/admob_iap_style.xml using Guid(9069c316648e9e643b2a0e053498202b) Importer(2089858483,0ecaa5967403d082aa24f35e1b516d23) [PhysX] Initialized MultithreadedTaskDispatcher with 32 workers.
 -> (artifact id: '459caa180a0976316fd77b9acb5c9e86') in 0.005669 seconds
Number of updated asset objects reloaded before import = 0
Number of asset objects unloaded after import = 1
========================================================================
Received Import Request.
  Time since last request: 0.000039 seconds.
  path: Assets/Plugins/Android/google-play-services_lib/res/drawable-xxhdpi/common_signin_btn_text_normal_light.9.png
  artifactKey: Guid(220450a5067f4364d9a2418b95d23b73) Importer(2089858483,0ecaa5967403d082aa24f35e1b516d23)
Start importing Assets/Plugins/Android/google-play-services_lib/res/drawable-xxhdpi/common_signin_btn_text_normal_light.9.png using Guid(220450a5067f4364d9a2418b95d23b73) Importer(2089858483,0ecaa5967403d082aa24f35e1b516d23) [PhysX] Initialized MultithreadedTaskDispatcher with 32 workers.
 -> (artifact id: 'e36df1c36705d67f6803926f1b3b89a7') in 0.008652 seconds
Number of updated asset objects reloaded before import = 0
Number of asset objects unloaded after import = 1
========================================================================
Received Import Request.
  Time since last request: 0.000020 seconds.
  path: Assets/Plugins/Android/google-play-services_lib/res/drawable-xhdpi/common_signin_btn_icon_disabled_dark.9.png
  artifactKey: Guid(0a3a116597c3da245acc379569f62ebd) Importer(2089858483,0ecaa5967403d082aa24f35e1b516d23)
Start importing Assets/Plugins/Android/google-play-services_lib/res/drawable-xhdpi/common_signin_btn_icon_disabled_dark.9.png using Guid(0a3a116597c3da245acc379569f62ebd) Importer(2089858483,0ecaa5967403d082aa24f35e1b516d23) [PhysX] Initialized MultithreadedTaskDispatcher with 32 workers.
 -> (artifact id: '0514b56a31452f428a344bf3bc44e1e2') in 0.006324 seconds
Number of updated asset objects reloaded before import = 0
Number of asset objects unloaded after import = 1
========================================================================
Received Import Request.
  Time since last request: 0.000025 seconds.
  path: Assets/Plugins/Android/google-play-services_lib/res/values/version.xml
  artifactKey: Guid(0d1b7d086cc4ffc4eba5e8cc85921f27) Importer(2089858483,0ecaa5967403d082aa24f35e1b516d23)
Start importing Assets/Plugins/Android/google-play-services_lib/res/values/version.xml using Guid(0d1b7d086cc4ffc4eba5e8cc85921f27) Importer(2089858483,0ecaa5967403d082aa24f35e1b516d23) [PhysX] Initialized MultithreadedTaskDispatcher with 32 workers.
 -> (artifact id: 'ce77f470d61170cbc796a084c59d37d2') in 0.007227 seconds
Number of updated asset objects reloaded before import = 0
Number of asset objects unloaded after import = 1
========================================================================
Received Import Request.
  Time since last request: 0.000034 seconds.
  path: Assets/Plugins/Android/google-play-services_lib/res/values-el/common_strings.xml
  artifactKey: Guid(64950074c37610b448d8204545953baf) Importer(2089858483,0ecaa5967403d082aa24f35e1b516d23)
Start importing Assets/Plugins/Android/google-play-services_lib/res/values-el/common_strings.xml using Guid(64950074c37610b448d8204545953baf) Importer(2089858483,0ecaa5967403d082aa24f35e1b516d23) [PhysX] Initialized MultithreadedTaskDispatcher with 32 workers.
 -> (artifact id: 'a34b3e22473813072433c9b49205b3ee') in 0.006876 seconds
Number of updated asset objects reloaded before import = 0
Number of asset objects unloaded after import = 1
========================================================================
Received Import Request.
  Time since last request: 0.000031 seconds.
  path: Assets/Plugins/Android/google-play-services_lib/res/values-en-rIN/wallet_strings.xml
  artifactKey: Guid(ab7919fdc9d9ac14fa2f8f0486edaf02) Importer(2089858483,0ecaa5967403d082aa24f35e1b516d23)
Start importing Assets/Plugins/Android/google-play-services_lib/res/values-en-rIN/wallet_strings.xml using Guid(ab7919fdc9d9ac14fa2f8f0486edaf02) Importer(2089858483,0ecaa5967403d082aa24f35e1b516d23) [PhysX] Initialized MultithreadedTaskDispatcher with 32 workers.
 -> (artifact id: '66a4f975c94f63b221a4234367de3bff') in 0.006541 seconds
Number of updated asset objects reloaded before import = 0
Number of asset objects unloaded after import = 1
========================================================================
Received Import Request.
  Time since last request: 0.000045 seconds.
  path: Assets/Plugins/Android/google-play-services_lib/res/drawable-xxhdpi/ic_plusone_standard_off_client.png
  artifactKey: Guid(95e6b5fa499010547b4cb413649f6e67) Importer(2089858483,0ecaa5967403d082aa24f35e1b516d23)
Start importing Assets/Plugins/Android/google-play-services_lib/res/drawable-xxhdpi/ic_plusone_standard_off_client.png using Guid(95e6b5fa499010547b4cb413649f6e67) Importer(2089858483,0ecaa5967403d082aa24f35e1b516d23) [PhysX] Initialized MultithreadedTaskDispatcher with 32 workers.
 -> (artifact id: '338d65c10d00f394b177fc07e5592a60') in 0.008143 seconds
Number of updated asset objects reloaded before import = 0
Number of asset objects unloaded after import = 1
========================================================================
Received Import Request.
  Time since last request: 0.000013 seconds.
  path: Assets/GooglePlayGames/Editor/m2repository/com/google/games/gpgs-plugin-support/maven-metadata.xml.sha1
  artifactKey: Guid(68a04306e822114e6ba3fc263bb6938d) Importer(2089858483,0ecaa5967403d082aa24f35e1b516d23)
Start importing Assets/GooglePlayGames/Editor/m2repository/com/google/games/gpgs-plugin-support/maven-metadata.xml.sha1 using Guid(68a04306e822114e6ba3fc263bb6938d) Importer(2089858483,0ecaa5967403d082aa24f35e1b516d23) [PhysX] Initialized MultithreadedTaskDispatcher with 32 workers.
 -> (artifact id: 'aa5ed622acb8f696d5047bc08d6de7ff') in 0.009096 seconds
Number of updated asset objects reloaded before import = 0
Number of asset objects unloaded after import = 1
========================================================================
Received Import Request.
  Time since last request: 0.000013 seconds.
  path: Assets/Plugins/Android/google-play-services_lib/res/values-vi/wallet_strings.xml
  artifactKey: Guid(f90d73e6957abf54bb725cdfcfbef7df) Importer(2089858483,0ecaa5967403d082aa24f35e1b516d23)
Start importing Assets/Plugins/Android/google-play-services_lib/res/values-vi/wallet_strings.xml using Guid(f90d73e6957abf54bb725cdfcfbef7df) Importer(2089858483,0ecaa5967403d082aa24f35e1b516d23) [PhysX] Initialized MultithreadedTaskDispatcher with 32 workers.
 -> (artifact id: '22317a545bdc63999f2286f2c9bb4ab1') in 0.007877 seconds
Number of updated asset objects reloaded before import = 0
Number of asset objects unloaded after import = 1
========================================================================
Received Import Request.
  Time since last request: 0.000011 seconds.
  path: Assets/Plugins/Android/google-play-services_lib/res/values-sv/wallet_strings.xml
  artifactKey: Guid(618239020210304408403efbcebbc461) Importer(2089858483,0ecaa5967403d082aa24f35e1b516d23)
Start importing Assets/Plugins/Android/google-play-services_lib/res/values-sv/wallet_strings.xml using Guid(618239020210304408403efbcebbc461) Importer(2089858483,0ecaa5967403d082aa24f35e1b516d23) [PhysX] Initialized MultithreadedTaskDispatcher with 32 workers.
 -> (artifact id: 'cd4bc346b81577c19f52e4a7fb45e2c7') in 0.008248 seconds
Number of updated asset objects reloaded before import = 0
Number of asset objects unloaded after import = 1
========================================================================
Received Import Request.
  Time since last request: 0.000009 seconds.
  path: Assets/GooglePlayGames/Editor/m2repository/com/google/games/gpgs-plugin-support/0.10.14/gpgs-plugin-support-0.10.14.srcaar.sha1
  artifactKey: Guid(9be38e00c83efeec1a97aae1e25bedb5) Importer(2089858483,0ecaa5967403d082aa24f35e1b516d23)
Start importing Assets/GooglePlayGames/Editor/m2repository/com/google/games/gpgs-plugin-support/0.10.14/gpgs-plugin-support-0.10.14.srcaar.sha1 using Guid(9be38e00c83efeec1a97aae1e25bedb5) Importer(2089858483,0ecaa5967403d082aa24f35e1b516d23) [PhysX] Initialized MultithreadedTaskDispatcher with 32 workers.
 -> (artifact id: 'e9a4bd5d482aed76695ed814137dc4aa') in 0.007476 seconds
Number of updated asset objects reloaded before import = 0
Number of asset objects unloaded after import = 1
========================================================================
Received Import Request.
  Time since last request: 0.000038 seconds.
  path: Assets/Plugins/Android/google-play-services_lib/res/values-pt-rPT/wallet_strings.xml
  artifactKey: Guid(a04a7161dff4b194fa34e809ab1bd9f4) Importer(2089858483,0ecaa5967403d082aa24f35e1b516d23)
Start importing Assets/Plugins/Android/google-play-services_lib/res/values-pt-rPT/wallet_strings.xml using Guid(a04a7161dff4b194fa34e809ab1bd9f4) Importer(2089858483,0ecaa5967403d082aa24f35e1b516d23) [PhysX] Initialized MultithreadedTaskDispatcher with 32 workers.
 -> (artifact id: 'bf83ae4c76f2953dcb577ce7ab5f44ea') in 0.012536 seconds
Number of updated asset objects reloaded before import = 0
Number of asset objects unloaded after import = 1
========================================================================
Received Import Request.
  Time since last request: 0.000017 seconds.
  path: Assets/Plugins/Android/google-play-services_lib/res/values-zh-rCN/common_strings.xml
  artifactKey: Guid(9f41de34b4be946429a6dae43d5385aa) Importer(2089858483,0ecaa5967403d082aa24f35e1b516d23)
Start importing Assets/Plugins/Android/google-play-services_lib/res/values-zh-rCN/common_strings.xml using Guid(9f41de34b4be946429a6dae43d5385aa) Importer(2089858483,0ecaa5967403d082aa24f35e1b516d23) [PhysX] Initialized MultithreadedTaskDispatcher with 32 workers.
 -> (artifact id: '2764f61cf53790ff6ff29b423319a053') in 0.008021 seconds
Number of updated asset objects reloaded before import = 0
Number of asset objects unloaded after import = 1
========================================================================
Received Import Request.
  Time since last request: 0.000023 seconds.
  path: Assets/Plugins/Android/google-play-services_lib/res/values-fa/wallet_strings.xml
  artifactKey: Guid(d61149660bd0f794ab8f420d09868535) Importer(2089858483,0ecaa5967403d082aa24f35e1b516d23)
Start importing Assets/Plugins/Android/google-play-services_lib/res/values-fa/wallet_strings.xml using Guid(d61149660bd0f794ab8f420d09868535) Importer(2089858483,0ecaa5967403d082aa24f35e1b516d23) [PhysX] Initialized MultithreadedTaskDispatcher with 32 workers.
 -> (artifact id: 'c04f2f3ad788e493c95880698661f1c9') in 0.007640 seconds
Number of updated asset objects reloaded before import = 0
Number of asset objects unloaded after import = 1
========================================================================
Received Import Request.
  Time since last request: 0.000027 seconds.
  path: Assets/GooglePlayGames/Editor/m2repository/com/google/games/gpgs-plugin-support/maven-metadata.xml
  artifactKey: Guid(a15528a154620cbada12ee6eb5f87384) Importer(2089858483,0ecaa5967403d082aa24f35e1b516d23)
Start importing Assets/GooglePlayGames/Editor/m2repository/com/google/games/gpgs-plugin-support/maven-metadata.xml using Guid(a15528a154620cbada12ee6eb5f87384) Importer(2089858483,0ecaa5967403d082aa24f35e1b516d23) [PhysX] Initialized MultithreadedTaskDispatcher with 32 workers.
 -> (artifact id: 'aed3c53220c3f2cbe98bcbf617a9264e') in 0.006685 seconds
Number of updated asset objects reloaded before import = 0
Number of asset objects unloaded after import = 1
========================================================================
Received Import Request.
  Time since last request: 0.000031 seconds.
  path: Assets/Plugins/Android/google-play-services_lib/res/values-sk/common_strings.xml
  artifactKey: Guid(ffe4a07ed5900f949bcf78278f297d99) Importer(2089858483,0ecaa5967403d082aa24f35e1b516d23)
Start importing Assets/Plugins/Android/google-play-services_lib/res/values-sk/common_strings.xml using Guid(ffe4a07ed5900f949bcf78278f297d99) Importer(2089858483,0ecaa5967403d082aa24f35e1b516d23) [PhysX] Initialized MultithreadedTaskDispatcher with 32 workers.
 -> (artifact id: 'f3883932f2ee0390fe18541195e88556') in 0.008279 seconds
Number of updated asset objects reloaded before import = 0
Number of asset objects unloaded after import = 1
========================================================================
Received Import Request.
  Time since last request: 0.000033 seconds.
  path: Assets/Plugins/Android/google-play-services_lib/res/values-ja/common_strings.xml
  artifactKey: Guid(55ba2c7a4c89ebe4fb68840bf928f521) Importer(2089858483,0ecaa5967403d082aa24f35e1b516d23)
Start importing Assets/Plugins/Android/google-play-services_lib/res/values-ja/common_strings.xml using Guid(55ba2c7a4c89ebe4fb68840bf928f521) Importer(2089858483,0ecaa5967403d082aa24f35e1b516d23) [PhysX] Initialized MultithreadedTaskDispatcher with 32 workers.
 -> (artifact id: '1770b0160f94405255bc924552843f18') in 0.007420 seconds
Number of updated asset objects reloaded before import = 0
Number of asset objects unloaded after import = 1
========================================================================
Received Import Request.
  Time since last request: 0.000009 seconds.
  path: Assets/Plugins/Android/google-play-services_lib/res/values-tr/common_strings.xml
  artifactKey: Guid(0458dcb42fc591648aab092cbcc2ea30) Importer(2089858483,0ecaa5967403d082aa24f35e1b516d23)
Start importing Assets/Plugins/Android/google-play-services_lib/res/values-tr/common_strings.xml using Guid(0458dcb42fc591648aab092cbcc2ea30) Importer(2089858483,0ecaa5967403d082aa24f35e1b516d23) [PhysX] Initialized MultithreadedTaskDispatcher with 32 workers.
 -> (artifact id: 'be9aaf4854f6090f44b81b9a5b3dbacc') in 0.006842 seconds
Number of updated asset objects reloaded before import = 0
Number of asset objects unloaded after import = 1
========================================================================
Received Import Request.
  Time since last request: 0.000028 seconds.
  path: Assets/Plugins/Android/google-play-services_lib/res/values-sw/common_strings.xml
  artifactKey: Guid(b5000f33dee2f1a46b89393cac49171f) Importer(2089858483,0ecaa5967403d082aa24f35e1b516d23)
Start importing Assets/Plugins/Android/google-play-services_lib/res/values-sw/common_strings.xml using Guid(b5000f33dee2f1a46b89393cac49171f) Importer(2089858483,0ecaa5967403d082aa24f35e1b516d23) [PhysX] Initialized MultithreadedTaskDispatcher with 32 workers.
 -> (artifact id: '2929ca50e0126c8fa4dcfd0f56523bfd') in 0.006786 seconds
Number of updated asset objects reloaded before import = 0
Number of asset objects unloaded after import = 1
========================================================================
Received Import Request.
  Time since last request: 0.000022 seconds.
  path: Assets/Plugins/Android/google-play-services_lib/res/values-it/wallet_strings.xml
  artifactKey: Guid(a996e17c9b4df24459ee6164be68b5bd) Importer(2089858483,0ecaa5967403d082aa24f35e1b516d23)
Start importing Assets/Plugins/Android/google-play-services_lib/res/values-it/wallet_strings.xml using Guid(a996e17c9b4df24459ee6164be68b5bd) Importer(2089858483,0ecaa5967403d082aa24f35e1b516d23) [PhysX] Initialized MultithreadedTaskDispatcher with 32 workers.
 -> (artifact id: '5645d32f36c7f1e60392aa00d9ca4aa8') in 0.007045 seconds
Number of updated asset objects reloaded before import = 0
Number of asset objects unloaded after import = 1
========================================================================
Received Import Request.
  Time since last request: 0.000023 seconds.
  path: Assets/Plugins/Android/google-play-services_lib/res/values-lt/wallet_strings.xml
  artifactKey: Guid(f5fd191866511fe4f9437de6faf83c6b) Importer(2089858483,0ecaa5967403d082aa24f35e1b516d23)
Start importing Assets/Plugins/Android/google-play-services_lib/res/values-lt/wallet_strings.xml using Guid(f5fd191866511fe4f9437de6faf83c6b) Importer(2089858483,0ecaa5967403d082aa24f35e1b516d23) [PhysX] Initialized MultithreadedTaskDispatcher with 32 workers.
 -> (artifact id: 'f5165a09099233d2dc0b5c6d6efda1ed') in 0.006558 seconds
Number of updated asset objects reloaded before import = 0
Number of asset objects unloaded after import = 1
========================================================================
Received Import Request.
  Time since last request: 0.000046 seconds.
  path: Assets/Plugins/Android/google-play-services_lib/res/values-fr/common_strings.xml
  artifactKey: Guid(b461f3a6c70e9704c9b8f1a5e2e79468) Importer(2089858483,0ecaa5967403d082aa24f35e1b516d23)
Start importing Assets/Plugins/Android/google-play-services_lib/res/values-fr/common_strings.xml using Guid(b461f3a6c70e9704c9b8f1a5e2e79468) Importer(2089858483,0ecaa5967403d082aa24f35e1b516d23) [PhysX] Initialized MultithreadedTaskDispatcher with 32 workers.
 -> (artifact id: '476ba148f879d019d2dcc10b87525efa') in 0.006347 seconds
Number of updated asset objects reloaded before import = 0
Number of asset objects unloaded after import = 1
========================================================================
Received Import Request.
  Time since last request: 0.000037 seconds.
  path: Assets/Plugins/Android/google-play-services_lib/res/values-ky-rKG/common_strings.xml
  artifactKey: Guid(60f1d82316f5dd84cb68eebf3f135a44) Importer(2089858483,0ecaa5967403d082aa24f35e1b516d23)
Start importing Assets/Plugins/Android/google-play-services_lib/res/values-ky-rKG/common_strings.xml using Guid(60f1d82316f5dd84cb68eebf3f135a44) Importer(2089858483,0ecaa5967403d082aa24f35e1b516d23) [PhysX] Initialized MultithreadedTaskDispatcher with 32 workers.
 -> (artifact id: 'bfe723e60aac52a56bf341de6be87d3b') in 0.006563 seconds
Number of updated asset objects reloaded before import = 0
Number of asset objects unloaded after import = 1
========================================================================
Received Import Request.
  Time since last request: 0.000015 seconds.
  path: Assets/Plugins/Android/google-play-services_lib/res/values-tr/wallet_strings.xml
  artifactKey: Guid(83005199d679bed4b911f73a90dc4de2) Importer(2089858483,0ecaa5967403d082aa24f35e1b516d23)
Start importing Assets/Plugins/Android/google-play-services_lib/res/values-tr/wallet_strings.xml using Guid(83005199d679bed4b911f73a90dc4de2) Importer(2089858483,0ecaa5967403d082aa24f35e1b516d23) [PhysX] Initialized MultithreadedTaskDispatcher with 32 workers.
 -> (artifact id: '5fe5b3f697a6f03cef42f9aa8dcc7ae9') in 0.007788 seconds
Number of updated asset objects reloaded before import = 0
Number of asset objects unloaded after import = 1
========================================================================
Received Import Request.
  Time since last request: 0.000009 seconds.
  path: Assets/GeneratedLocalRepo/GooglePlayGames/Editor/m2repository/com/google/games/gpgs-plugin-support/0.10.14/gpgs-plugin-support-0.10.14.aar
  artifactKey: Guid(e570451b1f757ee49ac115ae926b074c) Importer(2089858483,0ecaa5967403d082aa24f35e1b516d23)
Start importing Assets/GeneratedLocalRepo/GooglePlayGames/Editor/m2repository/com/google/games/gpgs-plugin-support/0.10.14/gpgs-plugin-support-0.10.14.aar using Guid(e570451b1f757ee49ac115ae926b074c) Importer(2089858483,0ecaa5967403d082aa24f35e1b516d23) [PhysX] Initialized MultithreadedTaskDispatcher with 32 workers.
 -> (artifact id: 'fd2dbb9e0804a04284bf3eb1d18c26e7') in 0.008706 seconds
Number of updated asset objects reloaded before import = 0
Number of asset objects unloaded after import = 1
========================================================================
Received Import Request.
  Time since last request: 0.000013 seconds.
  path: Assets/Plugins/Android/google-play-services_lib/res/values-gl-rES/common_strings.xml
  artifactKey: Guid(b2c8e7501b3cfb441acee25fbb1fdb51) Importer(2089858483,0ecaa5967403d082aa24f35e1b516d23)
Start importing Assets/Plugins/Android/google-play-services_lib/res/values-gl-rES/common_strings.xml using Guid(b2c8e7501b3cfb441acee25fbb1fdb51) Importer(2089858483,0ecaa5967403d082aa24f35e1b516d23) [PhysX] Initialized MultithreadedTaskDispatcher with 32 workers.
 -> (artifact id: '9e735e4b21851ada5d145ef6796c9c0f') in 0.006793 seconds
Number of updated asset objects reloaded before import = 0
Number of asset objects unloaded after import = 1
========================================================================
Received Import Request.
  Time since last request: 0.000043 seconds.
  path: Assets/Plugins/Android/google-play-services_lib/res/values-ru/wallet_strings.xml
  artifactKey: Guid(919be36d559871d489980d51b1cba800) Importer(2089858483,0ecaa5967403d082aa24f35e1b516d23)
Start importing Assets/Plugins/Android/google-play-services_lib/res/values-ru/wallet_strings.xml using Guid(919be36d559871d489980d51b1cba800) Importer(2089858483,0ecaa5967403d082aa24f35e1b516d23) [PhysX] Initialized MultithreadedTaskDispatcher with 32 workers.
 -> (artifact id: '0c544d8bdcd4bf7442dbb3d518eaf5fb') in 0.007400 seconds
Number of updated asset objects reloaded before import = 0
Number of asset objects unloaded after import = 1
========================================================================
Received Import Request.
  Time since last request: 0.000049 seconds.
  path: Assets/Plugins/Android/google-play-services_lib/res/values-pt-rPT/common_strings.xml
  artifactKey: Guid(7b02b143cd690b14486d7e6ad5beacc6) Importer(2089858483,0ecaa5967403d082aa24f35e1b516d23)
Start importing Assets/Plugins/Android/google-play-services_lib/res/values-pt-rPT/common_strings.xml using Guid(7b02b143cd690b14486d7e6ad5beacc6) Importer(2089858483,0ecaa5967403d082aa24f35e1b516d23) [PhysX] Initialized MultithreadedTaskDispatcher with 32 workers.
 -> (artifact id: 'f250ed4d4e419c15a31adaaf2bd6f28a') in 0.007149 seconds
Number of updated asset objects reloaded before import = 0
Number of asset objects unloaded after import = 1
========================================================================
Received Import Request.
  Time since last request: 0.000020 seconds.
  path: Assets/Plugins/Android/google-play-services_lib/res/values-vi/common_strings.xml
  artifactKey: Guid(8401b4d7d48d17d47b7a02ed64f93c1a) Importer(2089858483,0ecaa5967403d082aa24f35e1b516d23)
Start importing Assets/Plugins/Android/google-play-services_lib/res/values-vi/common_strings.xml using Guid(8401b4d7d48d17d47b7a02ed64f93c1a) Importer(2089858483,0ecaa5967403d082aa24f35e1b516d23) [PhysX] Initialized MultithreadedTaskDispatcher with 32 workers.
 -> (artifact id: '9c67cb1558f6ddc01606293bbb74ef19') in 0.007456 seconds
Number of updated asset objects reloaded before import = 0
Number of asset objects unloaded after import = 1
========================================================================
Received Import Request.
  Time since last request: 0.000018 seconds.
  path: Assets/Plugins/Android/google-play-services_lib/res/values-nb/wallet_strings.xml
  artifactKey: Guid(5bc04969714ece347b2a703f1503d7cd) Importer(2089858483,0ecaa5967403d082aa24f35e1b516d23)
Start importing Assets/Plugins/Android/google-play-services_lib/res/values-nb/wallet_strings.xml using Guid(5bc04969714ece347b2a703f1503d7cd) Importer(2089858483,0ecaa5967403d082aa24f35e1b516d23) [PhysX] Initialized MultithreadedTaskDispatcher with 32 workers.
 -> (artifact id: 'ddba3c4023c6bcf20256af8a0b9bf678') in 0.007188 seconds
Number of updated asset objects reloaded before import = 0
Number of asset objects unloaded after import = 1
========================================================================
Received Import Request.
  Time since last request: 0.000017 seconds.
  path: Assets/Plugins/Android/google-play-services_lib/res/values-gu-rIN/common_strings.xml
  artifactKey: Guid(e9604526183c7e84da986cce3d1bfd1b) Importer(2089858483,0ecaa5967403d082aa24f35e1b516d23)
Start importing Assets/Plugins/Android/google-play-services_lib/res/values-gu-rIN/common_strings.xml using Guid(e9604526183c7e84da986cce3d1bfd1b) Importer(2089858483,0ecaa5967403d082aa24f35e1b516d23) [PhysX] Initialized MultithreadedTaskDispatcher with 32 workers.
 -> (artifact id: 'b5e3b22ccae66c423ac0bf16f269d7ec') in 0.006229 seconds
Number of updated asset objects reloaded before import = 0
Number of asset objects unloaded after import = 1
========================================================================
Received Import Request.
  Time since last request: 0.000027 seconds.
  path: Assets/Plugins/Android/google-play-services_lib/src/android/UnusedStub.java
  artifactKey: Guid(c4708950a258510419926881910e65ae) Importer(2089858483,0ecaa5967403d082aa24f35e1b516d23)
Start importing Assets/Plugins/Android/google-play-services_lib/src/android/UnusedStub.java using Guid(c4708950a258510419926881910e65ae) Importer(2089858483,0ecaa5967403d082aa24f35e1b516d23) [PhysX] Initialized MultithreadedTaskDispatcher with 32 workers.
 -> (artifact id: 'ff0a27f47caf1b846741d730cce8e963') in 0.009092 seconds
Number of updated asset objects reloaded before import = 0
Number of asset objects unloaded after import = 1
========================================================================
Received Import Request.
  Time since last request: 0.000010 seconds.
  path: Assets/Plugins/Android/google-play-services_lib/res/values-ko/wallet_strings.xml
  artifactKey: Guid(97a7be22ccac01047bb30b2ef854393d) Importer(2089858483,0ecaa5967403d082aa24f35e1b516d23)
Start importing Assets/Plugins/Android/google-play-services_lib/res/values-ko/wallet_strings.xml using Guid(97a7be22ccac01047bb30b2ef854393d) Importer(2089858483,0ecaa5967403d082aa24f35e1b516d23) [PhysX] Initialized MultithreadedTaskDispatcher with 32 workers.
 -> (artifact id: 'd3e402b2ed8da9b013b8fbb3290efa13') in 0.006795 seconds
Number of updated asset objects reloaded before import = 0
Number of asset objects unloaded after import = 1
========================================================================
Received Import Request.
  Time since last request: 0.000007 seconds.
  path: Assets/Plugins/Android/google-play-services_lib/res/values-pl/wallet_strings.xml
  artifactKey: Guid(edcf25073c58ce049b02f67c2cb63b68) Importer(2089858483,0ecaa5967403d082aa24f35e1b516d23)
Start importing Assets/Plugins/Android/google-play-services_lib/res/values-pl/wallet_strings.xml using Guid(edcf25073c58ce049b02f67c2cb63b68) Importer(2089858483,0ecaa5967403d082aa24f35e1b516d23) [PhysX] Initialized MultithreadedTaskDispatcher with 32 workers.
 -> (artifact id: '5a14e50a69d36882befb40080697a072') in 0.006486 seconds
Number of updated asset objects reloaded before import = 0
Number of asset objects unloaded after import = 1
========================================================================
Received Import Request.
  Time since last request: 0.000018 seconds.
  path: Assets/Plugins/Android/google-play-services_lib/res/values-fr-rCA/common_strings.xml
  artifactKey: Guid(e1ff4737a269e1a40a838d9028ca0692) Importer(2089858483,0ecaa5967403d082aa24f35e1b516d23)
Start importing Assets/Plugins/Android/google-play-services_lib/res/values-fr-rCA/common_strings.xml using Guid(e1ff4737a269e1a40a838d9028ca0692) Importer(2089858483,0ecaa5967403d082aa24f35e1b516d23) [PhysX] Initialized MultithreadedTaskDispatcher with 32 workers.
 -> (artifact id: '74c6a8b2104287242cf6c3919fcc7e5b') in 0.007179 seconds
Number of updated asset objects reloaded before import = 0
Number of asset objects unloaded after import = 1
========================================================================
Received Import Request.
  Time since last request: 0.000025 seconds.
  path: Assets/Plugins/Android/google-play-services_lib/res/values-th/wallet_strings.xml
  artifactKey: Guid(c5376ce459144bc47a1e442eef2f7f29) Importer(2089858483,0ecaa5967403d082aa24f35e1b516d23)
Start importing Assets/Plugins/Android/google-play-services_lib/res/values-th/wallet_strings.xml using Guid(c5376ce459144bc47a1e442eef2f7f29) Importer(2089858483,0ecaa5967403d082aa24f35e1b516d23) [PhysX] Initialized MultithreadedTaskDispatcher with 32 workers.
 -> (artifact id: '853064ed4eab261dc23b7ee815d2dbc1') in 0.007372 seconds
Number of updated asset objects reloaded before import = 0
Number of asset objects unloaded after import = 1
========================================================================
Received Import Request.
  Time since last request: 0.000012 seconds.
  path: Assets/Plugins/Android/google-play-services_lib/res/values-ru/common_strings.xml
  artifactKey: Guid(d4ff7c47b12346843ae63e60c849a0dd) Importer(2089858483,0ecaa5967403d082aa24f35e1b516d23)
Start importing Assets/Plugins/Android/google-play-services_lib/res/values-ru/common_strings.xml using Guid(d4ff7c47b12346843ae63e60c849a0dd) Importer(2089858483,0ecaa5967403d082aa24f35e1b516d23) [PhysX] Initialized MultithreadedTaskDispatcher with 32 workers.
 -> (artifact id: 'dcc0250a48b91038fe6091826001055b') in 0.007087 seconds
Number of updated asset objects reloaded before import = 0
Number of asset objects unloaded after import = 1
========================================================================
Received Import Request.
  Time since last request: 0.000035 seconds.
  path: Assets/Plugins/Android/google-play-services_lib/res/values-ka-rGE/common_strings.xml
  artifactKey: Guid(483f43692d84a2e418d8461a2ac76eb8) Importer(2089858483,0ecaa5967403d082aa24f35e1b516d23)
Start importing Assets/Plugins/Android/google-play-services_lib/res/values-ka-rGE/common_strings.xml using Guid(483f43692d84a2e418d8461a2ac76eb8) Importer(2089858483,0ecaa5967403d082aa24f35e1b516d23) [PhysX] Initialized MultithreadedTaskDispatcher with 32 workers.
 -> (artifact id: 'a25fda42863ade581592b2827366462a') in 0.006707 seconds
Number of updated asset objects reloaded before import = 0
Number of asset objects unloaded after import = 1
========================================================================
Received Import Request.
  Time since last request: 0.000018 seconds.
  path: Assets/Plugins/Android/google-play-services_lib/res/values-zu/common_strings.xml
  artifactKey: Guid(2a538fcae70a66d4bbf0baccc0b27fad) Importer(2089858483,0ecaa5967403d082aa24f35e1b516d23)
Start importing Assets/Plugins/Android/google-play-services_lib/res/values-zu/common_strings.xml using Guid(2a538fcae70a66d4bbf0baccc0b27fad) Importer(2089858483,0ecaa5967403d082aa24f35e1b516d23) [PhysX] Initialized MultithreadedTaskDispatcher with 32 workers.
 -> (artifact id: '4cf65f3c8542e6cc421c526c3baef389') in 0.006483 seconds
Number of updated asset objects reloaded before import = 0
Number of asset objects unloaded after import = 1
========================================================================
Received Import Request.
  Time since last request: 0.000021 seconds.
  path: Assets/Plugins/Android/google-play-services_lib/res/values-fr/wallet_strings.xml
  artifactKey: Guid(082e6473ec671d149a7f510da85c8bf9) Importer(2089858483,0ecaa5967403d082aa24f35e1b516d23)
Start importing Assets/Plugins/Android/google-play-services_lib/res/values-fr/wallet_strings.xml using Guid(082e6473ec671d149a7f510da85c8bf9) Importer(2089858483,0ecaa5967403d082aa24f35e1b516d23) [PhysX] Initialized MultithreadedTaskDispatcher with 32 workers.
 -> (artifact id: '5c9643e869c072af434653e744d5044c') in 0.007133 seconds
Number of updated asset objects reloaded before import = 0
Number of asset objects unloaded after import = 1
========================================================================
Received Import Request.
  Time since last request: 0.000017 seconds.
  path: Assets/GooglePlayGames/Editor/m2repository/com/google/games/gpgs-plugin-support/maven-metadata.xml.md5
  artifactKey: Guid(2c925104b8ddd4ae6ac6f3d7d4976898) Importer(2089858483,0ecaa5967403d082aa24f35e1b516d23)
Start importing Assets/GooglePlayGames/Editor/m2repository/com/google/games/gpgs-plugin-support/maven-metadata.xml.md5 using Guid(2c925104b8ddd4ae6ac6f3d7d4976898) Importer(2089858483,0ecaa5967403d082aa24f35e1b516d23) [PhysX] Initialized MultithreadedTaskDispatcher with 32 workers.
 -> (artifact id: '515389428c26096bfdcfb1e15973b717') in 0.006810 seconds
Number of updated asset objects reloaded before import = 0
Number of asset objects unloaded after import = 1
========================================================================
Received Import Request.
  Time since last request: 0.000039 seconds.
  path: Assets/Plugins/Android/google-play-services_lib/res/values-sq-rAL/common_strings.xml
  artifactKey: Guid(301fbecf221293b4892a3d4841177e7c) Importer(2089858483,0ecaa5967403d082aa24f35e1b516d23)
Start importing Assets/Plugins/Android/google-play-services_lib/res/values-sq-rAL/common_strings.xml using Guid(301fbecf221293b4892a3d4841177e7c) Importer(2089858483,0ecaa5967403d082aa24f35e1b516d23) [PhysX] Initialized MultithreadedTaskDispatcher with 32 workers.
 -> (artifact id: 'c5a8110090ad6ca95d4a17df394c6036') in 0.006813 seconds
Number of updated asset objects reloaded before import = 0
Number of asset objects unloaded after import = 1
========================================================================
Received Import Request.
  Time since last request: 0.000021 seconds.
  path: Assets/Plugins/Android/google-play-services_lib/res/values-km-rKH/common_strings.xml
  artifactKey: Guid(877bca63b1fef0c47a92d136177dc8a2) Importer(2089858483,0ecaa5967403d082aa24f35e1b516d23)
Start importing Assets/Plugins/Android/google-play-services_lib/res/values-km-rKH/common_strings.xml using Guid(877bca63b1fef0c47a92d136177dc8a2) Importer(2089858483,0ecaa5967403d082aa24f35e1b516d23) [PhysX] Initialized MultithreadedTaskDispatcher with 32 workers.
 -> (artifact id: '111800a1c2ae33e978a3b8a0d1700017') in 0.006702 seconds
Number of updated asset objects reloaded before import = 0
Number of asset objects unloaded after import = 1
========================================================================
Received Import Request.
  Time since last request: 0.000017 seconds.
  path: Assets/Plugins/Android/google-play-services_lib/res/values-fi/common_strings.xml
  artifactKey: Guid(513ecdc85c168f4458ecf62e5ac8e047) Importer(2089858483,0ecaa5967403d082aa24f35e1b516d23)
Start importing Assets/Plugins/Android/google-play-services_lib/res/values-fi/common_strings.xml using Guid(513ecdc85c168f4458ecf62e5ac8e047) Importer(2089858483,0ecaa5967403d082aa24f35e1b516d23) [PhysX] Initialized MultithreadedTaskDispatcher with 32 workers.
 -> (artifact id: '3fb1842d729700f6161dd0c340116825') in 0.007156 seconds
Number of updated asset objects reloaded before import = 0
Number of asset objects unloaded after import = 1
========================================================================
Received Import Request.
  Time since last request: 0.000025 seconds.
  path: Assets/Plugins/Android/google-play-services_lib/res/values-nb/common_strings.xml
  artifactKey: Guid(4a0fb995b9d862847abf51f9dc08abc3) Importer(2089858483,0ecaa5967403d082aa24f35e1b516d23)
Start importing Assets/Plugins/Android/google-play-services_lib/res/values-nb/common_strings.xml using Guid(4a0fb995b9d862847abf51f9dc08abc3) Importer(2089858483,0ecaa5967403d082aa24f35e1b516d23) [PhysX] Initialized MultithreadedTaskDispatcher with 32 workers.
 -> (artifact id: '36a3f6903fa6a29c33cf52328e3ebf1e') in 0.006658 seconds
Number of updated asset objects reloaded before import = 0
Number of asset objects unloaded after import = 1
========================================================================
Received Import Request.
  Time since last request: 0.000029 seconds.
  path: Assets/GooglePlayGames/Editor/m2repository/com/google/games/gpgs-plugin-support/0.10.14/gpgs-plugin-support-0.10.14.pom.sha1
  artifactKey: Guid(db7f2be779fb9a019bdbd920207b9744) Importer(2089858483,0ecaa5967403d082aa24f35e1b516d23)
Start importing Assets/GooglePlayGames/Editor/m2repository/com/google/games/gpgs-plugin-support/0.10.14/gpgs-plugin-support-0.10.14.pom.sha1 using Guid(db7f2be779fb9a019bdbd920207b9744) Importer(2089858483,0ecaa5967403d082aa24f35e1b516d23) [PhysX] Initialized MultithreadedTaskDispatcher with 32 workers.
 -> (artifact id: '6c7e2471b5d551622a2f27d6dd0f1e14') in 0.006810 seconds
Number of updated asset objects reloaded before import = 0
Number of asset objects unloaded after import = 1
========================================================================
Received Import Request.
  Time since last request: 0.000014 seconds.
  path: Assets/Plugins/Android/google-play-services_lib/res/values-zh-rCN/wallet_strings.xml
  artifactKey: Guid(1581a3aa4c49e864b85df94ebb09bbb1) Importer(2089858483,0ecaa5967403d082aa24f35e1b516d23)
Start importing Assets/Plugins/Android/google-play-services_lib/res/values-zh-rCN/wallet_strings.xml using Guid(1581a3aa4c49e864b85df94ebb09bbb1) Importer(2089858483,0ecaa5967403d082aa24f35e1b516d23) [PhysX] Initialized MultithreadedTaskDispatcher with 32 workers.
 -> (artifact id: 'e5b735272a9471f69756c9aaf1d68303') in 0.006785 seconds
Number of updated asset objects reloaded before import = 0
Number of asset objects unloaded after import = 1
========================================================================
Received Import Request.
  Time since last request: 0.000027 seconds.
  path: Assets/Plugins/Android/google-play-services_lib/res/values-mn-rMN/common_strings.xml
  artifactKey: Guid(7422f88d3508c2045b65f64bb22cfe7e) Importer(2089858483,0ecaa5967403d082aa24f35e1b516d23)
Start importing Assets/Plugins/Android/google-play-services_lib/res/values-mn-rMN/common_strings.xml using Guid(7422f88d3508c2045b65f64bb22cfe7e) Importer(2089858483,0ecaa5967403d082aa24f35e1b516d23) [PhysX] Initialized MultithreadedTaskDispatcher with 32 workers.
 -> (artifact id: 'c250a5a8fc6cd3da76df5bc9e2fae010') in 0.007242 seconds
Number of updated asset objects reloaded before import = 0
Number of asset objects unloaded after import = 1
========================================================================
Received Import Request.
  Time since last request: 0.000018 seconds.
  path: Assets/Plugins/Android/google-play-services_lib/res/values-ne-rNP/common_strings.xml
  artifactKey: Guid(ef785d50442e98947bc0a77083cb087e) Importer(2089858483,0ecaa5967403d082aa24f35e1b516d23)
Start importing Assets/Plugins/Android/google-play-services_lib/res/values-ne-rNP/common_strings.xml using Guid(ef785d50442e98947bc0a77083cb087e) Importer(2089858483,0ecaa5967403d082aa24f35e1b516d23) [PhysX] Initialized MultithreadedTaskDispatcher with 32 workers.
 -> (artifact id: 'a2da7897b1932be9bfe1984ec124b2bd') in 0.006337 seconds
Number of updated asset objects reloaded before import = 0
Number of asset objects unloaded after import = 1
========================================================================
Received Import Request.
  Time since last request: 0.000020 seconds.
  path: Assets/GooglePlayGames/Editor/m2repository/com/google/games/gpgs-plugin-support/0.10.14/gpgs-plugin-support-0.10.14.pom.md5
  artifactKey: Guid(9404b57dec243647d9ec0549088a6e37) Importer(2089858483,0ecaa5967403d082aa24f35e1b516d23)
Start importing Assets/GooglePlayGames/Editor/m2repository/com/google/games/gpgs-plugin-support/0.10.14/gpgs-plugin-support-0.10.14.pom.md5 using Guid(9404b57dec243647d9ec0549088a6e37) Importer(2089858483,0ecaa5967403d082aa24f35e1b516d23) [PhysX] Initialized MultithreadedTaskDispatcher with 32 workers.
 -> (artifact id: 'c040d97da3cfb80e1b97061dad2c7a3e') in 0.007322 seconds
Number of updated asset objects reloaded before import = 0
Number of asset objects unloaded after import = 1
========================================================================
Received Import Request.
  Time since last request: 0.000032 seconds.
  path: Assets/Plugins/Android/google-play-services_lib/res/values-in/common_strings.xml
  artifactKey: Guid(ad770211f9239b94aa2cada1498f7eb8) Importer(2089858483,0ecaa5967403d082aa24f35e1b516d23)
Start importing Assets/Plugins/Android/google-play-services_lib/res/values-in/common_strings.xml using Guid(ad770211f9239b94aa2cada1498f7eb8) Importer(2089858483,0ecaa5967403d082aa24f35e1b516d23) [PhysX] Initialized MultithreadedTaskDispatcher with 32 workers.
 -> (artifact id: 'ed86f3b22d4758324f41aa24d25fab32') in 0.006675 seconds
Number of updated asset objects reloaded before import = 0
Number of asset objects unloaded after import = 1
========================================================================
Received Import Request.
  Time since last request: 0.000022 seconds.
  path: Assets/Plugins/Android/google-play-services_lib/res/values-ta-rIN/common_strings.xml
  artifactKey: Guid(c31490eeccc276e48ae9d1eca419b626) Importer(2089858483,0ecaa5967403d082aa24f35e1b516d23)
Start importing Assets/Plugins/Android/google-play-services_lib/res/values-ta-rIN/common_strings.xml using Guid(c31490eeccc276e48ae9d1eca419b626) Importer(2089858483,0ecaa5967403d082aa24f35e1b516d23) [PhysX] Initialized MultithreadedTaskDispatcher with 32 workers.
 -> (artifact id: 'c39b38bcf4a0cd37d6ea3cbbffc98aea') in 0.007593 seconds
Number of updated asset objects reloaded before import = 0
Number of asset objects unloaded after import = 1
========================================================================
Received Import Request.
  Time since last request: 0.000014 seconds.
  path: Assets/Plugins/Android/google-play-services_lib/libs/google-play-services.jar.properties
  artifactKey: Guid(15569aa0c9b06764282530664c3f3242) Importer(2089858483,0ecaa5967403d082aa24f35e1b516d23)
Start importing Assets/Plugins/Android/google-play-services_lib/libs/google-play-services.jar.properties using Guid(15569aa0c9b06764282530664c3f3242) Importer(2089858483,0ecaa5967403d082aa24f35e1b516d23) [PhysX] Initialized MultithreadedTaskDispatcher with 32 workers.
 -> (artifact id: '9b5c3f01959d85335623c6d3b748094f') in 0.006822 seconds
Number of updated asset objects reloaded before import = 0
Number of asset objects unloaded after import = 1
========================================================================
Received Import Request.
  Time since last request: 0.000009 seconds.
  path: Assets/Plugins/Android/google-play-services_lib/res/values-am/wallet_strings.xml
  artifactKey: Guid(5e84f8b0f82feef4e876282904c77f8a) Importer(2089858483,0ecaa5967403d082aa24f35e1b516d23)
Start importing Assets/Plugins/Android/google-play-services_lib/res/values-am/wallet_strings.xml using Guid(5e84f8b0f82feef4e876282904c77f8a) Importer(2089858483,0ecaa5967403d082aa24f35e1b516d23) [PhysX] Initialized MultithreadedTaskDispatcher with 32 workers.
 -> (artifact id: 'fc406a6d3dedba43b42178ebf7e6d537') in 0.007381 seconds
Number of updated asset objects reloaded before import = 0
Number of asset objects unloaded after import = 1
========================================================================
Received Import Request.
  Time since last request: 0.000021 seconds.
  path: Assets/Plugins/Android/google-play-services_lib/res/drawable-xhdpi/ic_plusone_medium_off_client.png
  artifactKey: Guid(8e277a771717c7b47b073ff04927b2ca) Importer(2089858483,0ecaa5967403d082aa24f35e1b516d23)
Start importing Assets/Plugins/Android/google-play-services_lib/res/drawable-xhdpi/ic_plusone_medium_off_client.png using Guid(8e277a771717c7b47b073ff04927b2ca) Importer(2089858483,0ecaa5967403d082aa24f35e1b516d23) [PhysX] Initialized MultithreadedTaskDispatcher with 32 workers.
 -> (artifact id: '8126693c336d7f71ba380844065ea8e3') in 0.006829 seconds
Number of updated asset objects reloaded before import = 0
Number of asset objects unloaded after import = 1
========================================================================
Received Import Request.
  Time since last request: 0.000024 seconds.
  path: Assets/Plugins/Android/google-play-services_lib/res/drawable-mdpi/cast_ic_notification_0.png
  artifactKey: Guid(5954c01d88e818b42a92708eba1eb59e) Importer(2089858483,0ecaa5967403d082aa24f35e1b516d23)
Start importing Assets/Plugins/Android/google-play-services_lib/res/drawable-mdpi/cast_ic_notification_0.png using Guid(5954c01d88e818b42a92708eba1eb59e) Importer(2089858483,0ecaa5967403d082aa24f35e1b516d23) [PhysX] Initialized MultithreadedTaskDispatcher with 32 workers.
 -> (artifact id: 'c4805feb6a16595db416f8fee28cb766') in 0.007181 seconds
Number of updated asset objects reloaded before import = 0
Number of asset objects unloaded after import = 1
========================================================================
Received Import Request.
  Time since last request: 0.000028 seconds.
  path: Assets/Plugins/Android/google-play-services_lib/res/values-hi/wallet_strings.xml
  artifactKey: Guid(d312ee7d7aba2af44aa0c3f984fff190) Importer(2089858483,0ecaa5967403d082aa24f35e1b516d23)
Start importing Assets/Plugins/Android/google-play-services_lib/res/values-hi/wallet_strings.xml using Guid(d312ee7d7aba2af44aa0c3f984fff190) Importer(2089858483,0ecaa5967403d082aa24f35e1b516d23) [PhysX] Initialized MultithreadedTaskDispatcher with 32 workers.
 -> (artifact id: '38ed95a2df28c6def4cc66209b4daf5c') in 0.006579 seconds
Number of updated asset objects reloaded before import = 0
Number of asset objects unloaded after import = 1
========================================================================
Received Import Request.
  Time since last request: 0.000037 seconds.
  path: Assets/NGUI/Scripts/UI/UIOrthoCamera.cs
  artifactKey: Guid(e99a627c1d84ba64faaf1a819b50fd6e) Importer(2089858483,0ecaa5967403d082aa24f35e1b516d23)
Start importing Assets/NGUI/Scripts/UI/UIOrthoCamera.cs using Guid(e99a627c1d84ba64faaf1a819b50fd6e) Importer(2089858483,0ecaa5967403d082aa24f35e1b516d23) [PhysX] Initialized MultithreadedTaskDispatcher with 32 workers.
 -> (artifact id: '47677f7c3eb877ecf772a2ac5ca6ad3e') in 0.007087 seconds
Number of updated asset objects reloaded before import = 0
Number of asset objects unloaded after import = 1
========================================================================
Received Import Request.
  Time since last request: 0.000014 seconds.
  path: Assets/Plugins/Android/google-play-services_lib/res/values-nl/common_strings.xml
  artifactKey: Guid(0e95b9bcd8226c94491db485f98fdd04) Importer(2089858483,0ecaa5967403d082aa24f35e1b516d23)
Start importing Assets/Plugins/Android/google-play-services_lib/res/values-nl/common_strings.xml using Guid(0e95b9bcd8226c94491db485f98fdd04) Importer(2089858483,0ecaa5967403d082aa24f35e1b516d23) [PhysX] Initialized MultithreadedTaskDispatcher with 32 workers.
 -> (artifact id: '2b5502680cce03bbd66b1c6d2fccb41c') in 0.006559 seconds
Number of updated asset objects reloaded before import = 0
Number of asset objects unloaded after import = 1
========================================================================
Received Import Request.
  Time since last request: 0.000020 seconds.
  path: Assets/NGUI/Scripts/UI/UISpriteAnimation.cs
  artifactKey: Guid(df9bfb5c080dac24cbbc6c9f595ed413) Importer(2089858483,0ecaa5967403d082aa24f35e1b516d23)
Start importing Assets/NGUI/Scripts/UI/UISpriteAnimation.cs using Guid(df9bfb5c080dac24cbbc6c9f595ed413) Importer(2089858483,0ecaa5967403d082aa24f35e1b516d23) [PhysX] Initialized MultithreadedTaskDispatcher with 32 workers.
 -> (artifact id: '8967795ef6956672a2dc7950092282eb') in 0.007633 seconds
Number of updated asset objects reloaded before import = 0
Number of asset objects unloaded after import = 1
========================================================================
Received Import Request.
  Time since last request: 0.000041 seconds.
  path: Assets/Images/Meta/iOS/Splash/iPad Portrait.png
  artifactKey: Guid(7e0ab5cda90c05b429c47593567a1b8d) Importer(2089858483,0ecaa5967403d082aa24f35e1b516d23)
Start importing Assets/Images/Meta/iOS/Splash/iPad Portrait.png using Guid(7e0ab5cda90c05b429c47593567a1b8d) Importer(2089858483,0ecaa5967403d082aa24f35e1b516d23) [PhysX] Initialized MultithreadedTaskDispatcher with 32 workers.
 -> (artifact id: '3df384571ed65a01393745be483fab24') in 0.023461 seconds
Number of updated asset objects reloaded before import = 0
Number of asset objects unloaded after import = 1
========================================================================
Received Import Request.
  Time since last request: 0.000016 seconds.
  path: Assets/Plugins/Android/google-play-services_lib/res/values/cast_ids.xml
  artifactKey: Guid(d484eed2a1c9b7944b3d1f9e8b4265c4) Importer(2089858483,0ecaa5967403d082aa24f35e1b516d23)
Start importing Assets/Plugins/Android/google-play-services_lib/res/values/cast_ids.xml using Guid(d484eed2a1c9b7944b3d1f9e8b4265c4) Importer(2089858483,0ecaa5967403d082aa24f35e1b516d23) [PhysX] Initialized MultithreadedTaskDispatcher with 32 workers.
 -> (artifact id: 'c44343d34f71ea67315ddb90df75f040') in 0.007506 seconds
Number of updated asset objects reloaded before import = 0
Number of asset objects unloaded after import = 1
========================================================================
Received Import Request.
  Time since last request: 0.000013 seconds.
  path: Assets/Plugins/Android/google-play-services_lib/res/drawable-xxhdpi/common_signin_btn_icon_normal_light.9.png
  artifactKey: Guid(25d7bac5f9a2f604bb042ae822d25fbd) Importer(2089858483,0ecaa5967403d082aa24f35e1b516d23)
Start importing Assets/Plugins/Android/google-play-services_lib/res/drawable-xxhdpi/common_signin_btn_icon_normal_light.9.png using Guid(25d7bac5f9a2f604bb042ae822d25fbd) Importer(2089858483,0ecaa5967403d082aa24f35e1b516d23) [PhysX] Initialized MultithreadedTaskDispatcher with 32 workers.
 -> (artifact id: 'b53c32d4b555a54b73854f2aec84431c') in 0.008751 seconds
Number of updated asset objects reloaded before import = 0
Number of asset objects unloaded after import = 1
========================================================================
Received Import Request.
  Time since last request: 0.000025 seconds.
  path: Assets/NGUI/Scripts/UI/UILocalize.cs
  artifactKey: Guid(aa69d5b40401f77469779cf7f6fc94a0) Importer(2089858483,0ecaa5967403d082aa24f35e1b516d23)
Start importing Assets/NGUI/Scripts/UI/UILocalize.cs using Guid(aa69d5b40401f77469779cf7f6fc94a0) Importer(2089858483,0ecaa5967403d082aa24f35e1b516d23) [PhysX] Initialized MultithreadedTaskDispatcher with 32 workers.
 -> (artifact id: '585a9960a25686c600636ee6d660b32c') in 0.009024 seconds
Number of updated asset objects reloaded before import = 0
Number of asset objects unloaded after import = 1
========================================================================
Received Import Request.
  Time since last request: 0.000015 seconds.
  path: Assets/Plugins/Android/google-play-services_lib/res/drawable-hdpi/common_full_open_on_phone.png
  artifactKey: Guid(c5c013e8f594aef419da62cc09c9fec4) Importer(2089858483,0ecaa5967403d082aa24f35e1b516d23)
Start importing Assets/Plugins/Android/google-play-services_lib/res/drawable-hdpi/common_full_open_on_phone.png using Guid(c5c013e8f594aef419da62cc09c9fec4) Importer(2089858483,0ecaa5967403d082aa24f35e1b516d23) [PhysX] Initialized MultithreadedTaskDispatcher with 32 workers.
 -> (artifact id: 'a77647aa24eda4705f2e652843ac949a') in 0.007695 seconds
Number of updated asset objects reloaded before import = 0
Number of asset objects unloaded after import = 1
========================================================================
Received Import Request.
  Time since last request: 0.000011 seconds.
  path: Assets/Plugins/Android/google-play-services_lib/res/drawable-xhdpi/ic_plusone_standard_off_client.png
  artifactKey: Guid(be1df3dbf40b97c40997bd7521f52f18) Importer(2089858483,0ecaa5967403d082aa24f35e1b516d23)
Start importing Assets/Plugins/Android/google-play-services_lib/res/drawable-xhdpi/ic_plusone_standard_off_client.png using Guid(be1df3dbf40b97c40997bd7521f52f18) Importer(2089858483,0ecaa5967403d082aa24f35e1b516d23) [PhysX] Initialized MultithreadedTaskDispatcher with 32 workers.
 -> (artifact id: '9de6e306db23869de4b81d879db3e63e') in 0.007253 seconds
Number of updated asset objects reloaded before import = 0
Number of asset objects unloaded after import = 1
========================================================================
Received Import Request.
  Time since last request: 0.000010 seconds.
  path: Assets/Plugins/Android/google-play-services_lib/res/drawable-mdpi/common_full_open_on_phone.png
  artifactKey: Guid(032de309265d23941a82b104307e8fa7) Importer(2089858483,0ecaa5967403d082aa24f35e1b516d23)
Start importing Assets/Plugins/Android/google-play-services_lib/res/drawable-mdpi/common_full_open_on_phone.png using Guid(032de309265d23941a82b104307e8fa7) Importer(2089858483,0ecaa5967403d082aa24f35e1b516d23) [PhysX] Initialized MultithreadedTaskDispatcher with 32 workers.
 -> (artifact id: '09412a7ad513d6336ea21eda385d0ebd') in 0.007805 seconds
Number of updated asset objects reloaded before import = 0
Number of asset objects unloaded after import = 1
========================================================================
Received Import Request.
  Time since last request: 0.000011 seconds.
  path: Assets/Plugins/Android/google-play-services_lib/res/drawable-mdpi/common_signin_btn_icon_disabled_dark.9.png
  artifactKey: Guid(f3bb4ed4ddd8b8f41a3968d299aa3715) Importer(2089858483,0ecaa5967403d082aa24f35e1b516d23)
Start importing Assets/Plugins/Android/google-play-services_lib/res/drawable-mdpi/common_signin_btn_icon_disabled_dark.9.png using Guid(f3bb4ed4ddd8b8f41a3968d299aa3715) Importer(2089858483,0ecaa5967403d082aa24f35e1b516d23) [PhysX] Initialized MultithreadedTaskDispatcher with 32 workers.
 -> (artifact id: '4f834055996af27f92dd8b749424ade8') in 0.008332 seconds
Number of updated asset objects reloaded before import = 0
Number of asset objects unloaded after import = 1
========================================================================
Received Import Request.
  Time since last request: 0.000014 seconds.
  path: Assets/NGUI/Scripts/Tweening/TweenHeight.cs
  artifactKey: Guid(66a6ab21c5f860946ade65b47cc0270b) Importer(2089858483,0ecaa5967403d082aa24f35e1b516d23)
Start importing Assets/NGUI/Scripts/Tweening/TweenHeight.cs using Guid(66a6ab21c5f860946ade65b47cc0270b) Importer(2089858483,0ecaa5967403d082aa24f35e1b516d23) [PhysX] Initialized MultithreadedTaskDispatcher with 32 workers.
 -> (artifact id: 'ba89c7bc9178486531e8f0027f719fde') in 0.009317 seconds
Number of updated asset objects reloaded before import = 0
Number of asset objects unloaded after import = 1
========================================================================
Received Import Request.
  Time since last request: 0.000012 seconds.
  path: Assets/NGUI/Scripts/Internal/NGUITools.cs
  artifactKey: Guid(f0956b9fe87fb4d43ad76a06b9b0b3a1) Importer(2089858483,0ecaa5967403d082aa24f35e1b516d23)
Start importing Assets/NGUI/Scripts/Internal/NGUITools.cs using Guid(f0956b9fe87fb4d43ad76a06b9b0b3a1) Importer(2089858483,0ecaa5967403d082aa24f35e1b516d23) [PhysX] Initialized MultithreadedTaskDispatcher with 32 workers.
 -> (artifact id: 'fd6744f508ac067a68281c89a9fb3848') in 0.007868 seconds
Number of updated asset objects reloaded before import = 0
Number of asset objects unloaded after import = 1
========================================================================
Received Import Request.
  Time since last request: 0.000016 seconds.
  path: Assets/Plugins/Android/google-play-services_lib/res/values/cast_strings.xml
  artifactKey: Guid(a336616a42ba6b94ab77e83090b42258) Importer(2089858483,0ecaa5967403d082aa24f35e1b516d23)
Start importing Assets/Plugins/Android/google-play-services_lib/res/values/cast_strings.xml using Guid(a336616a42ba6b94ab77e83090b42258) Importer(2089858483,0ecaa5967403d082aa24f35e1b516d23) [PhysX] Initialized MultithreadedTaskDispatcher with 32 workers.
 -> (artifact id: '2e19894fb816dc69af84d580618f9043') in 0.006870 seconds
Number of updated asset objects reloaded before import = 0
Number of asset objects unloaded after import = 1
========================================================================
Received Import Request.
  Time since last request: 0.000024 seconds.
  path: Assets/NGUI/Scripts/UI/UISprite.cs
  artifactKey: Guid(1b3dc54f924693f41b5cbecb267e647a) Importer(2089858483,0ecaa5967403d082aa24f35e1b516d23)
Start importing Assets/NGUI/Scripts/UI/UISprite.cs using Guid(1b3dc54f924693f41b5cbecb267e647a) Importer(2089858483,0ecaa5967403d082aa24f35e1b516d23) [PhysX] Initialized MultithreadedTaskDispatcher with 32 workers.
 -> (artifact id: '18183512fe707e6ff9e0a962f22f9d28') in 0.007707 seconds
Number of updated asset objects reloaded before import = 0
Number of asset objects unloaded after import = 1
========================================================================
Received Import Request.
  Time since last request: 0.000014 seconds.
  path: Assets/Plugins/Android/google-play-services_lib/res/drawable-xhdpi/common_signin_btn_icon_pressed_light.9.png
  artifactKey: Guid(4c518eea9f0613a43bbc8bb171ad6982) Importer(2089858483,0ecaa5967403d082aa24f35e1b516d23)
Start importing Assets/Plugins/Android/google-play-services_lib/res/drawable-xhdpi/common_signin_btn_icon_pressed_light.9.png using Guid(4c518eea9f0613a43bbc8bb171ad6982) Importer(2089858483,0ecaa5967403d082aa24f35e1b516d23) [PhysX] Initialized MultithreadedTaskDispatcher with 32 workers.
 -> (artifact id: '7b20572c91e6ad29325d35f0e4b17ed0') in 0.007697 seconds
Number of updated asset objects reloaded before import = 0
Number of asset objects unloaded after import = 1
========================================================================
Received Import Request.
  Time since last request: 0.000011 seconds.
  path: Assets/Plugins/Android/google-play-services_lib/res/drawable-hdpi/common_signin_btn_icon_normal_dark.9.png
  artifactKey: Guid(7a16fe5187ee2b54398c4271ac54c416) Importer(2089858483,0ecaa5967403d082aa24f35e1b516d23)
Start importing Assets/Plugins/Android/google-play-services_lib/res/drawable-hdpi/common_signin_btn_icon_normal_dark.9.png using Guid(7a16fe5187ee2b54398c4271ac54c416) Importer(2089858483,0ecaa5967403d082aa24f35e1b516d23) [PhysX] Initialized MultithreadedTaskDispatcher with 32 workers.
 -> (artifact id: '25f5427308664183680ed4d73b9f9eea') in 0.007169 seconds
Number of updated asset objects reloaded before import = 0
Number of asset objects unloaded after import = 1
========================================================================
Received Import Request.
  Time since last request: 0.000009 seconds.
  path: Assets/NGUI/Scripts/UI/UI2DSpriteAnimation.cs
  artifactKey: Guid(6f945d2f8b430a140a60224c850dbbdb) Importer(2089858483,0ecaa5967403d082aa24f35e1b516d23)
Start importing Assets/NGUI/Scripts/UI/UI2DSpriteAnimation.cs using Guid(6f945d2f8b430a140a60224c850dbbdb) Importer(2089858483,0ecaa5967403d082aa24f35e1b516d23) [PhysX] Initialized MultithreadedTaskDispatcher with 32 workers.
 -> (artifact id: 'e592ebb909a95b27b38485eb01f926b3') in 0.010406 seconds
Number of updated asset objects reloaded before import = 0
Number of asset objects unloaded after import = 1
========================================================================
Received Import Request.
  Time since last request: 0.000023 seconds.
  path: Assets/Plugins/Android/google-play-services_lib/res/values-da/wallet_strings.xml
  artifactKey: Guid(594aef44fea27ba459c80d127c9532bc) Importer(2089858483,0ecaa5967403d082aa24f35e1b516d23)
Start importing Assets/Plugins/Android/google-play-services_lib/res/values-da/wallet_strings.xml using Guid(594aef44fea27ba459c80d127c9532bc) Importer(2089858483,0ecaa5967403d082aa24f35e1b516d23) [PhysX] Initialized MultithreadedTaskDispatcher with 32 workers.
 -> (artifact id: '408e5e6d82b1f8ad39f96b3905f7f6d3') in 0.008552 seconds
Number of updated asset objects reloaded before import = 0
Number of asset objects unloaded after import = 1
========================================================================
Received Import Request.
  Time since last request: 0.000019 seconds.
  path: Assets/Plugins/Android/google-play-services_lib/res/drawable-xhdpi/common_signin_btn_icon_normal_light.9.png
  artifactKey: Guid(433a4ad91ca93114d9ce3705096a787a) Importer(2089858483,0ecaa5967403d082aa24f35e1b516d23)
Start importing Assets/Plugins/Android/google-play-services_lib/res/drawable-xhdpi/common_signin_btn_icon_normal_light.9.png using Guid(433a4ad91ca93114d9ce3705096a787a) Importer(2089858483,0ecaa5967403d082aa24f35e1b516d23) [PhysX] Initialized MultithreadedTaskDispatcher with 32 workers.
 -> (artifact id: '31baa76104d21fe09baeaeceba0d0592') in 0.006703 seconds
Number of updated asset objects reloaded before import = 0
Number of asset objects unloaded after import = 1
========================================================================
Received Import Request.
  Time since last request: 0.000019 seconds.
  path: Assets/Plugins/Android/google-play-services_lib/res/values-pt-rBR/common_strings.xml
  artifactKey: Guid(33ff6c842a0f20e4ca6a849a9a0911c4) Importer(2089858483,0ecaa5967403d082aa24f35e1b516d23)
Start importing Assets/Plugins/Android/google-play-services_lib/res/values-pt-rBR/common_strings.xml using Guid(33ff6c842a0f20e4ca6a849a9a0911c4) Importer(2089858483,0ecaa5967403d082aa24f35e1b516d23) [PhysX] Initialized MultithreadedTaskDispatcher with 32 workers.
 -> (artifact id: '9000b1ca872a40035aaf94cd2ac23df4') in 0.007030 seconds
Number of updated asset objects reloaded before import = 0
Number of asset objects unloaded after import = 1
========================================================================
Received Import Request.
  Time since last request: 0.000011 seconds.
  path: Assets/Plugins/Android/google-play-services_lib/res/values-iw/common_strings.xml
  artifactKey: Guid(31fd913673e6c8d4a8228c934de4c8b5) Importer(2089858483,0ecaa5967403d082aa24f35e1b516d23)
Start importing Assets/Plugins/Android/google-play-services_lib/res/values-iw/common_strings.xml using Guid(31fd913673e6c8d4a8228c934de4c8b5) Importer(2089858483,0ecaa5967403d082aa24f35e1b516d23) [PhysX] Initialized MultithreadedTaskDispatcher with 32 workers.
 -> (artifact id: 'f4bfe0e504845d7436db0b986a42b5e7') in 0.007378 seconds
Number of updated asset objects reloaded before import = 0
Number of asset objects unloaded after import = 1
========================================================================
Received Import Request.
  Time since last request: 0.000017 seconds.
  path: Assets/Plugins/Android/google-play-services_lib/res/drawable-mdpi/powered_by_google_dark.png
  artifactKey: Guid(49ad7ab89578dc446985410cd3408b53) Importer(2089858483,0ecaa5967403d082aa24f35e1b516d23)
Start importing Assets/Plugins/Android/google-play-services_lib/res/drawable-mdpi/powered_by_google_dark.png using Guid(49ad7ab89578dc446985410cd3408b53) Importer(2089858483,0ecaa5967403d082aa24f35e1b516d23) [PhysX] Initialized MultithreadedTaskDispatcher with 32 workers.
 -> (artifact id: '46115ed1ad76e47e145c1a8f42be7ec4') in 0.007310 seconds
Number of updated asset objects reloaded before import = 0
Number of asset objects unloaded after import = 1
========================================================================
Received Import Request.
  Time since last request: 0.000035 seconds.
  path: Assets/NGUI/Scripts/UI/UIFont.cs
  artifactKey: Guid(0b4eb3a400afab046abb8471a9d746d6) Importer(2089858483,0ecaa5967403d082aa24f35e1b516d23)
Start importing Assets/NGUI/Scripts/UI/UIFont.cs using Guid(0b4eb3a400afab046abb8471a9d746d6) Importer(2089858483,0ecaa5967403d082aa24f35e1b516d23) [PhysX] Initialized MultithreadedTaskDispatcher with 32 workers.
 -> (artifact id: '0c625bc4514c874d947912771e43408c') in 0.008058 seconds
Number of updated asset objects reloaded before import = 0
Number of asset objects unloaded after import = 1
========================================================================
Received Import Request.
  Time since last request: 0.000017 seconds.
  path: Assets/NGUI/Scripts/Tweening/TweenScale.cs
  artifactKey: Guid(75e7459110b9666449485c40f25362a5) Importer(2089858483,0ecaa5967403d082aa24f35e1b516d23)
Start importing Assets/NGUI/Scripts/Tweening/TweenScale.cs using Guid(75e7459110b9666449485c40f25362a5) Importer(2089858483,0ecaa5967403d082aa24f35e1b516d23) [PhysX] Initialized MultithreadedTaskDispatcher with 32 workers.
 -> (artifact id: '11dfda65b8b75222939add963111b587') in 0.008296 seconds
Number of updated asset objects reloaded before import = 0
Number of asset objects unloaded after import = 1
========================================================================
Received Import Request.
  Time since last request: 0.000014 seconds.
  path: Assets/Plugins/Android/google-play-services_lib/res/drawable-mdpi/common_signin_btn_text_disabled_dark.9.png
  artifactKey: Guid(8618f0eae4ce4a64ebb1b6c6995f3870) Importer(2089858483,0ecaa5967403d082aa24f35e1b516d23)
Start importing Assets/Plugins/Android/google-play-services_lib/res/drawable-mdpi/common_signin_btn_text_disabled_dark.9.png using Guid(8618f0eae4ce4a64ebb1b6c6995f3870) Importer(2089858483,0ecaa5967403d082aa24f35e1b516d23) [PhysX] Initialized MultithreadedTaskDispatcher with 32 workers.
 -> (artifact id: '14b837ebbdc7463b07599fe4c4488b03') in 0.007181 seconds
Number of updated asset objects reloaded before import = 0
Number of asset objects unloaded after import = 1
========================================================================
Received Import Request.
  Time since last request: 0.000021 seconds.
  path: Assets/Images/Meta/iOS/App Icon [Squared]/Icon-Small.png
  artifactKey: Guid(85eae5937e236044c9c28f6bb27e94a1) Importer(2089858483,0ecaa5967403d082aa24f35e1b516d23)
Start importing Assets/Images/Meta/iOS/App Icon [Squared]/Icon-Small.png using Guid(85eae5937e236044c9c28f6bb27e94a1) Importer(2089858483,0ecaa5967403d082aa24f35e1b516d23) [PhysX] Initialized MultithreadedTaskDispatcher with 32 workers.
 -> (artifact id: '25cd72771ccdb7644b127436a0b2572d') in 0.019231 seconds
Number of updated asset objects reloaded before import = 0
Number of asset objects unloaded after import = 1
========================================================================
Received Import Request.
  Time since last request: 0.000016 seconds.
  path: Assets/NGUI/Scripts/Internal/UIGeometry.cs
  artifactKey: Guid(4033f00d093b3164a9ab789dcce5a78c) Importer(2089858483,0ecaa5967403d082aa24f35e1b516d23)
Start importing Assets/NGUI/Scripts/Internal/UIGeometry.cs using Guid(4033f00d093b3164a9ab789dcce5a78c) Importer(2089858483,0ecaa5967403d082aa24f35e1b516d23) [PhysX] Initialized MultithreadedTaskDispatcher with 32 workers.
 -> (artifact id: '33223cf823cb924441cab6ac70822153') in 0.008410 seconds
Number of updated asset objects reloaded before import = 0
Number of asset objects unloaded after import = 1
========================================================================
Received Import Request.
  Time since last request: 0.000015 seconds.
  path: Assets/Plugins/Android/google-play-services_lib/res/values-sk/wallet_strings.xml
  artifactKey: Guid(ca074ca9d16590043b429fc016ebc29d) Importer(2089858483,0ecaa5967403d082aa24f35e1b516d23)
Start importing Assets/Plugins/Android/google-play-services_lib/res/values-sk/wallet_strings.xml using Guid(ca074ca9d16590043b429fc016ebc29d) Importer(2089858483,0ecaa5967403d082aa24f35e1b516d23) [PhysX] Initialized MultithreadedTaskDispatcher with 32 workers.
 -> (artifact id: 'd3bb85690ef11180e1ba5b6f975ca9e0') in 0.006760 seconds
Number of updated asset objects reloaded before import = 0
Number of asset objects unloaded after import = 1
========================================================================
Received Import Request.
  Time since last request: 0.000012 seconds.
  path: Assets/Plugins/Android/google-play-services_lib/res/values-cs/wallet_strings.xml
  artifactKey: Guid(b6a0c7e983641024b91190a946c2a42a) Importer(2089858483,0ecaa5967403d082aa24f35e1b516d23)
Start importing Assets/Plugins/Android/google-play-services_lib/res/values-cs/wallet_strings.xml using Guid(b6a0c7e983641024b91190a946c2a42a) Importer(2089858483,0ecaa5967403d082aa24f35e1b516d23) [PhysX] Initialized MultithreadedTaskDispatcher with 32 workers.
 -> (artifact id: '8e6412ef782d30b024f5ea1474b455b2') in 0.006882 seconds
Number of updated asset objects reloaded before import = 0
Number of asset objects unloaded after import = 1
========================================================================
Received Import Request.
  Time since last request: 0.000016 seconds.
  path: Assets/Plugins/Android/google-play-services_lib/res/values-ro/common_strings.xml
  artifactKey: Guid(ea9296380027f1e44a3c115702c0dc6d) Importer(2089858483,0ecaa5967403d082aa24f35e1b516d23)
Start importing Assets/Plugins/Android/google-play-services_lib/res/values-ro/common_strings.xml using Guid(ea9296380027f1e44a3c115702c0dc6d) Importer(2089858483,0ecaa5967403d082aa24f35e1b516d23) [PhysX] Initialized MultithreadedTaskDispatcher with 32 workers.
 -> (artifact id: '8b65fec1be9e2c630be8b6426f22cdf6') in 0.007416 seconds
Number of updated asset objects reloaded before import = 0
Number of asset objects unloaded after import = 1
========================================================================
Received Import Request.
  Time since last request: 0.000046 seconds.
  path: Assets/Plugins/Android/google-play-services_lib/res/drawable-hdpi/common_signin_btn_text_normal_light.9.png
  artifactKey: Guid(46cf74afaaebc8b44b66c71bc89288aa) Importer(2089858483,0ecaa5967403d082aa24f35e1b516d23)
Start importing Assets/Plugins/Android/google-play-services_lib/res/drawable-hdpi/common_signin_btn_text_normal_light.9.png using Guid(46cf74afaaebc8b44b66c71bc89288aa) Importer(2089858483,0ecaa5967403d082aa24f35e1b516d23) [PhysX] Initialized MultithreadedTaskDispatcher with 32 workers.
 -> (artifact id: 'bab4a91bf2c18c000407bd128f714614') in 0.007512 seconds
Number of updated asset objects reloaded before import = 0
Number of asset objects unloaded after import = 1
========================================================================
Received Import Request.
  Time since last request: 0.000035 seconds.
  path: Assets/Plugins/Android/google-play-services_lib/res/drawable-xxhdpi/common_signin_btn_text_normal_dark.9.png
  artifactKey: Guid(b667b9f936db6cd40b712af8ca552e60) Importer(2089858483,0ecaa5967403d082aa24f35e1b516d23)
Start importing Assets/Plugins/Android/google-play-services_lib/res/drawable-xxhdpi/common_signin_btn_text_normal_dark.9.png using Guid(b667b9f936db6cd40b712af8ca552e60) Importer(2089858483,0ecaa5967403d082aa24f35e1b516d23) [PhysX] Initialized MultithreadedTaskDispatcher with 32 workers.
 -> (artifact id: 'd021fd6cdcc78c6e50ae8ad8628999c7') in 0.006827 seconds
Number of updated asset objects reloaded before import = 0
Number of asset objects unloaded after import = 1
========================================================================
Received Import Request.
  Time since last request: 0.000033 seconds.
  path: Assets/NGUI/Scripts/Tweening/TweenPosition.cs
  artifactKey: Guid(3d166255cacf07b4292b8402b3ddefc5) Importer(2089858483,0ecaa5967403d082aa24f35e1b516d23)
Start importing Assets/NGUI/Scripts/Tweening/TweenPosition.cs using Guid(3d166255cacf07b4292b8402b3ddefc5) Importer(2089858483,0ecaa5967403d082aa24f35e1b516d23) [PhysX] Initialized MultithreadedTaskDispatcher with 32 workers.
 -> (artifact id: 'c24eb12259c2986c9683699a9ac3cc5a') in 0.007862 seconds
Number of updated asset objects reloaded before import = 0
Number of asset objects unloaded after import = 1
========================================================================
Received Import Request.
  Time since last request: 0.000037 seconds.
  path: Assets/Plugins/Android/google-play-services_lib/res/drawable-xxhdpi/cast_ic_notification_0.png
  artifactKey: Guid(5c0d62bfa6c1e864fb1673e2e9b519e5) Importer(2089858483,0ecaa5967403d082aa24f35e1b516d23)
Start importing Assets/Plugins/Android/google-play-services_lib/res/drawable-xxhdpi/cast_ic_notification_0.png using Guid(5c0d62bfa6c1e864fb1673e2e9b519e5) Importer(2089858483,0ecaa5967403d082aa24f35e1b516d23) [PhysX] Initialized MultithreadedTaskDispatcher with 32 workers.
 -> (artifact id: 'b9461e4b5419dacdca3680831b4bbf59') in 0.009260 seconds
Number of updated asset objects reloaded before import = 0
Number of asset objects unloaded after import = 1
========================================================================
Received Import Request.
  Time since last request: 0.000011 seconds.
  path: Assets/NGUI/Scripts/Tweening/TweenVolume.cs
  artifactKey: Guid(17aeef7ce6c142344959e650cab20151) Importer(2089858483,0ecaa5967403d082aa24f35e1b516d23)
Start importing Assets/NGUI/Scripts/Tweening/TweenVolume.cs using Guid(17aeef7ce6c142344959e650cab20151) Importer(2089858483,0ecaa5967403d082aa24f35e1b516d23) [PhysX] Initialized MultithreadedTaskDispatcher with 32 workers.
 -> (artifact id: '4c97edccf41aad716d9804402dd228a6') in 0.009073 seconds
Number of updated asset objects reloaded before import = 0
Number of asset objects unloaded after import = 1
========================================================================
Received Import Request.
  Time since last request: 0.000017 seconds.
  path: Assets/Images/Meta/iOS/App Icon [Squared]/Icon-60.png
  artifactKey: Guid(804ab2d03ee11af409513d4e456650ad) Importer(2089858483,0ecaa5967403d082aa24f35e1b516d23)
Start importing Assets/Images/Meta/iOS/App Icon [Squared]/Icon-60.png using Guid(804ab2d03ee11af409513d4e456650ad) Importer(2089858483,0ecaa5967403d082aa24f35e1b516d23) [PhysX] Initialized MultithreadedTaskDispatcher with 32 workers.
 -> (artifact id: '39887e66df127c1480761358aabc3c33') in 0.023635 seconds
Number of updated asset objects reloaded before import = 0
Number of asset objects unloaded after import = 1
========================================================================
Received Prepare
Caller must complete domain reload
Begin MonoManager ReloadAssembly
Assembly 'Assets/ExternalDependencyManager/Editor/1.2.179/Google.IOSResolver.dll' will not be loaded due to errors:
Unable to resolve reference 'UnityEditor.iOS.Extensions.Xcode'. Is the assembly missing or incompatible with the current platform?
Reference validation can be disabled in the Plugin Inspector.
- Loaded All Assemblies, in  0.269 seconds
Native extension for UWP target not found
Native extension for WindowsStandalone target not found
Native extension for Android target not found
GPGSUpgrader start
UnityEngine.StackTraceUtility:ExtractStackTrace ()
UnityEngine.DebugLogHandler:LogFormat (UnityEngine.LogType,UnityEngine.Object,string,object[])
UnityEngine.Logger:Log (UnityEngine.LogType,object)
UnityEngine.Debug:Log (object)
GooglePlayGames.Editor.GPGSUpgrader:.cctor () (at Assets/GooglePlayGames/Editor/GPGSUpgrader.cs:38)
System.Runtime.CompilerServices.RuntimeHelpers:RunClassConstructor (System.RuntimeTypeHandle)
UnityEditor.EditorAssemblies:ProcessInitializeOnLoadAttributes (System.Type[])

(Filename: Assets/GooglePlayGames/Editor/GPGSUpgrader.cs Line: 38)

GPGSUpgrader done
UnityEngine.StackTraceUtility:ExtractStackTrace ()
UnityEngine.DebugLogHandler:LogFormat (UnityEngine.LogType,UnityEngine.Object,string,object[])
UnityEngine.Logger:Log (UnityEngine.LogType,object)
UnityEngine.Debug:Log (object)
GooglePlayGames.Editor.GPGSUpgrader:.cctor () (at Assets/GooglePlayGames/Editor/GPGSUpgrader.cs:57)
System.Runtime.CompilerServices.RuntimeHelpers:RunClassConstructor (System.RuntimeTypeHandle)
UnityEditor.EditorAssemblies:ProcessInitializeOnLoadAttributes (System.Type[])

(Filename: Assets/GooglePlayGames/Editor/GPGSUpgrader.cs Line: 57)

Mono: successfully reloaded assembly
- Finished resetting the current domain, in  0.269 seconds
Domain Reload Profiling: 536ms
	BeginReloadAssembly (111ms)
		ExecutionOrderSort (0ms)
		DisableScriptedObjects (3ms)
		BackupInstance (0ms)
		ReleaseScriptingObjects (0ms)
		CreateAndSetChildDomain (23ms)
	RebuildCommonClasses (20ms)
	RebuildNativeTypeToScriptingClass (9ms)
	initialDomainReloadingComplete (19ms)
	LoadAllAssembliesAndSetupDomain (109ms)
		LoadAssemblies (166ms)
		RebuildTransferFunctionScriptingTraits (0ms)
		AnalyzeDomain (5ms)
			TypeCache.Refresh (2ms)
				TypeCache.ScanAssembly (0ms)
			ScanForSourceGeneratedMonoScriptInfo (0ms)
			ResolveRequiredComponents (2ms)
	FinalizeReload (269ms)
		ReleaseScriptCaches (0ms)
		RebuildScriptCaches (0ms)
		SetupLoadedEditorAssemblies (174ms)
			LogAssemblyErrors (0ms)
			InitializePlatformSupportModulesInManaged (15ms)
			SetLoadedEditorAssemblies (3ms)
			RefreshPlugins (0ms)
			BeforeProcessingInitializeOnLoad (29ms)
			ProcessInitializeOnLoadAttributes (109ms)
			ProcessInitializeOnLoadMethodAttributes (11ms)
			AfterProcessingInitializeOnLoad (5ms)
			EditorAssembliesLoaded (0ms)
		ExecutionOrderSort2 (0ms)
		AwakeInstancesAfterBackupRestoration (4ms)
The Editor does not support 32-bit plugins. Assets/NGUI/Editor/x86/FreeType.dylib will not be available.
Refreshing native plugins compatible for Editor in 1.30 ms, found 1 plugins.
Preloading 0 native plugins for Editor in 0.00 ms.
Unloading 643 Unused Serialized files (Serialized files now loaded: 0)
Unloading 14 unused Assets / (201.7 KB). Loaded Objects now: 1151.
Memory consumption went from 66.2 MB to 66.0 MB.
Total: 1.818300 ms (FindLiveObjects: 0.057900 ms CreateObjectMapping: 0.011100 ms MarkObjects: 1.649800 ms  DeleteObjects: 0.099100 ms)

Prepare: number of updated asset objects reloaded= 0
AssetImportParameters requested are different than current active one (requested -> active):
  custom:scripting/monoscript/fileName/TypeCacheHelper.cs: c0779edd603459dc3742274167d572b5 -> 
  custom:scripting/monoscript/fileName/AdvertisingResult.cs: 8e2a212c467818e474379fef59969421 -> 
  custom:scripting/monoscript/fileName/BMSymbol.cs: 81c0243db6fb127bf6af10574981e063 -> 
  custom:scripting/monoscript/fileName/NGUIMath.cs: b7b7ef944595c21a781302057b9e3f9d -> 
  custom:scripting/monoscript/fileName/IEvent.cs: ad7fbab110cf5a2cd9e5c7aedde2cd1c -> 
  custom:scripting/monoscript/fileName/UnityTestAssemblyRunner.cs: 6329fd25aa4b3ce344b8f9506a5c2047 -> 
  custom:video-encoder-webm-vp8: eb34c28f22e8b96e1ab97ce403110664 -> 
  custom:scripting/monoscript/fileName/ByteReader.cs: c4e6f59633bfeda887db99353d554dc9 -> 
  custom:scripting/monoscript/fileName/AnimatedWidget.cs: 551bd0825ec4cf4e359e8097dbb7dc90 -> 
  custom:scripting/precompiled-assembly-types:Google.VersionHandler: af492aa11a371797f35c9b9e2e63f2b9 -> 
  custom:scripting/monoscript/fileName/ITestPlayerBuildModifier.cs: fe113c86bde5fdad424c8cc5e51fe0a4 -> 
  custom:scripting/monoscript/fileName/UdpSocket.cs: 7555d065f81d23e6604acb91cf79ddd6 -> 
  custom:scripting/monoscript/fileName/BMFontReader.cs: 4463eb6532eb75b32cdf508beb77c67d -> 
  custom:scripting/monoscript/fileName/GeneratorFactory.cs: e95f2d8d99ff452f8f55fc3dbdf8b3b5 -> 
  custom:scripting/monoscript/fileName/UITooltip.cs: 67602e1ad01f80f1d13fb353c2bb4c41 -> 
  custom:scripting/monoscript/fileName/LeaderboardScoreData.cs: 692c9ede4dbe88ebbfa99295d409bd24 -> 
  custom:scripting/monoscript/fileName/ScorePageToken.cs: ae39c429aa37cfad76078eed8f3bcdf4 -> 
  custom:scripting/monoscript/fileName/UIDragDropContainer.cs: e8f8b67111c9a6b0b2333827cd9b85bd -> 
  custom:scripting/monoscript/fileName/IPrebuildSceneSetup.cs: c89711320cb5af11897ec50fd61d4419 -> 
  custom:scripting/monoscript/fileName/RunData.cs: 772bee3d6504258eed6027a2ae076850 -> 
  custom:scripting/monoscript/fileName/CategoryFilterExtended.cs: fc9bf6f795e045112c18a4c1343c1ae1 -> 
  custom:scripting/monoscript/fileName/ResultsSavingCallbacks.cs: 96b4b28711ac58ce3dc199f3f7371922 -> 
  custom:scripting/monoscript/fileName/UIDragScrollView.cs: 2627e1975e7978cf227cd939c570f0a8 -> 
  custom:scripting/monoscript/fileName/RerunCallbackData.cs: 4e0f854372c4476a9269ddc9aa7c8edb -> 
  custom:video-decoder-webm-vp8: 9c59270c3fd7afecdb556c50c9e8de78 -> 
  custom:scripting/monoscript/fileName/AssetsDatabaseHelper.cs: e690d63c7b932a5efaeaf8c476198e75 -> 
  custom:scripting/monoscript/fileName/TestLauncherBase.cs: c78237b225a855d3af10df4cd8d6a1b2 -> 
  custom:scripting/monoscript/fileName/UIStretch.cs: 77ab6405565f362cd0206e79e584880b -> 
  custom:scripting/monoscript/fileName/GPGSUtil.cs: 505ced7a05ca78c40c2fad1b53541560 -> 
  custom:scripting/monoscript/fileName/EditorAssembliesProxy.cs: ef0f2d44f3e723650bf58ba30866667b -> 
  custom:scripting/monoscript/fileName/PostbuildCleanupAttributeFinder.cs: a060814a414a9bab17671800d815861d -> 
  custom:scripting/monoscript/fileName/UIScrollBar.cs: 4711e1fa15a55c8f194ca570420909d1 -> 
  custom:scripting/monoscript/fileName/PlaymodeTestsController.cs: 59c9d4597d46ecf4c6fbc8f49c64d0b9 -> 
  custom:scripting/monoscript/fileName/QuaternionEqualityComparer.cs: 0787e0a336d915c2829c2f55fd970a0d -> 
  custom:scripting/monoscript/fileName/TweenVolume.cs: ae42433aed9734585ab149385a2e80e3 -> 
  custom:scripting/monoscript/fileName/PatternLock.cs: 5e75b7c43c2f70390a13c7fd489ade21 -> 
  custom:scripting/monoscript/fileName/FloatEqualityComparer.cs: 6ddc5d5b0944c660e6b695f37c9febc8 -> 
  custom:scripting/monoscript/fileName/EnvelopContent.cs: 3414a1b56f4cff5ae0ba71375e2d3a4d -> 
  custom:scripting/monoscript/fileName/UIToggledObjects.cs: 1bf88810437bf974b409c671f24be4d0 -> 
  custom:scripting/monoscript/fileName/UIButtonScale.cs: 74c49ec3ee161dd27538d062f5cbf0d6 -> 
  custom:scripting/monoscript/fileName/ITestAdaptor.cs: 1f6228260995615097fc339d08bee2f4 -> 
  custom:scripting/monoscript/fileName/RequirePlatformSupportAttribute.cs: 6918694e41aa1ffd5ee72bd04646d4bb -> 
  custom:scripting/monoscript/fileName/AndroidClient.cs: 622f3c26ea4b05ef3a7d84f5fddb2591 -> 
  custom:scripting/precompiled-assembly-types:Google.PackageManagerResolver: 4d3ba64faf478d3f105d5a37f0ddde42 -> 
  custom:scripting/monoscript/fileName/ResultSummarizer.cs: fcfdcb2adeeb82cb8f411b44b44abdb0 -> 
  custom:scripting/monoscript/fileName/RemoteTestResultDataFactory.cs: 875f30f4d57949231d64836d9e348a72 -> 
  custom:scripting/monoscript/fileName/ComponentSelector.cs: 7be8decb2625c1ae64b022589fc45d58 -> 
  custom:scripting/monoscript/fileName/UIButtonMessage.cs: 8f53ff1b03761563c74f300d5f0e2f93 -> 
  custom:scripting/monoscript/fileName/CardData.cs: f1e4023737e4704eef1628fd1fc3dd99 -> 
  custom:scripting/monoscript/fileName/UISpriteData.cs: 035b56cf13eb963532ed6d9c197d4f1b -> 
  custom:scripting/monoscript/fileName/LegacyStyleProjectGeneration.cs: 4858a0ab74312ccaa3ff27a510a9d575 -> 
  custom:scripting/monoscript/fileName/UIGridEditor.cs: 137d00e8fd96b4ca14fbf2e1dfe06802 -> 
  custom:scripting/monoscript/fileName/Player.cs: ae74977d4d699cf2b9122b36e8b53a1a -> 
  custom:scripting/monoscript/fileName/TweenColor.cs: 899c64e869173522040eb4a05b858966 -> 
  custom:scripting/monoscript/fileName/NGUIHandles.cs: d72f992180f50b96d5f8fa239d902d9b -> 
  custom:scripting/monoscript/fileName/OuterUnityTestActionCommand.cs: 36c13d7d2a2c5c2f372e7b1c0cc06d4d -> 
  custom:scripting/monoscript/fileName/UIEventTrigger.cs: 2cbb789551f08d60e6ac2d44a6c8c123 -> 
  custom:scripting/monoscript/fileName/TestJobDataHolder.cs: 2c9edeeac80ff44e86cac8087411d260 -> 
  custom:scripting/monoscript/fileName/TypewriterEffectEditor.cs: 6553ce63f1d34d917afaf65a6cf39831 -> 
  custom:scripting/monoscript/fileName/UnityTestAttribute.cs: a53f050fb661d50bb6c962963a554f8e -> 
  custom:scripting/monoscript/fileName/FileUtility.cs: 2ac32d1be3995576c010e03a17edbd93 -> 
  custom:scripting/monoscript/fileName/CardEdit.cs: 71f08cc036ed36ef34eb8d65b1421ced -> 
  custom:scripting/monoscript/fileName/TestListTreeViewGUI.cs: bf873c97e960a33b0be65a5b638e7ff5 -> 
  custom:scripting/monoscript/fileName/TestListCache.cs: ff7c7e6ac29ad86c5fe33a64ed0d2f4f -> 
  custom:scripting/monoscript/fileName/ExceptionEventArgs.cs: 27cb4c00a4137b184e01164606c88685 -> 
  custom:scripting/monoscript/fileName/EditModeRunnerCallback.cs: 8a8dedaa2bec26f26744df4ec8e2f191 -> 
  custom:scripting/monoscript/fileName/EnterPlayMode.cs: c730bf9ff77514bb260ba9933378e49c -> 
  custom:scripting/monoscript/fileName/ITestSuiteModifier.cs: 4374b14ce25f3e6c8b983b3d579e38b4 -> 
  custom:scripting/monoscript/fileName/UIEventTriggerEditor.cs: 22670de97d433e2a25061703bb7a86e9 -> 
  custom:scripting/monoscript/fileName/UnityTestMethodCommand.cs: ccfa8ff8b49ded2664d646e8ee3d5ff4 -> 
  custom:scripting/monoscript/fileName/Filter.cs: 935824dbebf762a19f2d4c4751625fe2 -> 
  custom:scripting/monoscript/fileName/UIRect.cs: e94afd4a2fcc6384a44f00cc2c25b6c3 -> 
  custom:scripting/monoscript/fileName/TestJobRunner.cs: 1c3d9f2bfcdac33a01c4bb25c392ab4f -> 
  custom:scripting/monoscript/fileName/TestRunnerCallback.cs: 61231fce5590e38bfc5e9165e9803d8b -> 
  custom:scripting/monoscript/fileName/IRemoteTestResultDataFactory.cs: 75d430448dca0118dc834f9aa964be1e -> 
  custom:scripting/monoscript/fileName/TweenTransformEditor.cs: bda13f1e1ad289217c624031991c6696 -> 
  custom:scripting/monoscript/fileName/UIPlayTween.cs: 74b2d11331ec60da374ccb93b1e46b6f -> 
  custom:scripting/monoscript/fileName/CompositeWorkItem.cs: bc884a89fde61fa75209209a03bbd836 -> 
  custom:scripting/monoscript/fileName/ISavedGameMetadata.cs: 2ba930ee40b5c4b7beb3ec029b2bde53 -> 
  custom:scripting/monoscript/fileName/CRandom.cs: 4782f7f8005679f4ddfec003c0009674 -> 
  custom:scripting/monoscript/fileName/Event.cs: de3430aa939d03a39b314602c89e442b -> 
  custom:scripting/monoscript/fileName/TestRunnerUIFilter.cs: 15cddad256d0a7abe9cb58af110bbb72 -> 
  custom:scripting/monoscript/fileName/CardView.cs: 351ef24ad7a64b206f59f28997be7eca -> 
  custom:scripting/monoscript/fileName/GPGSUpgrader.cs: 8521997bf017854e82cfe90f7fbd9aec -> 
  custom:scripting/monoscript/fileName/UIInputOnGUI.cs: adcd932c033d9cf7547da5f4c6dbdf48 -> 
  custom:scripting/monoscript/fileName/UIPopupList.cs: f6dc9e32932c32adb37c73f72960b353 -> 
  custom:scripting/monoscript/fileName/SignInHelper.cs: cb0381fc24664c2ad76deaa02bce3b35 -> 
  custom:scripting/monoscript/fileName/RunFinishedData.cs: a22f15c3a79d1f15ccc31ec29ab37874 -> 
  custom:scripting/monoscript/fileName/UIOrthoCamera.cs: cb8f78c44b992a580368163501ddbf0d -> 
  custom:scripting/monoscript/fileName/OpenIABClient.cs: 8b0ee76d9b4811c2ec2579fdd6a8aa7f -> 
  custom:scripting/monoscript/fileName/TweenWidthEditor.cs: d68171b583c6a3458268a111082294be -> 
  custom:scripting/monoscript/fileName/PerformUndoTask.cs: f38e53873dc9c7e638622dda18102b41 -> 
  custom:scripting/monoscript/fileName/IEventsClient.cs: df75b65e8a2f4eedd3c75ce719331977 -> 
  custom:scripting/precompiled-assembly-types:Unity.VisualStudio.Editor: 865306e684a8a0de31c5b3eaf4fcb298 -> 
  custom:scripting/monoscript/fileName/UIPlaySound.cs: 86d33ba7d1cd136a68e36d7356016e6b -> 
  custom:scripting/monoscript/fileName/UICenterOnClick.cs: e48f3d2bda5604eaef7831b53fe26111 -> 
  custom:scripting/monoscript/fileName/FailCommand.cs: e0622be95cb9f4c04ff53066589d6d7e -> 
  custom:scripting/monoscript/fileName/AndroidVideoClient.cs: 76a983f69777a21c04d4f224991e19e2 -> 
  custom:scripting/monoscript/fileName/EndpointDetails.cs: 2dcb55edadfd4c737fb9de806546f03d -> 
  custom:scripting/monoscript/fileName/UnityTearDownAttribute.cs: d90d4ba0821a80f48bd6cec8eab8964f -> 
  custom:scripting/monoscript/fileName/ITestRunnerApi.cs: a476c74c9cbf5732bdfc8c88b9702476 -> 
  custom:scripting/monoscript/fileName/RemoteTestResultReciever.cs: 3396dcbdb7cfcd933b2182fbc1532e1a -> 
  custom:scripting/monoscript/fileName/TestPlatform.cs: 63c69f9b78d9a1c2cdf167569fd572b6 -> 
  custom:scripting/monoscript/fileName/UIPrefabTool.cs: 5233090f53f655231152de75111a33bd -> 
  custom:scripting/monoscript/fileName/VisualStudioIntegration.cs: f9e623c49f9f20ea97a4519aa48d72d4 -> 
  custom:scripting/monoscript/fileName/UIDraggableCamera.cs: 56e75439f33159b0b1576e7509968fc3 -> 
  custom:audio-decoder-ogg-vorbis: bf7c407c2cedff20999df2af8eb42d56 -> 
  custom:scripting/monoscript/fileName/TweenVolumeEditor.cs: 1f755e7b401527ac93686205fb255940 -> 
  custom:scripting/monoscript/fileName/UIInput.cs: ce829dca34f7f44ad26565290bd75a54 -> 
  custom:scripting/monoscript/fileName/Misc.cs: 9657932ef5e42bf3803800c7001316c6 -> 
  custom:scripting/monoscript/fileName/RemotePlayerTestController.cs: a065d8dd9dff07ee3c40c0e473a65f06 -> 
  custom:scripting/monoscript/fileName/Vector4EqualityComparer.cs: 998bf018f3e79a3b4501bebf13133ef3 -> 
  custom:scripting/monoscript/fileName/PlayModeTestListGUI.cs: 9528035223f9376ea8c5bf32da2d30c1 -> 
  custom:scripting/monoscript/fileName/UICamera.cs: b3020f8b15d595faad76227d794ce799 -> 
  custom:scripting/monoscript/fileName/Image.cs: 4bdb6020842dc54a8e0a23ee7fb842e6 -> 
  custom:video-decoder-ogg-theora: a1e56fd34408186e4bbccfd4996cb3dc -> 
  custom:scripting/monoscript/fileName/ExitPlayMode.cs: f2eb63cb1a92bddb334eb5c2d75abc43 -> 
  custom:scripting/monoscript/fileName/UIImageButtonInspector.cs: 9b311fdf84e5b225dcefbe81a85caf07 -> 
  custom:scripting/monoscript/fileName/AnimatedAlpha.cs: bac31a5f8f53bdc197e78a623c9b52a0 -> 
  custom:scripting/monoscript/fileName/EditorLoadedTestAssemblyProvider.cs: 406b39f61e53aa4b6c435e30af6b5276 -> 
  custom:scripting/monoscript/fileName/UIAnchorEditor.cs: 8b56c49bbcd9fae229320cfea4e274a6 -> 
  custom:scripting/monoscript/fileName/UIBasicSprite.cs: f4c96275a0ccbf48cca6e46c3b873823 -> 
  custom:scripting/monoscript/fileName/B64X.cs: 3ac1e42c196f400b484d683a5f0afd75 -> 
  custom:scripting/monoscript/fileName/UIRootEditor.cs: c14715b7eb7373d0dbec3804cc4a0fd1 -> 
  custom:scripting/monoscript/fileName/TweenColorEditor.cs: 6506b396aaaf7f687704a81f470b8aae -> 
  custom:scripting/monoscript/fileName/PlatformUtils.cs: dbff6ae7e1009a480ae718fcca723385 -> 
  custom:scripting/monoscript/fileName/TweenFOV.cs: cc356dc317c133fa1f52722c400ab7e8 -> 
  custom:scripting/monoscript/fileName/IStateSerializer.cs: 2c22f7cb714163eee04bfe4b72ec4957 -> 
  custom:scripting/monoscript/fileName/RemoteTestResultData.cs: 68a2b51f8872b9ef697b2155d9835735 -> 
  custom:scripting/monoscript/fileName/Cli.cs: d287e08b50f2cb135aa4d7f8e01b7ef9 -> 
  custom:scripting/monoscript/fileName/UIForwardEventsEditor.cs: 129cf77bc1a99a8b9a27cb37cf41b996 -> 
  custom:scripting/monoscript/fileName/SpringPanel.cs: 4def0f0830fed06c99e42d5b3a56d6c2 -> 
  custom:scripting/monoscript/fileName/UnityTestProtocolListener.cs: 0d4d2ab58d3a081f00c0f200ee8696be -> 
  custom:scripting/monoscript/fileName/INearbyConnectionClient.cs: bbad27163196b787a8e5d304725ca27e -> 
  custom:scripting/monoscript/fileName/NGUIText.cs: 3eb744220b2c46c0ca97dc76aa88a941 -> 
  custom:scripting/monoscript/fileName/IAssemblyLoadProxy.cs: 10a2bd4f9f1d29ac107ff7e510533c16 -> 
  custom:scripting/monoscript/fileName/MessageEventArgs.cs: 528473bbcee3623fe954627c6bfadd2e -> 
  custom:scripting/monoscript/fileName/TweenTransform.cs: efdc47dc167b6e67f73e7354ce7c524a -> 
  custom:scripting/monoscript/fileName/UnityTestProtocolStarter.cs: e4b107bc354fd6dcbd62420da6500b7c -> 
  custom:scripting/monoscript/fileName/RuntimeTestLauncherBase.cs: 9c570bd0d91da3e5211e4436ad92314b -> 
  custom:scripting/monoscript/fileName/UIWrapContent.cs: 17176783ad986276f1d7b2fa311b97c3 -> 
  custom:scripting/monoscript/fileName/AndroidSnapshotMetadata.cs: 8a0aec66cc637a4c0fdfe16106a5608e -> 
  custom:scripting/monoscript/fileName/TweenHeight.cs: 92394df033c23e9fd79c7381d3302578 -> 
  custom:scripting/monoscript/fileName/PlayGamesAchievement.cs: 2cc796da06ab20c9c2704b2888e134e0 -> 
  custom:scripting/monoscript/fileName/iVideoClient.cs: e75247745889906fa81829d289e64e3b -> 
  custom:scripting/monoscript/fileName/SolutionProperties.cs: ab8751e49ae2f3d9994444a0a38619bd -> 
  custom:scripting/monoscript/fileName/NGUITools.cs: 5f4de3785bf631567c6f81c5390b54a7 -> 
  custom:scripting/monoscript/fileName/TweenFOVEditor.cs: 58402b0950a93f072ae90857e97ad3ca -> 
  custom:scripting/monoscript/fileName/UITable.cs: 3e0dff75ea4525bcc87e336912f3eef5 -> 
  custom:scripting/monoscript/fileName/UITextList.cs: 44e20a733fc3f19283d61845f0ada688 -> 
  custom:scripting/monoscript/fileName/UIButton.cs: eb2c82f74ea0a4f74be09542cc86092b -> 
  custom:scripting/monoscript/fileName/IMonoBehaviourTest.cs: 93dca3fac2d68012529173d3e7bc10a2 -> 
  custom:scripting/monoscript/fileName/UIKeyNavigation.cs: 639ff35a0a0434939839a69bd6ed282f -> 
  custom:scripting/monoscript/fileName/EditModeLauncher.cs: 9a2b5bcdc6140673378e5f8105411606 -> 
  custom:scripting/monoscript/fileName/MonoBehaviourTest.cs: 90647cc400823b41df847a6cbfc29026 -> 
  custom:scripting/monoscript/fileName/CoroutineTestWorkItem.cs: 8a69ee5c1adc29acc0a66cb7df14cbcf -> 
  custom:scripting/monoscript/fileName/TestActionCommand.cs: 753f99c04dd69dc2a43030237870dd1f -> 
  custom:scripting/monoscript/fileName/Utils.cs: 40c528c300bfc0733192292a788cb076 -> 
  custom:scripting/monoscript/fileName/ProjectGeneration.cs: 214ca3c28296f47a7d19f1fd999fc81d -> 
  custom:scripting/monoscript/fileName/GPGSIds.cs: ca9bc32122f555cb76ec026f1c336068 -> 
  custom:audio-encoder-webm-vorbis: bf7c407c2cedff20999df2af8eb42d56 -> 
  custom:scripting/monoscript/fileName/TestRunnerApi.cs: c95fe169deea2b7a18c185e8b5613c7e -> 
  custom:scripting/monoscript/fileName/UIKeyBinding.cs: 56809e0feb36a320f0c0bb134cfc77fc -> 
  custom:scripting/monoscript/fileName/ResultsWriter.cs: 746214782064f32efde31c48d7caa76f -> 
  custom:scripting/monoscript/fileName/UICameraTool.cs: 5996a6978990dcfe75e6c4f878f9b3b1 -> 
  custom:scripting/monoscript/fileName/GuiHelper.cs: 7bbb51d455f8994ae6185c7dee04068a -> 
  custom:scripting/monoscript/fileName/LuminPlatformSetup.cs: e65a295a4e58fc042cc74afa9243a080 -> 
  custom:scripting/monoscript/fileName/UIRoot.cs: c8509021f30ac2e6379e5d5ab02e1834 -> 
  custom:scripting/monoscript/fileName/BuildActionTaskBase.cs: 90647cc400823b41df847a6cbfc29026 -> 
  custom:scripting/monoscript/fileName/Solution.cs: 8bc97d0abd509f39b67b3a5bbac1b9a1 -> 
  custom:scripting/monoscript/fileName/TestMustExpectAllLogsAttribute.cs: cdf1c75549affd080e0ddbde5bcb7c34 -> 
  custom:scripting/monoscript/fileName/UILabelInspector.cs: 58527579bf367a2123e00d10f10629e5 -> 
  custom:scripting/monoscript/fileName/ITestRunnerListener.cs: d52675266925b8e603f210be3981d59b -> 
  custom:scripting/monoscript/fileName/TestBuildAssemblyFilter.cs: 056870da734fd8ecf77d00737a22149f -> 
  custom:scripting/monoscript/fileName/ConditionalIgnoreAttribute.cs: 9f2f3d4c6b56d5f470ccdd0e1820d51b -> 
  custom:scripting/monoscript/fileName/EditorAssemblyWrapper.cs: 8682dbb48030d53c622cd194bfa9e87d -> 
  custom:scripting/monoscript/fileName/UIFontInspector.cs: 47697aaa553f5f25f921e9d3df4543c9 -> 
  custom:scripting/monoscript/fileName/TweenRotation.cs: 5e9a32e29d2829b51b639c733206ee6b -> 
  custom:scripting/monoscript/fileName/BaseDelegator.cs: d270baecbc007d1328bc5c9991d1dea9 -> 
  custom:scripting/monoscript/fileName/UIButtonColorEditor.cs: d9745401eb00af34026d0827cea7498f -> 
  custom:scripting/monoscript/fileName/TestRunnerCallbacks.cs: 5627cb9f4ed769fba607b0cab8e9e63d -> 
  custom:scripting/monoscript/fileName/UIButtonColor.cs: fb9ad2fb817035e2912cc0150ee4edec -> 
  custom:scripting/monoscript/fileName/TestSettings.cs: d583ccee803a035f2d53ba29374aac19 -> 
  custom:scripting/monoscript/fileName/IUtpMessageReporter.cs: e8e6a62b6032a5642706a62156dd8314 -> 
  custom:scripting/monoscript/fileName/TestRunCallbackListener.cs: 15fa13086a2949901b1e4a3584b83cd8 -> 
  custom:scripting/monoscript/fileName/UIColorPicker.cs: f6b1ede632dd3e779c2a9cf28190398c -> 
  custom:scripting/monoscript/fileName/IOuterUnityTestAction.cs: 58e7f8b884a5d88e319b8f448f29bfdb -> 
  custom:scripting/precompiled-assembly-types:Assembly-CSharp-Editor: 5aa3623a2d0fb88c336340dbf3eeb93a -> 
  custom:scripting/monoscript/fileName/TestResultRendererCallback.cs: 215106b260625bb3e26681b849d9307d -> 
  custom:scripting/monoscript/fileName/RequireApiProfileAttribute.cs: 4cce4894a0d08ef40fd237b8e50d1caa -> 
  custom:scripting/monoscript/fileName/ConnectionRequest.cs: 3e19a3c7794e5ef65de7349c45a22c17 -> 
  custom:scripting/monoscript/fileName/RealTime.cs: 0cd598bb2da74d2315435fc4923a60a2 -> 
  custom:scripting/monoscript/fileName/UIWidget.cs: 3fc721c62137c109d3b90fcaa4ff4920 -> 
  custom:scripting/monoscript/fileName/SynchronousFilter.cs: b84da53d6d10348793b3683f19a6d4b3 -> 
  custom:scripting/monoscript/fileName/AndroidNearbyConnectionClient.cs: 4c1a4fddfc2b902e44184f36d654e88b -> 
  custom:scripting/monoscript/fileName/GameShop.cs: ea161b395710f47ae2b071ac42606969 -> 
  custom:scripting/monoscript/fileName/CleanupVerificationTask.cs: 12e81b196e7eac521f1ae8e0411b3d28 -> 
  custom:scripting/monoscript/fileName/LegacyEditModeRunTask.cs: 2b5f09ef7f63773ca676d71969800516 -> 
  custom:scripting/monoscript/fileName/UIScrollView.cs: c923bd63a76d06b3af816ef0dc9d178d -> 
  custom:scripting/monoscript/fileName/UICenterOnChild.cs: c4b2f5e453989c54892901705a43d872 -> 
  custom:scripting/monoscript/fileName/IEditorCompilationInterfaceProxy.cs: b1e49de3ac2ed1feea91c5f6846d6e49 -> 
  custom:scripting/monoscript/fileName/IErrorCallbacks.cs: fd7a49712e8a919d38dd0fddef8872df -> 
  custom:scripting/monoscript/fileName/UIDragObject.cs: 45b729a90a5705d6a6d1c35773ad88e9 -> 
  custom:scripting/monoscript/fileName/IEditModeTestYieldInstruction.cs: ad49fb85f2d4ed0badb27552deac0771 -> 
  custom:SearchIndexIgnoredProperties: e643bd26f0fe6173181afceb89e7c659 -> 
  custom:scripting/monoscript/fileName/TouchSlider.cs: 86645e8d1721c993ee689e8285aa0c5b -> 
  custom:scripting/monoscript/fileName/IScriptingRuntimeProxy.cs: c75af2a6ef439df9f19f151aeb5749ea -> 
  custom:scripting/monoscript/fileName/TestFilterSettings.cs: 5275be823d4854688aedadf9bf48dfa8 -> 
  custom:scripting/monoscript/fileName/EventDelegateDrawer.cs: c6ca23e042ca490a03fb928b61b8b77f -> 
  custom:scripting/monoscript/fileName/UISpriteAnimation.cs: a9d24d8c09ba9a74287fbca317f99202 -> 
  custom:scripting/monoscript/fileName/UIBasicSpriteEditor.cs: 8e65aff9b6833dd08fe7f20d50184f61 -> 
  custom:scripting/monoscript/fileName/KnownAssemblies.cs: 286bea9f8fcee5e392f6fc0f0cd541c8 -> 
  custom:scripting/monoscript/fileName/EnumerableRepeatedTestCommand.cs: dbdc4517e80e66a31f48ce40e06931f2 -> 
  custom:scripting/monoscript/fileName/PropertyReference.cs: 2d71b4b10e12fb21a0d35ed453b38171 -> 
  custom:scripting/monoscript/fileName/TestRunnerApiListener.cs: cc17cec8825a8f933d6ecbd68d51f1de -> 
  custom:scripting/monoscript/fileName/SimpleJSON.cs: 70c028a07c79c166db015acda1282d86 -> 
  custom:scripting/monoscript/fileName/ProjectProperties.cs: 407063898a13eaad2cd100e43551c6b5 -> 
  custom:scripting/monoscript/fileName/FreeType.cs: b7c0590afcfd5ecd906dccabd882eaaf -> 
  custom:scripting/monoscript/fileName/UIAtlasMaker.cs: f5d627f0300584a9992a401e9c884f80 -> 
  custom:scripting/monoscript/fileName/PlayGamesLocalUser.cs: 9045fc915278ce40a01ceb6cb6ffa7e7 -> 
  custom:scripting/monoscript/fileName/UIDragCamera.cs: 62e252121bf8f670211bb40b090b8d8c -> 
  custom:scripting/monoscript/fileName/EditModeLauncherContextSettings.cs: d1e413330d98a9101237ccbe91f95dea -> 
  custom:scripting/monoscript/fileName/UnityWorkItemDataHolder.cs: 94e44d74f673f889418b2b9926b6615c -> 
  custom:scripting/monoscript/fileName/PlatformSpecificSetup.cs: 0a7f9c0b27ae370d8bd5d3df4916ae28 -> 
  custom:scripting/monoscript/fileName/PlayerQuitHandler.cs: b4085dee8fd70ae04ac96945fafed489 -> 
  custom:scripting/monoscript/fileName/CachingTestListProvider.cs: bfcb79acce43a93633071168c814d063 -> 
  custom:scripting/monoscript/fileName/Symbols.cs: 27613575e8bda8a6448f80ff27c488f9 -> 
  custom:scripting/monoscript/fileName/IPostBuildCleanup.cs: 8d43f6dbc44addb43106f91d15047771 -> 
  custom:scripting/monoscript/fileName/ExitCallbacks.cs: 716173503afdef0ae4c4023adba1972e -> 
  custom:scripting/monoscript/fileName/AsyncOperation.cs: 90647cc400823b41df847a6cbfc29026 -> 
  custom:scripting/monoscript/fileName/CommandLineOption.cs: 211f73ad4421274a5a418608b74cc839 -> 
  custom:scripting/monoscript/fileName/VersionPair.cs: 88b4a0b7e953537f26ded0a68cf4c238 -> 
  custom:scripting/monoscript/fileName/TweenHeightEditor.cs: 8e754199c964d806aa2caf0bd6c809bd -> 
  custom:scripting/monoscript/fileName/PlaymodeTestsControllerSettings.cs: 90cec9ec9d50d9e797d7b80fa88b49ed -> 
  custom:scripting/monoscript/fileName/ICallbacksHolder.cs: 790e89a97c8150c3044e584386d3ba9a -> 
  custom:scripting/monoscript/fileName/Logger.cs: 6c47204b9fd949d7c4c60eac633cb240 -> 
  custom:scripting/monoscript/fileName/UnityPlatformAttribute.cs: e79555e200698f1b55c6c54851cd369e -> 
  custom:scripting/monoscript/fileName/FileIOProvider.cs: c6be7d53b71e2f5ee2ecc596b7a7eb95 -> 
  custom:scripting/monoscript/fileName/UICreateWidgetWizard.cs: f6fcb5de3b5378f74a96c101307b2287 -> 
  custom:scripting/monoscript/fileName/PlayerLauncher.cs: c1129f48ad00377c128c470482bb7e8e -> 
  custom:scripting/monoscript/fileName/UnityCombinatorialStrategy.cs: e857e6faada8b59173cb249a8a6be6fa -> 
  custom:scripting/monoscript/fileName/UI2DSpriteEditor.cs: 3fb9768dc6802b3b4a7930dc78afa73c -> 
  custom:scripting/monoscript/fileName/ImmediateEnumerableCommand.cs: 89dd27d23dccf969b99d79611e8fed9a -> 
  custom:container-demuxer-ogg: 62fdf1f143b41e24485cea50d1cbac27 -> 
  custom:scripting/monoscript/fileName/SdkStyleProjectGeneration.cs: bbd8a39d16aad1a0b8d5240b1f43f4a4 -> 
  custom:scripting/monoscript/fileName/PrebuildSetupTask.cs: a4e888a510b1441a257b12183e59237b -> 
  custom:scripting/monoscript/fileName/UISliderEditor.cs: 4441b536e14f4147ff2d4af73dedcd2a -> 
  custom:scripting/monoscript/fileName/TestStarter.cs: d1bc3fba65bb4735afc3828355ea6c72 -> 
  custom:scripting/monoscript/fileName/GPGSDocsUI.cs: 705e49df51da94d0c953d8fe3e0f8001 -> 
  custom:scripting/monoscript/fileName/UIDrawCallInspector.cs: 359616bdc2ab425ce446d8a220e42d2e -> 
  custom:scripting/monoscript/fileName/TweenScale.cs: f2b02a0768010ca500d463b9068e5cd3 -> 
  custom:scripting/monoscript/fileName/ApplePlatformSetup.cs: 0ceeffeb4378c50fe08ff9b5d16a73f3 -> 
  custom:scripting/monoscript/fileName/Cloud.cs: 4002f15ca028c74791216b8484dc14be -> 
  custom:scripting/monoscript/fileName/UnexpectedLogMessageException.cs: a7bbf32861c66018271b093fc1d1061b -> 
  custom:AudioImporter_EditorPlatform: d09bf68614088b80899f8185d706f6e7 -> 
  custom:scripting/monoscript/fileName/EnumerableSetUpTearDownCommand.cs: 16b603dbb9724508977696171a42991f -> 
  custom:scripting/monoscript/fileName/PluginVersion.cs: f2f7d8279b922a92d52d004c8b6724f5 -> 
  custom:scripting/monoscript/fileName/CardSlot.cs: c307676f29adc43a66beb8621afc30e0 -> 
  custom:scripting/monoscript/fileName/RerunCallback.cs: ffe49cf602017087ffa7749d06513ace -> 
  custom:scripting/monoscript/fileName/CoroutineRunner.cs: 846507eaccf9841c799a02861e075d47 -> 
  custom:scripting/monoscript/fileName/UISoundVolume.cs: 982f1c204d222800f1236dbe43bb8ad0 -> 
  custom:scripting/monoscript/fileName/EnumerableTestMethodCommand.cs: 9040b48595c4d63d6c1126d81d3f1105 -> 
  custom:scripting/monoscript/fileName/UILabel.cs: 3020631aca05ae97ebc18b2cec44f76f -> 
  custom:scripting/monoscript/fileName/UIForwardEvents.cs: 5451434ddc8c685fe01572d8ff4f16cb -> 
  custom:scripting/monoscript/fileName/CommonTypes.cs: 60dc8a0e07d863d523b691764a3213ea -> 
  custom:scripting/monoscript/fileName/PropertyReferenceDrawer.cs: 3db96870517289c91130d9364657501c -> 
  custom:scripting/monoscript/fileName/ConstructDelegator.cs: c271ca33e5434ac87e82546dd149c303 -> 
  custom:scripting/monoscript/fileName/DummyClient.cs: d06457f579622d5ee55c8bdb0a05ee67 -> 
  custom:scripting/monoscript/fileName/TweenFill.cs: 5f10def1f15341f6a8867159b3ef8d1c -> 
  custom:scripting/precompiled-assembly-types:Google.JarResolver: df0f221c4485c33ea69649239d6744a2 -> 
  custom:scripting/monoscript/fileName/EditorCompilationInterfaceProxy.cs: 12bc7b3dd0ab2ff83629d76ca37d0d4d -> 
  custom:scripting/monoscript/fileName/PlayGamesClientFactory.cs: 6decc7e06b28b64e5bcb77e0ca83cf96 -> 
  custom:scripting/monoscript/fileName/ActiveAnimationEditor.cs: 34d113f49af27a7dd1cbdec0d69d239c -> 
  custom:scripting/monoscript/fileName/UIGeometry.cs: aaec24af1fa5e17fffd91b4166f03af5 -> 
  custom:scripting/monoscript/fileName/UI2DSprite.cs: a547c4afec91ff2e7e380d908e0757a7 -> 
  custom:scripting/monoscript/fileName/AndroidTaskUtils.cs: fad394034cf593abfad08b9b56ca1bf1 -> 
  custom:CustomObjectIndexerAttribute: 9a22284fe3817be447336de3de66b15e -> 
  custom:scripting/monoscript/fileName/TestResultAdaptor.cs: fb4db3971d5379750cda884e7e44e3e4 -> 
  custom:scripting/monoscript/fileName/PlayerLauncherTestRunSettings.cs: ac04d6a6a9c6380f318071a2f4da8a2f -> 
  custom:scripting/monoscript/fileName/TestListTreeViewDataSource.cs: 153f0d5d9a6099f80f6d26e9c0ad6b7d -> 
  custom:scripting/monoscript/fileName/TestRunCallbackAttribute.cs: c61459d4a70eab5bd767d5a1f82f55d8 -> 
  custom:scripting/monoscript/fileName/PostBuildCleanupAttribute.cs: 71391ff444f943d9ad8dd0d42b7ac81f -> 
  custom:scripting/monoscript/fileName/UnityLogCheckDelegatingCommand.cs: 410acedf83a5c4e9d5a212b5635d0c88 -> 
  custom:scripting/monoscript/fileName/PlayGamesHelperObject.cs: c10c45392870dd1d957c11994e8b81f3 -> 
  custom:framework-win-MediaFoundation: 216162199b28c13a410421893ffa2e32 -> 
  custom:scripting/monoscript/fileName/UIDrawCall.cs: 2bea9a6f7468ddd9b6f5795ccb24533d -> 
  custom:scripting/monoscript/fileName/TestPlayerBuildModifierAttribute.cs: d4ffc53911ef24dec9dc901e0444a77b -> 
  custom:scripting/monoscript/fileName/Achievement.cs: 60d0ae0afd3e93570982eda07eaec834 -> 
  custom:scripting/monoscript/fileName/ITestListCache.cs: 93f202374a8dd6602503d990ab2feb72 -> 
  custom:scripting/monoscript/fileName/BMFont.cs: 5d81f803d8c16b3e4b35f4caf6e85d9f -> 
  custom:scripting/monoscript/fileName/StacktraceFilter.cs: 2f4728b5b8f653bd2197ec8c4b722e7d -> 
  custom:scripting/monoscript/fileName/EventDelegate.cs: 909fb0779953229957f4718ab3ad2bbd -> 
  custom:scripting/monoscript/fileName/CommandLineOptionSet.cs: 57b6c3812f217f48a5cedf066a216cfd -> 
  custom:scripting/monoscript/fileName/PinKeyboard.cs: 171cbdf35a4432d968a9f4ab05853145 -> 
  custom:scripting/monoscript/fileName/NGUISettings.cs: 9c99bf135a611e796eaf335d133d936a -> 
  custom:scripting/monoscript/fileName/TestTreeData.cs: 1859d24be324d8fb87ab0c693d76d928 -> 
  custom:scripting/monoscript/fileName/ITestRunCallback.cs: 7d90e4d27cccfe89ef24a93578e15a74 -> 
  custom:scripting/monoscript/fileName/ActionDelegator.cs: f2eb6c2fd33630cfdd6d3183b4a2ca3f -> 
  custom:scripting/monoscript/fileName/Vector3EqualityComparer.cs: 1c8652cac1f220d6409ab1ba3f211615 -> 
  custom:scripting/monoscript/fileName/TweenScaleEditor.cs: ba8f4693282c0200f0d11a3d8272d48a -> 
  custom:scripting/precompiled-assembly-types:nunit.framework: de9c6147ae45b4e3446d0e562fb3bbe3 -> 
  custom:scripting/monoscript/fileName/ITestRunnerApiMapper.cs: 337d02b691c8103d2eedc6b52f4f76ab -> 
  custom:scripting/monoscript/fileName/RerunCallbackInitializer.cs: a2ca4a4e4bb070fd30ec377e61ed66cb -> 
  custom:scripting/monoscript/fileName/LogAssert.cs: 195ab501c85f741ece9ac8b49385dcce -> 
  custom:scripting/monoscript/fileName/IEditorAssembliesProxy.cs: 8586f95fda82b1fa948b8ac0ebb50a9d -> 
  custom:scripting/monoscript/fileName/UIToggle.cs: d815fdf0cb10f9d513c613a1da067cc6 -> 
  custom:scripting/monoscript/fileName/ConnectionResponse.cs: 2ca105c2e2ecc02b07715437ed5818b5 -> 
  custom:scripting/monoscript/fileName/SettingsBuilder.cs: 9aeeee75a181ed82e0343a1fb6b9cead -> 
  custom:scripting/monoscript/fileName/UIDrawCallViewer.cs: 9c1f583ce208c5f4917b1ad787a7a21e -> 
  custom:scripting/monoscript/fileName/ICallbacks.cs: a9c5fd289272fce7e09c7f3e5f11b8a0 -> 
  custom:scripting/monoscript/fileName/UIStretchEditor.cs: 2e407f51924f143d73f191e55354177f -> 
  custom:scripting/monoscript/fileName/TweenWidth.cs: d7ba5de24abc921cf547c4ccc5f9ed3d -> 
  custom:scripting/monoscript/fileName/SetupException.cs: 38724dd55c58f65b09d9fda4b6161021 -> 
  custom:scripting/monoscript/fileName/AndroidPlatformSetup.cs: 67d5fa212608c900d88b1544a5f49997 -> 
  custom:scripting/monoscript/fileName/PrebuildSetupAttributeFinder.cs: 1f975f3a70c8f9747da919735d84e6c3 -> 
  custom:scripting/monoscript/fileName/ILogScope.cs: e99dd640a2ac2c8b1c0c97725f23440d -> 
  custom:scripting/monoscript/fileName/IEditorLoadedTestAssemblyProvider.cs: cbb3f715010afa8cd4f0f40294bb78ba -> 
  custom:scripting/monoscript/fileName/TestListCacheData.cs: 295232838ed90f85679b2d004562d59e -> 
  custom:scripting/monoscript/fileName/UITweener.cs: 1d0f6b6e26dcfbcdc667e17a07004fc9 -> 
  custom:scripting/monoscript/fileName/UnityInstallation.cs: 0ba30d4545f2c34a9323456723b5dbfe -> 
  custom:scripting/monoscript/fileName/ITestListCacheData.cs: 09682e3e03141d9f43100cdaff3665eb -> 
  custom:scripting/monoscript/fileName/ScriptingRuntimeProxy.cs: 19d9ac4d844404a0464698120ed39275 -> 
  custom:scripting/monoscript/fileName/NGUIJson.cs: f28e3154ba52396753d2807aa8278b2f -> 
  custom:scripting/monoscript/fileName/AssemblyNameProvider.cs: 79a56fbd4fb93531a5e76fae2fee1660 -> 
  custom:scripting/monoscript/fileName/SavedGameMetadataUpdate.cs: bc1e6a84bf3859de501fc0126ebbd2ae -> 
  custom:scripting/monoscript/fileName/SolutionProjectEntry.cs: 68cea09e9af09443edf61e18806ac1c2 -> 
  custom:scripting/monoscript/fileName/Card.cs: da364723676a1e7dac174f763723da16 -> 
  custom:scripting/monoscript/fileName/Is.cs: 6922f89182cd28e32ba48e34cda7947d -> 
  custom:scripting/monoscript/fileName/Md5.cs: 4934954178e81299d08be98be9d3e58f -> 
  custom:scripting/monoscript/fileName/AndroidJavaConverter.cs: b252278e034df37a3db7790062246ac8 -> 
  custom:scripting/monoscript/fileName/MinMaxRangeAttribute.cs: 4318a46eb832123ace03944ec5e619e5 -> 
  custom:scripting/monoscript/fileName/NearbyConnectionUI.cs: 2081fa82bc293409895cb453499f6de8 -> 
  custom:scripting/monoscript/fileName/SelectButton.cs: 046f2dd5e0479ab39676ad59af580a51 -> 
  custom:scripting/monoscript/fileName/TestListProvider.cs: f8235933605b6a025c9638df0194bf97 -> 
  custom:scripting/monoscript/fileName/TestEnumeratorWrapper.cs: 3e969f8448dc5644f60fbcb6f1badbcb -> 
  custom:scripting/monoscript/fileName/ITestListProvider.cs: 0169c532d74787e64cd4163cd55d4572 -> 
  custom:scripting/monoscript/fileName/UIButtonActivate.cs: f5e1a22be5a8fc4b9751d7be30520225 -> 
  custom:scripting/monoscript/fileName/UIImageButton.cs: 6dc7b28ea91bb828fbe7cd9d5fe662ed -> 
  custom:scripting/monoscript/fileName/VisualStudioEditor.cs: 21e59f688ad500ab61aca318850ec505 -> 
  custom:scripting/monoscript/fileName/GameButton.cs: ec41d5d8533a954170cacb0aaa250526 -> 
  custom:scripting/monoscript/fileName/UIProgressBar.cs: 494b4fcfecd9856396abaf5d8d535cc9 -> 
  custom:scripting/monoscript/fileName/ViewBase.cs: d9c88af255177ebec5b4ef2e56852d3a -> 
  custom:scripting/monoscript/fileName/AllocatingGCMemoryConstraint.cs: 8b2ed7fbfb529ba318fb8425f7a81278 -> 
  custom:scripting/monoscript/fileName/TestListGUIBase.cs: 24d4809a020104916f1cbf5b523f10ca -> 
  custom:scripting/monoscript/fileName/UISpriteInspector.cs: 6d9127970341bf438dc27bb31ad9a049 -> 
  custom:scripting/monoscript/fileName/TweenPanel.cs: 1cc3a27568b273b636a2069efc2c7ae0 -> 
  custom:scripting/monoscript/fileName/WindowResultUpdaterDataHolder.cs: 2de8ba1615f5d28c30d54411d42e2524 -> 
  custom:scripting/monoscript/fileName/NGUISelectionTools.cs: 63cd8b699413c190098f4a8a70c4cf44 -> 
  custom:scripting/monoscript/fileName/TestExtensions.cs: 8e47deac44d7b87eaa5df5d00556dc15 -> 
  custom:scripting/monoscript/fileName/LogWriter.cs: 89105d9cfbe59e79a996dde998b3e7ff -> 
  custom:scripting/monoscript/fileName/LegacyPlayModeRunTask.cs: 8a159c990fea520d0af36b86d243e79e -> 
  custom:scripting/monoscript/fileName/UIButtonEditor.cs: bc1c4547170d54012c25654de57ae43b -> 
  custom:scripting/monoscript/fileName/UIButtonKeysEditor.cs: a39491ecd4f3282f2d7a242eee984812 -> 
  custom:scripting/monoscript/fileName/UISavedOption.cs: 2b48315035ef4f32247bf27267b7c640 -> 
  custom:scripting/monoscript/fileName/AttributeHelper.cs: dcab3630cb119e1a5f7f9c7b24677e49 -> 
  custom:scripting/monoscript/fileName/TweenPosition.cs: cba3475fb0106a3e605ae8baa0c4a64c -> 
  custom:scripting/monoscript/fileName/TestRunCanceledException.cs: ff7dc6bce365deb50fafe94b823009cb -> 
  custom:scripting/monoscript/fileName/UIScrollViewEditor.cs: 20fe27f8a94a3018a417940c6c01926e -> 
  custom:scripting/monoscript/fileName/ISettingsBuilder.cs: af84c62ea6a033820a24a2d04c70d5c3 -> 
  custom:scripting/monoscript/fileName/NGUIEditorExtensions.cs: f5d80a3d5296de6aa3a5dfa39d35dabf -> 
  custom:scripting/monoscript/fileName/UnityWorkItem.cs: ce02ef2c77c866afeb6c04a89a364a8a -> 
  custom:scripting/monoscript/fileName/GamesServicesClient.cs: 3c8fdb130d60962f80824bd82a66d074 -> 
  custom:scripting/monoscript/fileName/PlayerConnectionMessageIds.cs: 2e4b7265f0eeb40e1260d00fe6e4614e -> 
  custom:scripting/monoscript/fileName/UISprite.cs: 81bb09df372ee90fbaa6a4ae151be4a9 -> 
  custom:scripting/monoscript/fileName/RenderingOptions.cs: a84cebfad0b53e3dbf0202be3cc1d6d3 -> 
  custom:scripting/monoscript/fileName/NGUIHelp.cs: dfdf1be2a7d6f51dbf52c4e77c35fc33 -> 
  custom:scripting/monoscript/fileName/UI2DSpriteAnimation.cs: 35002154db25bac1799260a524ac8b3d -> 
  custom:scripting/monoscript/fileName/TestCommandBuilder.cs: bf61faf29c0aea0c4e5d4ac76abaee13 -> 
  custom:scripting/monoscript/fileName/TweenAlpha.cs: d1b9d8db043421cf65be4e027d838d5f -> 
  custom:scripting/monoscript/fileName/WorkItemFactory.cs: d8b2e380888ccc980a475a01f04d7a45 -> 
  custom:scripting/monoscript/fileName/ITestResultAdaptor.cs: bb9e1bbb2ff45e5a5f11e877a24721d7 -> 
  custom:scripting/monoscript/fileName/VisualStudioInstallation.cs: 41612f13db7783c8635801ab159c1079 -> 
  custom:scripting/monoscript/fileName/PlayGamesLeaderboard.cs: 730c3ea3933e6af731b0240ae5d085ff -> 
  custom:scripting/monoscript/fileName/UnityTestExecutionContext.cs: 4c0ef8e8d96fc20b3ec58c9447d6ec92 -> 
  custom:scripting/monoscript/fileName/InvalidSignatureException.cs: f250eccc836ee674127ecdee41f7a4ea -> 
  custom:scripting/monoscript/fileName/AndroidTokenClient.cs: 99656452a419d4b9b57b4150736630c2 -> 
  custom:scripting/monoscript/fileName/IAssetsDatabaseHelper.cs: 4f8027cddf715e38f75ab454f20fe051 -> 
  custom:scripting/monoscript/fileName/LogSavingCallbacks.cs: 8eb93b3e2c76ea1a8acb6e2d0b5c5f91 -> 
  custom:scripting/monoscript/fileName/TokenClient.cs: 70b874cefbfed45f540a516eab539a9e -> 
  custom:scripting/monoscript/fileName/Vector2ComparerWithEqualsOperator.cs: 1851f392f974d4a42efb0de68a402e9b -> 
  custom:scripting/monoscript/fileName/UIAtlasInspector.cs: 1781ef79fcfa379b889e17d445a4e402 -> 
  custom:scripting/monoscript/fileName/ITestAdaptorFactory.cs: 0cef1125679c38dd172e82c8aed26eb9 -> 
  custom:scripting/monoscript/fileName/UIDragDropItem.cs: 0c50c466c56f782eb40c8fbb496e1441 -> 
  custom:scripting/monoscript/fileName/UnitySetUpAttribute.cs: 78bcd37bf54751e70200df4ae24f405b -> 
  custom:scripting/monoscript/fileName/VisualStudioForWindowsInstallation.cs: 468ed6fb57813d3de23aa53f5f59c2eb -> 
  custom:scripting/monoscript/fileName/NGUITransformInspector.cs: c6bf81d92f0aa23fe074e3b96827c60c -> 
  custom:scripting/monoscript/fileName/UIDragResize.cs: e9215969dfc29f196e082913421f4352 -> 
  custom:scripting/monoscript/fileName/UISlider.cs: 80bdd566a8f50a1cd058945a257bf451 -> 
  custom:scripting/monoscript/fileName/TestListJob.cs: 3a58b9c1d09f7f4ecb41254c8497b5c7 -> 
  custom:scripting/monoscript/fileName/RestoreTestContextAfterDomainReload.cs: 3f8ddcbc7c316ccf5012287995780eb2 -> 
  custom:scripting/monoscript/fileName/AssemblyWrapper.cs: 888ba979193ec837feef9add74101219 -> 
  custom:scripting/monoscript/fileName/UIPlayTweenEditor.cs: 8023ec336d89aa63566b77eaebd2743c -> 
  custom:scripting/monoscript/fileName/SwitchPlatformSetup.cs: 576de741bbd585688af4b8aaf70f0708 -> 
  custom:scripting/monoscript/fileName/TypewriterEffect.cs: fd37fa138c3ed90a82f3c1def6552d96 -> 
  custom:scripting/monoscript/fileName/NGUIMenu.cs: abaf246d79b4fd46b9b3dfab261a4cf1 -> 
  custom:scripting/monoscript/fileName/TestFinishedMessage.cs: ccd3538dc4059cd71acd9bfea48dbc80 -> 
  custom:scripting/monoscript/fileName/RemoteTestResultDataWithTestData.cs: bcf701fb298ed6f8cab894b203300c37 -> 
  custom:scripting/monoscript/fileName/Storage.cs: bed7cd374cd2f27831e315b7f47ee677 -> 
  custom:scripting/monoscript/fileName/PlayerLauncherContextSettings.cs: 3c0a34dce28ade8f88b3e213fadb0738 -> 
  custom:scripting/monoscript/fileName/WindowResultUpdater.cs: 605812b0e2a9a0174e15ed86a3d5ac57 -> 
  custom:scripting/monoscript/fileName/PlayerProfile.cs: eaedd008867e17d93ba2b97779ebd7cf -> 
  custom:scripting/monoscript/fileName/UISpriteAnimationInspector.cs: 96224beb6b511679e38c2c96dfa093e6 -> 
  custom:scripting/monoscript/fileName/UIButtonRotation.cs: 22a61728611fb39b738a07c156acc369 -> 
  custom:scripting/monoscript/fileName/UIPanel.cs: 9f16c05ce05ad3a4a2de4d5674012331 -> 
  custom:scripting/monoscript/fileName/BeforeAfterTestCommandBase.cs: 90647cc400823b41df847a6cbfc29026 -> 
  custom:scripting/monoscript/fileName/TestRunnerResult.cs: 613fb3e1dfef14aa9d5aea2cd635ffff -> 
  custom:scripting/monoscript/fileName/Vector4ComparerWithEqualsOperator.cs: 982db4358832ddfb456522b96543f1da -> 
  custom:scripting/monoscript/fileName/EditModeRunner.cs: f1ceb581ae48e42ca32e80f796ce45bc -> 
  custom:scripting/monoscript/fileName/UIEventListener.cs: 7626b08ee50867678c5a82ecbeb86b04 -> 
  custom:scripting/monoscript/fileName/ConstraintsExtensions.cs: 89e01f1f8de15d891db3bad70117d924 -> 
  custom:scripting/monoscript/fileName/Vector2EqualityComparer.cs: 4ac8b0db10bbdb7ea68d4be944c5b941 -> 
  custom:scripting/monoscript/fileName/NearbyConnectionClientFactory.cs: 9a529d7823fa4d5f482bbdc0557347fc -> 
  custom:scripting/precompiled-assembly-types:UnityEditor.TestRunner: 1b08a5e3d69264f3b8177a3e839577fe -> 
  custom:scripting/monoscript/fileName/LanguageSelection.cs: 246f6670b200e0bd99127dba76294bc2 -> 
  custom:scripting/monoscript/fileName/MinMaxRangeAttributeDrawer.cs: c4b43a9a267615e93143878492bce408 -> 
  custom:scripting/monoscript/fileName/UnityTestTimeoutException.cs: b7ec28ea102309dc20886c45fff1e1b5 -> 
  custom:scripting/monoscript/fileName/UITexturePacker.cs: 53a111a30e9b31a5b6a43e4433078b14 -> 
  custom:scripting/monoscript/fileName/PlayModeRunnerCallback.cs: 6cd874bc3032a6eaf4228f5877b27ba0 -> 
  custom:scripting/monoscript/fileName/CaptureOverlayStateListener.cs: 8963a0d283c8ac78c6b1d7698d98777f -> 
  custom:scripting/monoscript/fileName/ITestTreeRebuildCallbacks.cs: f952713f83d574a58f719696be7e52a3 -> 
  custom:scripting/monoscript/fileName/RunSettings.cs: 6770f3fdaf287e73ff6c63f28a5a7e92 -> 
  custom:scripting/monoscript/fileName/Serializer.cs: 905b7c35427fb9aeef8d2d4a7500e1d3 -> 
  custom:scripting/monoscript/fileName/Profile.cs: 8a860443a61edc7453ef3dd1b0cdb699 -> 
  custom:scripting/monoscript/fileName/SaveModiedSceneTask.cs: 135adac13be698ff4439d6c6268aa5b8 -> 
  custom:scripting/monoscript/fileName/IAssemblyWrapper.cs: 993dbd556e2f14ec6d4f6bce6cb00191 -> 
  custom:scripting/monoscript/fileName/UITestRunnerFilter.cs: a9e31eaec62dd508fa917eadb1c52808 -> 
  custom:scripting/monoscript/fileName/UICreateNewUIWizard.cs: a3a01343bb9d7c65a399518e16c15aa8 -> 
  custom:scripting/monoscript/fileName/Executer.cs: 3f667ef14fa1c500658713b8aa31fd85 -> 
  custom:scripting/monoscript/fileName/UICameraEditor.cs: a6517a0ae7c939bf04f75943ae5b504f -> 
  custom:scripting/monoscript/fileName/UIDragDropRoot.cs: 112a97c46b67dfff37c3103475acb774 -> 
  custom:scripting/monoscript/fileName/NGUIDebug.cs: 1e3fa802078bac2c988b630d05874bc8 -> 
  custom:scripting/monoscript/fileName/EnumeratorStepHelper.cs: 05022a723dcf173476ccb43403871168 -> 
  custom:scripting/monoscript/fileName/FullNameFilter.cs: 7c49c279cb0d631ca64d8b7d70065d9c -> 
  custom:scripting/monoscript/fileName/AssetPipelineIgnore.cs: 09786e27e9aef22fa608d3ec356f88ff -> 
  custom:scripting/monoscript/fileName/UwpPlatformSetup.cs: b9f50f93de5f547a7eaf96f1bc58a80f -> 
  custom:scripting/monoscript/fileName/UITextureInspector.cs: 90538f3ac43b879bbca024b380b5981c -> 
  custom:scripting/monoscript/fileName/EnumerableApplyChangesToContextCommand.cs: c2aa6cedc66892dd581c50a4d9b6a147 -> 
  custom:scripting/monoscript/fileName/UnhandledLogMessageException.cs: fa6ee6fe2a221a71f213304ae56898c7 -> 
  custom:scripting/monoscript/fileName/Icons.cs: d200e454d3abc3ae715b656f39ed7d9c -> 
  custom:scripting/monoscript/fileName/UIButtonMessageEditor.cs: c68798a6b45e4bf50525622c070e627a -> 
  custom:scripting/monoscript/fileName/RecompileScripts.cs: 73e345449efb1420f34aad9debcdf2bd -> 
  custom:scripting/monoscript/fileName/PlayGamesUserProfile.cs: b3668856aca011e743f4a7d60fa395fd -> 
  custom:scripting/monoscript/fileName/FileCleanupVerifierTaskBase.cs: 8c0e90b329ac988e22429767c222f3c6 -> 
  custom:scripting/precompiled-assembly-types:Assembly-CSharp: 54e543295d3ad04b91d4c2d99070f6f5 -> 
  custom:scripting/monoscript/fileName/PlaymodeWorkItemFactory.cs: 8bb2d7c0ad22b08cf17b1748007ae8c3 -> 
  custom:scripting/monoscript/fileName/PlayerTestAssemblyProvider.cs: cbdd04f669e4e0054bad4f9d3133a10c -> 
  custom:scripting/monoscript/fileName/PrebuildSceneSetupAttribute.cs: 7863da9f66129a3cef8eac0a1f19b990 -> 
  custom:scripting/monoscript/fileName/NearbyHelperObject.cs: ccf41a75cd0cb7900daafc814c343a44 -> 
  custom:scripting/monoscript/fileName/RemoteTestData.cs: 51ba1ddd57fb71948e60067806b9cfcd -> 
  custom:scripting/monoscript/fileName/StadiaPlatformSetup.cs: 27e00e91e04b4888c1d6354fa4baa6a5 -> 
  custom:scripting/monoscript/fileName/PlayGamesClientConfiguration.cs: cbda80d08c4fad2108cf8d499a4ce6cd -> 
  custom:scripting/monoscript/fileName/TestSettingsDeserializer.cs: 2daa2d89ea5f024d33cb1e72a3d35d63 -> 
  custom:scripting/monoscript/fileName/DebugConsole.cs: d53a29466497d1f9fd76c5bde3b40738 -> 
  custom:scripting/monoscript/fileName/AES.cs: 34df2ff42e08a5051480297ceee97ceb -> 
  custom:scripting/monoscript/fileName/EditModeTestListGUI.cs: 8831f0ca2dcd13614282b516af72c688 -> 
  custom:scripting/monoscript/fileName/TestResultSerializer.cs: b75c8de5ed0cf8b4071350488249260d -> 
  custom:scripting/monoscript/fileName/Messenger.cs: f4ebc46d09b2b4de489946914db2aae0 -> 
  custom:scripting/monoscript/fileName/IUtpLogger.cs: 1b41334d9fc4fd5edb024e0bd2a6db56 -> 
  custom:scripting/monoscript/fileName/Engine.cs: d0617207605a88be881b15ef18306b04 -> 
  custom:scripting/monoscript/fileName/DelayedCallback.cs: e88c5396d33adcd6404b4cb8a051b2b1 -> 
  custom:scripting/monoscript/fileName/UIToggledComponents.cs: 09c45d9d47ddf34196a0ee07722cb8e8 -> 
  custom:scripting/monoscript/fileName/UIRectEditor.cs: 2d20bdb8a5e58c77d358363fa4527028 -> 
  custom:scripting/monoscript/fileName/TcpListener.cs: 940bfdac0e91ad2884e6359468f2782a -> 
  custom:scripting/monoscript/fileName/TestRunnerWindow.cs: 156fc89bab7bdd82ca70e07c9aa9ebbd -> 
  custom:scripting/monoscript/fileName/GPGSProjectSettings.cs: f428214e4ec8abb7d5ea4bd8a06d1f8e -> 
  custom:scripting/monoscript/fileName/OrderedTestSuiteModifier.cs: 6a8006d91a7636d39c6731494060c3c2 -> 
  custom:scripting/monoscript/fileName/UIAtlas.cs: 160e4161d9df00b79bd59efee5b117c9 -> 
  custom:scripting/monoscript/fileName/TweenAlphaEditor.cs: f739fb8f5f2ebc28db06228f3e9237e1 -> 
  custom:scripting/monoscript/fileName/UtpMessageReporter.cs: 1ce82c57220e51532d6b3e5da0cecc24 -> 
  custom:scripting/monoscript/fileName/RotationHelper.cs: 87beb2da9498fa31188911229394eeb0 -> 
  custom:scripting/monoscript/fileName/GUIDProvider.cs: e95f79fad3d1354cc56eebd7db9ee6a3 -> 
  custom:scripting/monoscript/fileName/BeforeAfterTestCommandState.cs: b5335096b805e070d1c48ec9209e057d -> 
  custom:scripting/monoscript/fileName/SpringPosition.cs: b0b8b44fff9e06660f73d7c0bfd9ac82 -> 
  custom:scripting/monoscript/fileName/VideoCapabilities.cs: 9c624cbed443e8220c35d5da43eec58e -> 
  custom:scripting/monoscript/fileName/DefaultTestWorkItem.cs: f906b4fb5b78cb9d23a07212620919d9 -> 
  custom:scripting/monoscript/fileName/NGUISnap.cs: 8c2d7d4e091cbd83fdc9c9342cdd7b48 -> 
  custom:scripting/monoscript/fileName/ColorHelper.cs: 438028ff52c89509f38281463b74fa11 -> 
  custom:scripting/monoscript/fileName/AndroidHelperFragment.cs: 1f2e058b49a85946b8a25a4bff14ddeb -> 
  custom:scripting/monoscript/fileName/UIFontMaker.cs: 2d035cfd176aa128b5ce592f25967691 -> 
  custom:scripting/monoscript/fileName/TestRunnerApiMapper.cs: 241489454095fad1d1d89166ee62820f -> 
  custom:scripting/monoscript/fileName/UIButtonOffset.cs: 9ae3f8fb22cad69339f6c14dd6693c56 -> 
  custom:scripting/monoscript/fileName/TestTreeViewBuilder.cs: 6ec2bdd7d75f4f5e0b3318e1489ac19d -> 
  custom:scripting/monoscript/fileName/UIPanelTool.cs: 15ddff5ad7832c305266609b6f47e2e0 -> 
  custom:scripting/monoscript/fileName/Message.cs: 671a789acb2c7a93d0b620fe02979957 -> 
  custom:scripting/monoscript/fileName/LegacyPlayerRunTask.cs: 148e0500b0761261bc418d25c26e82b1 -> 
  custom:scripting/monoscript/fileName/UIWrapContentEditor.cs: 276b33b4b9abc0224f01648a8bf0c4ad -> 
  custom:scripting/monoscript/fileName/UIGrid.cs: 9be26f8db7d711689a46a4bf454f11d5 -> 
  custom:scripting/monoscript/fileName/SolutionParser.cs: 240a75b5fc2682997268aa77e6a1dd86 -> 
  custom:scripting/monoscript/fileName/UIColorPickerEditor.cs: 31d20128f82a847fabc3f6b195cb29ab -> 
  custom:scripting/monoscript/fileName/Base64.cs: 3334fc9c177af7e29943d254bb32b196 -> 
  custom:scripting/monoscript/fileName/UIKeyNavigationEditor.cs: c85ddc0742989cddcb8d0c0d8b822bb4 -> 
  custom:scripting/monoscript/fileName/ProtectedValue.cs: 16d4dfc5971bbee60844fc92cb049f3b -> 
  custom:scripting/monoscript/fileName/TweenRotationEditor.cs: 64662ea41fcbb8c5982b7d3af1c7470c -> 
  custom:scripting/monoscript/fileName/NearbyConnectionConfiguration.cs: 37b22c38ad06f22daaffc0fe47f0dd07 -> 
  custom:scripting/monoscript/fileName/UIProgressBarEditor.cs: 027c84350dfdc51f2c7bf3d5a1208668 -> 
  custom:scripting/monoscript/fileName/BuildTestTreeTask.cs: ca4a5380bc07f43d0ad6bc5c2ca39b4b -> 
  custom:scripting/monoscript/fileName/UITexture.cs: 1d7d0730a68285c89aeb639b92c62e03 -> 
  custom:scripting/monoscript/fileName/ICallbacksDelegator.cs: 2bfa822de05a601b9fbe2f79d4d317c0 -> 
  custom:scripting/monoscript/fileName/TweenPositionEditor.cs: fe1fc199afcd3d50b752c4f8f16e4f37 -> 
  custom:scripting/monoscript/fileName/LogScope.cs: a032a8edefa3a04276b9f24e5047f2ac -> 
  custom:scripting/monoscript/fileName/SpriteSelector.cs: 3805059da03bf6e8759999b08df3b0bc -> 
  custom:scripting/monoscript/fileName/Vector3ComparerWithEqualsOperator.cs: c497cde63ec72672e5f69e70b932688f -> 
  custom:scripting/monoscript/fileName/UISnapshotPoint.cs: ea62a7a7d1c35b2adbd7eb84d5031564 -> 
  custom:scripting/monoscript/fileName/TestListGuiHelper.cs: 6d40eb061ebdba07e078b90b14eadffd -> 
  custom:container-demuxer-webm: 4f35f7cbe854078d1ac9338744f61a02 -> 
  custom:scripting/monoscript/fileName/IGuiHelper.cs: da57d3fb0f8ace42d5b01eed25e9e3d5 -> 
  custom:scripting/monoscript/fileName/TestAdaptor.cs: 486cec8559bad7c56adc699f165feb67 -> 
  custom:scripting/monoscript/fileName/EditmodeWorkItemFactory.cs: e9c8ba8d2a4b7d9a886e64626b2e6205 -> 
  custom:scripting/monoscript/fileName/TestJobData.cs: 194f4626c5a4649f7b9d85aa9d59e59a -> 
  custom:scripting/monoscript/fileName/TestListenerWrapper.cs: 9bd83ba3a6a675f3c605795064caa62b -> 
  custom:scripting/monoscript/fileName/TestStartedMessage.cs: 2e20a681c83fd9e8634c9b938205f951 -> 
  custom:scripting/monoscript/fileName/AnimatedColor.cs: 91750836901fa45527cebf2c470446fd -> 
  custom:scripting/monoscript/fileName/UISnapshotPointEditor.cs: bbc3a662ad2e27d2bb3e165e173b7781 -> 
  custom:scripting/monoscript/fileName/TestPlanMessage.cs: 6199b0505360321c39d00a607adaaf8d -> 
  custom:scripting/monoscript/fileName/RuntimeTestRunnerFilter.cs: 526247a6af82c71973a55c9c5be36280 -> 
  custom:scripting/monoscript/fileName/AndroidSavedGameClient.cs: cdcaac82abe6dec9df609757cc9ed81b -> 
  custom:scripting/monoscript/fileName/TaskScheduler.cs: d9f18cbf9ef3f2ebb033bf4673b657cf -> 
  custom:scripting/monoscript/fileName/CallbacksDelegator.cs: e0dcdade48f633c0a7cebc925bd686c4 -> 
  custom:scripting/monoscript/fileName/TweenOrthoSize.cs: ab4130486613cfac088d5968c85d34ee -> 
  custom:scripting/monoscript/fileName/TestResultExtensions.cs: 1c512e213c49ce6d72b9d37b957b9372 -> 
  custom:scripting/monoscript/fileName/GPGSPostBuild.cs: 78a9e1706a07088f3a16f5a5223e35eb -> 
  custom:scripting/monoscript/fileName/TcpClient.cs: a949cfd4c46427829913ee0195fa0103 -> 
  custom:scripting/monoscript/fileName/BMGlyph.cs: 6543d0f6c8390165105d129eb1ef4953 -> 
  custom:scripting/monoscript/fileName/LogMatch.cs: fed715ef044674dde53628d58d931b50 -> 
  custom:scripting/monoscript/fileName/ITestSettings.cs: 7d6676128f469c2eefb2813ec592ab4f -> 
  custom:scripting/monoscript/fileName/GameInfo.cs: 07fa963f30736b438b6ae131177e21e5 -> 
  custom:scripting/monoscript/fileName/TestCommandPcHelper.cs: f958b2880473418011bc0cda18245d1e -> 
  custom:scripting/monoscript/fileName/DummyNearbyConnectionClient.cs: 59221e562a8c48562f0c9cb2f1a7c274 -> 
  custom:scripting/monoscript/fileName/VideoCaptureState.cs: 95378a566a2d79db250c843eae350dfb -> 
  custom:scripting/monoscript/fileName/UsageUtility.cs: 5ed3d13206b2b96245ce59a5c83beed1 -> 
  custom:scripting/monoscript/fileName/BetterList.cs: 90647cc400823b41df847a6cbfc29026 -> 
  custom:scripting/monoscript/fileName/RemoteTestResultSender.cs: 2b6acbe484994dc310d0ac406904e742 -> 
  custom:scripting/monoscript/fileName/UIWidgetContainer.cs: 9e358427bbe53be1319f16e3dc4f47e5 -> 
  custom:scripting/monoscript/fileName/ITestRunSettings.cs: a5342276210c7f86635118880184dc77 -> 
  custom:scripting/monoscript/fileName/CallbacksDelegatorListener.cs: f80c4f45fed6816f24285f468af00026 -> 
  custom:scripting/monoscript/fileName/UIFont.cs: d635a9d6080af608e0c469259825c204 -> 
  custom:scripting/monoscript/fileName/Script.cs: 12b9e13c0a7632258c6f1f7e543a5a1c -> 
  custom:scripting/monoscript/fileName/OutOfOrderExpectedLogMessageException.cs: 4ff78bac16cc86124e588c20ad3ddba7 -> 
  custom:scripting/monoscript/fileName/IPlatformSetup.cs: 6f20476898784a15f8b8eb28653a67fd -> 
  custom:scripting/monoscript/fileName/TestTreeViewItem.cs: aae3d62f4daf680133c1c18c7814d15e -> 
  custom:scripting/monoscript/fileName/PlanformDependedSettings.cs: 71932e9b05badb23768c4bcd0ca060d6 -> 
  custom:scripting/monoscript/fileName/TestRunnerWindowSettings.cs: fb70b758f65d0605100dbd9482b7158e -> 
  custom:scripting/monoscript/fileName/IPlayGamesClient.cs: 1ad719d32c31a6809c48b983027e2d07 -> 
  custom:scripting/monoscript/fileName/AssemblyLoadProxy.cs: 0f3a4ee005eb8f7b33161c2ba6196e00 -> 
  custom:container-muxer-webm: aa71ff27fc2769a1b78a27578f13a17b -> 
  custom:scripting/monoscript/fileName/AttributeFinderBase.cs: 7e104530f871143fdb60a169114dd663 -> 
  custom:scripting/monoscript/fileName/B64R.cs: 23e3382cf16a0b7f8b67f4483dfd418d -> 
  custom:scripting/monoscript/fileName/AndroidEventsClient.cs: 8b70cd2b807ca35121dc023fb57e39f7 -> 
  custom:scripting/monoscript/fileName/UIButtonKeys.cs: fb3f3ea5973f0c7e3150cf98be284686 -> 
  custom:scripting/monoscript/fileName/UIShowControlScheme.cs: fcf03e3016607de138868f2393915f83 -> 
  custom:scripting/monoscript/fileName/UIWidgetInspector.cs: 9d556b41c48110503cd35a23f58373e5 -> 
  custom:scripting/monoscript/fileName/ByteHelper.cs: c2d92033faf8b759afcdfaedc70a9509 -> 
  custom:scripting/monoscript/fileName/UITweenerEditor.cs: 33c6ca09e0bf044468c7bb88266e0532 -> 
  custom:scripting/monoscript/fileName/ISavedGameClient.cs: d608dd17c2cf0d77e53d24bf3e80b961 -> 
  custom:scripting/monoscript/fileName/UIPlayAnimationEditor.cs: 2b2d6a04779996dc9ba4f60ba9a87db7 -> 
  custom:scripting/monoscript/fileName/PlayerStats.cs: cea33817bc59207de0a5be12e2f79424 -> 
  custom:scripting/monoscript/fileName/Extensions.cs: 3b5a91ff96ce2c98c5a0e6a4e3d30340 -> 
  custom:scripting/monoscript/fileName/SaveUndoIndexTask.cs: 6e0bcd5f418cf8184993174ac732fff4 -> 
  custom:scripting/precompiled-assembly-types:Google.VersionHandlerImpl: fa759366e6c1067122c591c441b6650c -> 
  custom:scripting/monoscript/fileName/TestResultRenderer.cs: 2e8123de6d2eea4d42efb7a87e150b27 -> 
  custom:scripting/monoscript/fileName/NGUIContextMenu.cs: b320536d70b65ec390b336bb444bb048 -> 
  custom:scripting/monoscript/fileName/SetUpTearDownCommand.cs: 684e5d1c75373405f8a6c9575324286f -> 
  custom:scripting/monoscript/fileName/PlaymodeLauncher.cs: 7559db6722a49842c0446e2fd98b6c97 -> 
  custom:scripting/monoscript/fileName/GPGSAndroidSetupUI.cs: c299773a5712855c9e004184cd15df09 -> 
  custom:scripting/monoscript/fileName/UIAnchor.cs: 18779077bc54816d6b85f01894bd6b39 -> 
  custom:scripting/monoscript/fileName/PlayerLauncherBuildOptions.cs: 39352f62028667e3cc8d13371f828f55 -> 
  custom:scripting/monoscript/fileName/LockBase.cs: 14819b34acbc39b5f06868eb9966dc66 -> 
  custom:scripting/monoscript/fileName/ProcessRunner.cs: 932a2a80cb9a3539199f645deff3c585 -> 
  custom:scripting/monoscript/fileName/WaitForDomainReload.cs: b6033700f0adcf3b23782f04c42e269c -> 
  custom:scripting/monoscript/fileName/ExitCallbacksDataHolder.cs: 2a73f9623aa81becb5d8d11a43747b12 -> 
  custom:scripting/monoscript/fileName/EditorEnumeratorTestWorkItem.cs: b8f886476b7c18f3c1cdeae30ec0c8ea -> 
  custom:scripting/monoscript/fileName/RegisterFilesForCleanupVerificationTask.cs: f18fd2d946c9ea52b8232f47d6d70221 -> 
  custom:scripting/monoscript/fileName/ICommandLineOption.cs: 58da599070a3bdab08afc8355de79ed5 -> 
  custom:scripting/monoscript/fileName/ITestSettingsDeserializer.cs: 22e37de7af2cea07971d0ba87110dad7 -> 
  custom:scripting/monoscript/fileName/AnalyticsReporter.cs: 990f0ccd7dd9ebe56483e30a572c9394 -> 
  custom:scripting/monoscript/fileName/TestEnumerator.cs: 26328e1622cb69ba0b1e01e906e7f65f -> 
  custom:scripting/monoscript/fileName/Localization.cs: 9527f4382a50beee4e5842fef29ca30b -> 
  custom:scripting/monoscript/fileName/UnityTestAssemblyBuilder.cs: 5e02e71819f544263f933dbf6516d49f -> 
  custom:scripting/monoscript/fileName/TestRunnerStateSerializer.cs: 7206f4f1eb4c5991ea76b5c39830dba4 -> 
  custom:scripting/monoscript/fileName/EventDelegateEditor.cs: 09e6bec53aa3b1e6fdfc5d2f2af2ec17 -> 
  custom:scripting/monoscript/fileName/EnumerableRetryTestCommand.cs: b281084796eb91cc19de80f3f2b73a56 -> 
  custom:scripting/monoscript/fileName/UIPopupListInspector.cs: cbd89ecbbe034bc5b98b46f2adb60971 -> 
  custom:scripting/monoscript/fileName/UILocalizeEditor.cs: 765410ffd78f43895874a8e3d650d541 -> 
  custom:scripting/monoscript/fileName/PlayGamesPlatform.cs: d782f6ab2da5137f285f22a6872852b0 -> 
  custom:scripting/monoscript/fileName/GPGSStrings.cs: dd86a8ea956b4282a8ef6d6946ddceef -> 
  custom:scripting/monoscript/fileName/TestAdaptorFactory.cs: b9e4d12260befcd688940e2c80db8ee8 -> 
  custom:scripting/monoscript/fileName/IEnumerableTestMethodCommand.cs: 81260787415c187c9e413e476b816cd2 -> 
  custom:scripting/monoscript/fileName/UtpDebuglogger.cs: 2f96cd7ac1384aa23e8238df80ef8354 -> 
  custom:scripting/monoscript/fileName/UIInputEditor.cs: e30bc66ae70a33a0393f3c9b8d66d729 -> 
  custom:scripting/monoscript/fileName/ActiveAnimation.cs: 3fbbf56e13c4edc0479f4b8117d25877 -> 
  custom:scripting/monoscript/fileName/UIScrollBarEditor.cs: 5d93f4e728d13c66a072b29679973204 -> 
  custom:scripting/monoscript/fileName/UIWidgetContainerEditor.cs: 5d21b074689569c756a1c62572e805f6 -> 
  custom:scripting/monoscript/fileName/ColorEqualityComparer.cs: 9ae684bc4a6b608abc9f7f131bd7cb1d -> 
  custom:scripting/precompiled-assembly-types:UnityEngine.TestRunner: 7a4d96a0696e29157328c6996c3b82c5 -> 
  custom:scripting/monoscript/fileName/UILocalize.cs: 23e462d28611f1083afa5a9e14f30acf -> 
  custom:scripting/monoscript/fileName/TweenLetters.cs: d646d8730a3fe071f9b514555b87849c -> 
  custom:scripting/monoscript/fileName/PlayGamesScore.cs: 8209a8f70c7e9183ce57ac5dd0704cab -> 
  custom:scripting/monoscript/fileName/VisualStudioCodeInstallation.cs: 6b6ec59c4ff0bddfc5db8b3c453d5172 -> 
  custom:scripting/monoscript/fileName/UIPanelInspector.cs: a3be8f974620ff4bd881b12b6d3aacf3 -> 
  custom:scripting/monoscript/fileName/PrefabsHelper.cs: 3ccee458621e53b93253d5eb6e25731e -> 
  custom:scripting/monoscript/fileName/EditModePCHelper.cs: e16a214ddb2d161f4792170cb0c8e6aa -> 
  custom:scripting/monoscript/fileName/AssemblyNameFilter.cs: ce7ef29746fb23841833950bb87cfa6a -> 
  custom:scripting/monoscript/fileName/ExecutionSettings.cs: bbd5f229f5dcda0d2d7d6fe8eb266a59 -> 
  custom:scripting/monoscript/fileName/PropertyBindingEditor.cs: 54b4091e704e8c092dd41aa607d14b33 -> 
  custom:scripting/monoscript/fileName/UIPlayAnimation.cs: 4361c5b88c0dd2eda4a24b082791b8d7 -> 
  custom:scripting/monoscript/fileName/UIToggleInspector.cs: 00d93de17cc7f6bd5f8e0b20d03f0f76 -> 
  custom:scripting/monoscript/fileName/IAsyncTestAssemblyBuilder.cs: d4bd9849c11964145b1082a4b1d477fa -> 
  custom:scripting/monoscript/fileName/LogEvent.cs: 9bf386b9808c16608387e196f7a5e9d6 -> 
  custom:scripting/monoscript/fileName/Deserializer.cs: 1cc72e9ed2428cc6d6ce2d4d2ad7b02b -> 
  custom:scripting/monoscript/fileName/Discovery.cs: 2653aab1b250aaf4e3b996846f31c100 -> 
  custom:scripting/monoscript/fileName/PropertyBinding.cs: ec4c23c83d917186848586b57d7f6747 -> 
  custom:scripting/monoscript/fileName/UIDragObjectEditor.cs: 89fbdf71d495e2fad97741306b5e4480 -> 
  custom:scripting/monoscript/fileName/TweenOrthoSizeEditor.cs: 1cb42f77298c97617452715bf1c88f69 -> 
  custom:scripting/monoscript/fileName/AnalyticsTestCallback.cs: 70c2658c96c40ebe349fda85c81dae6e -> 
  custom:scripting/monoscript/fileName/UIViewport.cs: 6ac39b3be7aec85f7763203bf3865c99 -> 
  custom:scripting/monoscript/fileName/RemotePlayerLogController.cs: 158b55f2a8781eb1cac7ac26acd42fc6 -> 
  custom:scripting/monoscript/fileName/EnumerableTestState.cs: 30e3efb82d3f99d65cdecdd2f0bc0194 -> 
  custom:scripting/monoscript/fileName/TestTaskBase.cs: 162ca0c58961a22b2d7f2a866ccb62df -> 
  custom:scripting/monoscript/fileName/NGUIEditorTools.cs: d90901af91af2c01c54aebc4d4a6fe40 -> 
  custom:scripting/monoscript/fileName/CallbacksHolder.cs: 8b4255bb9b31589c4c3dd9303007381d -> 
Editor requested this worker to shutdown with reason: Scaling down because of idle timeout
TcpMessagingSession - receive error: operation aborted. errorcode: 995, details: The I/O operation has been aborted because of either a thread exit or an application request.
AssetImportWorker is now disconnected from the server
Process exiting
Exiting without the bug reporter. Application will terminate with return code 0