Using pre-set license
Built from '2022.3/respin/2022.3.62f2-4af31df585-v2' branch; Version is '2022.3.62f3 (96770f904ca7) revision 9860879'; Using compiler version '192829333'; Build Type 'Release'
OS: 'Windows 10  (10.0.19045) 64bit Professional' Language: 'en' Physical Memory: 30420 MB
BatchMode: 1, IsHumanControllingUs: 0, StartBugReporterOnCrash: 0, Is64bit: 1, IsPro: 1

COMMAND LINE ARGUMENTS:
C:\Program Files\Unity\Hub\Editor\2022.3.62f3\Editor\Unity.exe
-adb2
-batchMode
-noUpm
-name
AssetImportWorker1
-projectPath
D:/GitHub/PinKeeper
-logFile
Logs/AssetImportWorker1.log
-srvPort
54952
Successfully changed project path to: D:/GitHub/PinKeeper
D:/GitHub/PinKeeper
[UnityMemory] Configuration Parameters - Can be set up in boot.config
    "memorysetup-bucket-allocator-granularity=16"
    "memorysetup-bucket-allocator-bucket-count=8"
    "memorysetup-bucket-allocator-block-size=33554432"
    "memorysetup-bucket-allocator-block-count=8"
    "memorysetup-main-allocator-block-size=16777216"
    "memorysetup-thread-allocator-block-size=16777216"
    "memorysetup-gfx-main-allocator-block-size=16777216"
    "memorysetup-gfx-thread-allocator-block-size=16777216"
    "memorysetup-cache-allocator-block-size=4194304"
    "memorysetup-typetree-allocator-block-size=2097152"
    "memorysetup-profiler-bucket-allocator-granularity=16"
    "memorysetup-profiler-bucket-allocator-bucket-count=8"
    "memorysetup-profiler-bucket-allocator-block-size=33554432"
    "memorysetup-profiler-bucket-allocator-block-count=8"
    "memorysetup-profiler-allocator-block-size=16777216"
    "memorysetup-profiler-editor-allocator-block-size=1048576"
    "memorysetup-temp-allocator-size-main=16777216"
    "memorysetup-job-temp-allocator-block-size=2097152"
    "memorysetup-job-temp-allocator-block-size-background=1048576"
    "memorysetup-job-temp-allocator-reduction-small-platforms=262144"
    "memorysetup-allocator-temp-initial-block-size-main=262144"
    "memorysetup-allocator-temp-initial-block-size-worker=262144"
    "memorysetup-temp-allocator-size-background-worker=32768"
    "memorysetup-temp-allocator-size-job-worker=262144"
    "memorysetup-temp-allocator-size-preload-manager=33554432"
    "memorysetup-temp-allocator-size-nav-mesh-worker=65536"
    "memorysetup-temp-allocator-size-audio-worker=65536"
    "memorysetup-temp-allocator-size-cloud-worker=32768"
    "memorysetup-temp-allocator-size-gi-baking-worker=262144"
    "memorysetup-temp-allocator-size-gfx=262144"
Player connection [40984]  Target information:

Player connection [40984]  * "[IP] 192.168.0.55 [Port] 0 [Flags] 2 [Guid] 1951560972 [EditorId] 1951560972 [Version] 1048832 [Id] WindowsEditor(7,MINISFORUM-795S7) [Debug] 1 [PackageName] WindowsEditor [ProjectName] Editor" 

Player connection [40984] Host joined multi-casting on [225.0.0.222:54997]...
Player connection [40984] Host joined alternative multi-casting on [225.0.0.222:34997]...
Input System module state changed to: Initialized.
[PhysX] Initialized MultithreadedTaskDispatcher with 32 workers.
Refreshing native plugins compatible for Editor in 2.19 ms, found 1 plugins.
Preloading 0 native plugins for Editor in 0.00 ms.
Initialize engine version: 2022.3.62f3 (96770f904ca7)
[Subsystems] Discovering subsystems at path C:/Program Files/Unity/Hub/Editor/2022.3.62f3/Editor/Data/Resources/UnitySubsystems
[Subsystems] Discovering subsystems at path D:/GitHub/PinKeeper/Assets
GfxDevice: creating device client; threaded=0; jobified=0
Direct3D:
    Version:  Direct3D 11.0 [level 11.1]
    Renderer: AMD Radeon RX 6400 (ID=0x743f)
    Vendor:   ATI
    VRAM:     4050 MB
    Driver:   32.0.21037.1004
Initialize mono
Mono path[0] = 'C:/Program Files/Unity/Hub/Editor/2022.3.62f3/Editor/Data/Managed'
Mono path[1] = 'C:/Program Files/Unity/Hub/Editor/2022.3.62f3/Editor/Data/MonoBleedingEdge/lib/mono/unityjit-win32'
Mono config path = 'C:/Program Files/Unity/Hub/Editor/2022.3.62f3/Editor/Data/MonoBleedingEdge/etc'
Using monoOptions --debugger-agent=transport=dt_socket,embedding=1,server=y,suspend=n,address=127.0.0.1:56280
Begin MonoManager ReloadAssembly
Registering precompiled unity dll's ...
Register platform support module: C:/Program Files/Unity/Hub/Editor/2022.3.62f3/Editor/Data/PlaybackEngines/AndroidPlayer/UnityEditor.Android.Extensions.dll
Register platform support module: C:/Program Files/Unity/Hub/Editor/2022.3.62f3/Editor/Data/PlaybackEngines/WindowsStandaloneSupport/UnityEditor.WindowsStandalone.Extensions.dll
Register platform support module: C:/Program Files/Unity/Hub/Editor/2022.3.62f3/Editor/Data/PlaybackEngines/MetroSupport/UnityEditor.UWP.Extensions.dll
Registered in 0.012110 seconds.
- Loaded All Assemblies, in  0.228 seconds
Native extension for UWP target not found
Native extension for WindowsStandalone target not found
Native extension for Android target not found
Android Extension - Scanning For ADB Devices 303 ms
Mono: successfully reloaded assembly
- Finished resetting the current domain, in  0.482 seconds
Domain Reload Profiling: 707ms
	BeginReloadAssembly (69ms)
		ExecutionOrderSort (0ms)
		DisableScriptedObjects (0ms)
		BackupInstance (0ms)
		ReleaseScriptingObjects (0ms)
		CreateAndSetChildDomain (0ms)
	RebuildCommonClasses (19ms)
	RebuildNativeTypeToScriptingClass (6ms)
	initialDomainReloadingComplete (43ms)
	LoadAllAssembliesAndSetupDomain (89ms)
		LoadAssemblies (67ms)
		RebuildTransferFunctionScriptingTraits (0ms)
		AnalyzeDomain (87ms)
			TypeCache.Refresh (86ms)
				TypeCache.ScanAssembly (78ms)
			ScanForSourceGeneratedMonoScriptInfo (0ms)
			ResolveRequiredComponents (0ms)
	FinalizeReload (482ms)
		ReleaseScriptCaches (0ms)
		RebuildScriptCaches (0ms)
		SetupLoadedEditorAssemblies (454ms)
			LogAssemblyErrors (0ms)
			InitializePlatformSupportModulesInManaged (352ms)
			SetLoadedEditorAssemblies (3ms)
			RefreshPlugins (0ms)
			BeforeProcessingInitializeOnLoad (1ms)
			ProcessInitializeOnLoadAttributes (70ms)
			ProcessInitializeOnLoadMethodAttributes (27ms)
			AfterProcessingInitializeOnLoad (0ms)
			EditorAssembliesLoaded (0ms)
		ExecutionOrderSort2 (0ms)
		AwakeInstancesAfterBackupRestoration (0ms)
========================================================================
Worker process is ready to serve import requests
Caller must complete domain reload
Begin MonoManager ReloadAssembly
Assembly 'Assets/Plugins/WP8/OpenIAB_W8Plugin.dll' will not be loaded due to errors:
Unable to resolve reference 'Windows'. Is the assembly missing or incompatible with the current platform?
Reference validation can be disabled in the Plugin Inspector.
- Loaded All Assemblies, in  0.268 seconds
Native extension for UWP target not found
Native extension for WindowsStandalone target not found
Native extension for Android target not found
Mono: successfully reloaded assembly
- Finished resetting the current domain, in  0.189 seconds
Domain Reload Profiling: 455ms
	BeginReloadAssembly (90ms)
		ExecutionOrderSort (0ms)
		DisableScriptedObjects (3ms)
		BackupInstance (0ms)
		ReleaseScriptingObjects (0ms)
		CreateAndSetChildDomain (18ms)
	RebuildCommonClasses (18ms)
	RebuildNativeTypeToScriptingClass (6ms)
	initialDomainReloadingComplete (17ms)
	LoadAllAssembliesAndSetupDomain (135ms)
		LoadAssemblies (175ms)
		RebuildTransferFunctionScriptingTraits (0ms)
		AnalyzeDomain (9ms)
			TypeCache.Refresh (8ms)
				TypeCache.ScanAssembly (4ms)
			ScanForSourceGeneratedMonoScriptInfo (0ms)
			ResolveRequiredComponents (0ms)
	FinalizeReload (189ms)
		ReleaseScriptCaches (0ms)
		RebuildScriptCaches (0ms)
		SetupLoadedEditorAssemblies (122ms)
			LogAssemblyErrors (0ms)
			InitializePlatformSupportModulesInManaged (12ms)
			SetLoadedEditorAssemblies (2ms)
			RefreshPlugins (0ms)
			BeforeProcessingInitializeOnLoad (16ms)
			ProcessInitializeOnLoadAttributes (76ms)
			ProcessInitializeOnLoadMethodAttributes (11ms)
			AfterProcessingInitializeOnLoad (5ms)
			EditorAssembliesLoaded (0ms)
		ExecutionOrderSort2 (0ms)
		AwakeInstancesAfterBackupRestoration (3ms)
Launched and connected shader compiler UnityShaderCompiler.exe after 0.08 seconds
Refreshing native plugins compatible for Editor in 1.10 ms, found 1 plugins.
Preloading 0 native plugins for Editor in 0.00 ms.
Unloading 444 Unused Serialized files (Serialized files now loaded: 0)
Unloading 5 unused Assets / (49.7 KB). Loaded Objects now: 914.
Memory consumption went from 63.8 MB to 63.8 MB.
Total: 1.919600 ms (FindLiveObjects: 0.054300 ms CreateObjectMapping: 0.010500 ms MarkObjects: 1.797400 ms  DeleteObjects: 0.057000 ms)

AssetImportParameters requested are different than current active one (requested -> active):
  custom:container-muxer-webm: aa71ff27fc2769a1b78a27578f13a17b -> 
  custom:video-encoder-webm-vp8: eb34c28f22e8b96e1ab97ce403110664 -> 
  custom:audio-encoder-webm-vorbis: bf7c407c2cedff20999df2af8eb42d56 -> 
  custom:container-demuxer-ogg: 62fdf1f143b41e24485cea50d1cbac27 -> 
  custom:video-decoder-webm-vp8: 9c59270c3fd7afecdb556c50c9e8de78 -> 
  custom:audio-decoder-ogg-vorbis: bf7c407c2cedff20999df2af8eb42d56 -> 
  custom:AudioImporter_EditorPlatform: d09bf68614088b80899f8185d706f6e7 -> 
  custom:video-decoder-ogg-theora: a1e56fd34408186e4bbccfd4996cb3dc -> 
  custom:container-demuxer-webm: 4f35f7cbe854078d1ac9338744f61a02 -> 
  custom:CustomObjectIndexerAttribute: 9a22284fe3817be447336de3de66b15e -> 
  custom:framework-win-MediaFoundation: 216162199b28c13a410421893ffa2e32 -> 
  custom:SearchIndexIgnoredProperties: e643bd26f0fe6173181afceb89e7c659 -> 
========================================================================
Received Import Request.
  Time since last request: 519913.453357 seconds.
  path: Assets/GooglePlayGames/PluginVersion.cs
  artifactKey: Guid(4539142948daf4a26bf9cd6870ffa0b2) Importer(815301076,1909f56bfc062723c751e8b465ee728b)
Start importing Assets/GooglePlayGames/PluginVersion.cs using Guid(4539142948daf4a26bf9cd6870ffa0b2) Importer(815301076,1909f56bfc062723c751e8b465ee728b) [PhysX] Initialized MultithreadedTaskDispatcher with 32 workers.
 -> (artifact id: '75c19b473839fab026ad5890f2300fc7') in 0.001843 seconds
Number of updated asset objects reloaded before import = 0
Number of asset objects unloaded after import = 0
========================================================================
Received Prepare
Caller must complete domain reload
Begin MonoManager ReloadAssembly
Assembly 'Assets/Plugins/WP8/OpenIAB_W8Plugin.dll' will not be loaded due to errors:
Unable to resolve reference 'Windows'. Is the assembly missing or incompatible with the current platform?
Reference validation can be disabled in the Plugin Inspector.
Assembly 'Assets/ExternalDependencyManager/Editor/1.2.179/Google.IOSResolver.dll' will not be loaded due to errors:
Unable to resolve reference 'UnityEditor.iOS.Extensions.Xcode'. Is the assembly missing or incompatible with the current platform?
Reference validation can be disabled in the Plugin Inspector.
- Loaded All Assemblies, in  0.229 seconds
Native extension for UWP target not found
Native extension for WindowsStandalone target not found
Native extension for Android target not found
GPGSUpgrader start
UnityEngine.StackTraceUtility:ExtractStackTrace ()
UnityEngine.DebugLogHandler:LogFormat (UnityEngine.LogType,UnityEngine.Object,string,object[])
UnityEngine.Logger:Log (UnityEngine.LogType,object)
UnityEngine.Debug:Log (object)
GooglePlayGames.Editor.GPGSUpgrader:.cctor () (at Assets/GooglePlayGames/Editor/GPGSUpgrader.cs:38)
System.Runtime.CompilerServices.RuntimeHelpers:RunClassConstructor (System.RuntimeTypeHandle)
UnityEditor.EditorAssemblies:ProcessInitializeOnLoadAttributes (System.Type[])

(Filename: Assets/GooglePlayGames/Editor/GPGSUpgrader.cs Line: 38)

GPGSUpgrader done
UnityEngine.StackTraceUtility:ExtractStackTrace ()
UnityEngine.DebugLogHandler:LogFormat (UnityEngine.LogType,UnityEngine.Object,string,object[])
UnityEngine.Logger:Log (UnityEngine.LogType,object)
UnityEngine.Debug:Log (object)
GooglePlayGames.Editor.GPGSUpgrader:.cctor () (at Assets/GooglePlayGames/Editor/GPGSUpgrader.cs:57)
System.Runtime.CompilerServices.RuntimeHelpers:RunClassConstructor (System.RuntimeTypeHandle)
UnityEditor.EditorAssemblies:ProcessInitializeOnLoadAttributes (System.Type[])

(Filename: Assets/GooglePlayGames/Editor/GPGSUpgrader.cs Line: 57)

Mono: successfully reloaded assembly
- Finished resetting the current domain, in  0.219 seconds
Domain Reload Profiling: 446ms
	BeginReloadAssembly (98ms)
		ExecutionOrderSort (0ms)
		DisableScriptedObjects (10ms)
		BackupInstance (0ms)
		ReleaseScriptingObjects (0ms)
		CreateAndSetChildDomain (16ms)
	RebuildCommonClasses (18ms)
	RebuildNativeTypeToScriptingClass (6ms)
	initialDomainReloadingComplete (17ms)
	LoadAllAssembliesAndSetupDomain (89ms)
		LoadAssemblies (129ms)
		RebuildTransferFunctionScriptingTraits (0ms)
		AnalyzeDomain (10ms)
			TypeCache.Refresh (7ms)
				TypeCache.ScanAssembly (4ms)
			ScanForSourceGeneratedMonoScriptInfo (1ms)
			ResolveRequiredComponents (1ms)
	FinalizeReload (219ms)
		ReleaseScriptCaches (0ms)
		RebuildScriptCaches (0ms)
		SetupLoadedEditorAssemblies (146ms)
			LogAssemblyErrors (0ms)
			InitializePlatformSupportModulesInManaged (12ms)
			SetLoadedEditorAssemblies (2ms)
			RefreshPlugins (0ms)
			BeforeProcessingInitializeOnLoad (17ms)
			ProcessInitializeOnLoadAttributes (101ms)
			ProcessInitializeOnLoadMethodAttributes (10ms)
			AfterProcessingInitializeOnLoad (4ms)
			EditorAssembliesLoaded (0ms)
		ExecutionOrderSort2 (0ms)
		AwakeInstancesAfterBackupRestoration (3ms)
The Editor does not support 32-bit plugins. Assets/NGUI/Editor/x86/FreeType.dylib will not be available.
Refreshing native plugins compatible for Editor in 1.11 ms, found 1 plugins.
Preloading 0 native plugins for Editor in 0.00 ms.
Unloading 320 Unused Serialized files (Serialized files now loaded: 0)
Unloading 181 unused Assets / (288.5 KB). Loaded Objects now: 818.
Memory consumption went from 58.9 MB to 58.6 MB.
Total: 2.179400 ms (FindLiveObjects: 0.061800 ms CreateObjectMapping: 0.008200 ms MarkObjects: 1.873300 ms  DeleteObjects: 0.235300 ms)

Prepare: number of updated asset objects reloaded= 20
AssetImportParameters requested are different than current active one (requested -> active):
  custom:scripting/monoscript/fileName/AdvertisingResult.cs: 8e2a212c467818e474379fef59969421 -> 
  custom:scripting/monoscript/fileName/BMSymbol.cs: 81c0243db6fb127bf6af10574981e063 -> 
  custom:scripting/monoscript/fileName/NGUIMath.cs: b7b7ef944595c21a781302057b9e3f9d -> 
  custom:scripting/monoscript/fileName/IEvent.cs: ad7fbab110cf5a2cd9e5c7aedde2cd1c -> 
  custom:scripting/monoscript/fileName/UIToggle.cs: d815fdf0cb10f9d513c613a1da067cc6 -> 
  custom:video-encoder-webm-vp8: eb34c28f22e8b96e1ab97ce403110664 -> 
  custom:scripting/monoscript/fileName/ByteReader.cs: c4e6f59633bfeda887db99353d554dc9 -> 
  custom:scripting/monoscript/fileName/AnimatedWidget.cs: 551bd0825ec4cf4e359e8097dbb7dc90 -> 
  custom:scripting/precompiled-assembly-types:Google.VersionHandler: af492aa11a371797f35c9b9e2e63f2b9 -> 
  custom:scripting/monoscript/fileName/ConnectionResponse.cs: 2ca105c2e2ecc02b07715437ed5818b5 -> 
  custom:scripting/monoscript/fileName/UIDrawCallViewer.cs: 9c1f583ce208c5f4917b1ad787a7a21e -> 
  custom:scripting/monoscript/fileName/BMFontReader.cs: 4463eb6532eb75b32cdf508beb77c67d -> 
  custom:scripting/monoscript/fileName/ViewBase.cs: d9c88af255177ebec5b4ef2e56852d3a -> 
  custom:scripting/monoscript/fileName/UIStretchEditor.cs: 2e407f51924f143d73f191e55354177f -> 
  custom:scripting/monoscript/fileName/UITooltip.cs: 67602e1ad01f80f1d13fb353c2bb4c41 -> 
  custom:scripting/monoscript/fileName/LeaderboardScoreData.cs: 692c9ede4dbe88ebbfa99295d409bd24 -> 
  custom:scripting/monoscript/fileName/UIDragDropContainer.cs: e8f8b67111c9a6b0b2333827cd9b85bd -> 
  custom:scripting/monoscript/fileName/ScorePageToken.cs: ae39c429aa37cfad76078eed8f3bcdf4 -> 
  custom:scripting/monoscript/fileName/TweenWidth.cs: d7ba5de24abc921cf547c4ccc5f9ed3d -> 
  custom:scripting/monoscript/fileName/UITweener.cs: 1d0f6b6e26dcfbcdc667e17a07004fc9 -> 
  custom:scripting/monoscript/fileName/UIDragScrollView.cs: 2627e1975e7978cf227cd939c570f0a8 -> 
  custom:scripting/monoscript/fileName/NGUIJson.cs: f28e3154ba52396753d2807aa8278b2f -> 
  custom:video-decoder-webm-vp8: 9c59270c3fd7afecdb556c50c9e8de78 -> 
  custom:scripting/monoscript/fileName/SavedGameMetadataUpdate.cs: bc1e6a84bf3859de501fc0126ebbd2ae -> 
  custom:scripting/monoscript/fileName/Md5.cs: 4934954178e81299d08be98be9d3e58f -> 
  custom:scripting/monoscript/fileName/GPGSUtil.cs: 505ced7a05ca78c40c2fad1b53541560 -> 
  custom:scripting/monoscript/fileName/UIStretch.cs: 77ab6405565f362cd0206e79e584880b -> 
  custom:scripting/monoscript/fileName/Card.cs: da364723676a1e7dac174f763723da16 -> 
  custom:scripting/monoscript/fileName/AndroidJavaConverter.cs: b252278e034df37a3db7790062246ac8 -> 
  custom:scripting/monoscript/fileName/MinMaxRangeAttribute.cs: 4318a46eb832123ace03944ec5e619e5 -> 
  custom:scripting/monoscript/fileName/UIScrollBar.cs: 4711e1fa15a55c8f194ca570420909d1 -> 
  custom:scripting/monoscript/fileName/SelectButton.cs: 046f2dd5e0479ab39676ad59af580a51 -> 
  custom:scripting/monoscript/fileName/NearbyConnectionUI.cs: 2081fa82bc293409895cb453499f6de8 -> 
  custom:scripting/monoscript/fileName/UIImageButton.cs: 6dc7b28ea91bb828fbe7cd9d5fe662ed -> 
  custom:scripting/monoscript/fileName/TweenVolume.cs: ae42433aed9734585ab149385a2e80e3 -> 
  custom:scripting/monoscript/fileName/PatternLock.cs: 5e75b7c43c2f70390a13c7fd489ade21 -> 
  custom:scripting/monoscript/fileName/UIButtonActivate.cs: f5e1a22be5a8fc4b9751d7be30520225 -> 
  custom:scripting/monoscript/fileName/EnvelopContent.cs: 3414a1b56f4cff5ae0ba71375e2d3a4d -> 
  custom:scripting/monoscript/fileName/GameButton.cs: ec41d5d8533a954170cacb0aaa250526 -> 
  custom:scripting/monoscript/fileName/UIToggledObjects.cs: 1bf88810437bf974b409c671f24be4d0 -> 
  custom:scripting/monoscript/fileName/UIButtonScale.cs: 74c49ec3ee161dd27538d062f5cbf0d6 -> 
  custom:scripting/monoscript/fileName/UISpriteInspector.cs: 6d9127970341bf438dc27bb31ad9a049 -> 
  custom:scripting/monoscript/fileName/TweenPanel.cs: 1cc3a27568b273b636a2069efc2c7ae0 -> 
  custom:scripting/monoscript/fileName/UIProgressBar.cs: 494b4fcfecd9856396abaf5d8d535cc9 -> 
  custom:scripting/monoscript/fileName/AndroidClient.cs: 622f3c26ea4b05ef3a7d84f5fddb2591 -> 
  custom:scripting/precompiled-assembly-types:Google.PackageManagerResolver: 4d3ba64faf478d3f105d5a37f0ddde42 -> 
  custom:scripting/monoscript/fileName/UIButtonKeysEditor.cs: a39491ecd4f3282f2d7a242eee984812 -> 
  custom:scripting/monoscript/fileName/NGUISelectionTools.cs: 63cd8b699413c190098f4a8a70c4cf44 -> 
  custom:scripting/monoscript/fileName/UIButtonEditor.cs: bc1c4547170d54012c25654de57ae43b -> 
  custom:scripting/monoscript/fileName/ComponentSelector.cs: 7be8decb2625c1ae64b022589fc45d58 -> 
  custom:scripting/monoscript/fileName/UIButtonMessage.cs: 8f53ff1b03761563c74f300d5f0e2f93 -> 
  custom:scripting/monoscript/fileName/CardData.cs: f1e4023737e4704eef1628fd1fc3dd99 -> 
  custom:scripting/monoscript/fileName/UISpriteData.cs: 035b56cf13eb963532ed6d9c197d4f1b -> 
  custom:scripting/monoscript/fileName/TweenPosition.cs: cba3475fb0106a3e605ae8baa0c4a64c -> 
  custom:scripting/monoscript/fileName/UISavedOption.cs: 2b48315035ef4f32247bf27267b7c640 -> 
  custom:scripting/monoscript/fileName/UIGridEditor.cs: 137d00e8fd96b4ca14fbf2e1dfe06802 -> 
  custom:scripting/monoscript/fileName/Player.cs: ae74977d4d699cf2b9122b36e8b53a1a -> 
  custom:scripting/monoscript/fileName/UIScrollViewEditor.cs: 20fe27f8a94a3018a417940c6c01926e -> 
  custom:scripting/monoscript/fileName/TweenColor.cs: 899c64e869173522040eb4a05b858966 -> 
  custom:scripting/monoscript/fileName/NGUIHandles.cs: d72f992180f50b96d5f8fa239d902d9b -> 
  custom:scripting/monoscript/fileName/NGUIEditorExtensions.cs: f5d80a3d5296de6aa3a5dfa39d35dabf -> 
  custom:scripting/monoscript/fileName/UIEventTrigger.cs: 2cbb789551f08d60e6ac2d44a6c8c123 -> 
  custom:scripting/monoscript/fileName/GamesServicesClient.cs: 3c8fdb130d60962f80824bd82a66d074 -> 
  custom:scripting/monoscript/fileName/TypewriterEffectEditor.cs: 6553ce63f1d34d917afaf65a6cf39831 -> 
  custom:scripting/monoscript/fileName/UISprite.cs: 81bb09df372ee90fbaa6a4ae151be4a9 -> 
  custom:scripting/monoscript/fileName/NGUIHelp.cs: dfdf1be2a7d6f51dbf52c4e77c35fc33 -> 
  custom:scripting/monoscript/fileName/UI2DSpriteAnimation.cs: 35002154db25bac1799260a524ac8b3d -> 
  custom:scripting/monoscript/fileName/CardEdit.cs: 71f08cc036ed36ef34eb8d65b1421ced -> 
  custom:scripting/monoscript/fileName/TweenAlpha.cs: d1b9d8db043421cf65be4e027d838d5f -> 
  custom:scripting/monoscript/fileName/PlayGamesLeaderboard.cs: 730c3ea3933e6af731b0240ae5d085ff -> 
  custom:scripting/monoscript/fileName/AndroidTokenClient.cs: 99656452a419d4b9b57b4150736630c2 -> 
  custom:scripting/monoscript/fileName/TokenClient.cs: 70b874cefbfed45f540a516eab539a9e -> 
  custom:scripting/monoscript/fileName/UIEventTriggerEditor.cs: 22670de97d433e2a25061703bb7a86e9 -> 
  custom:scripting/monoscript/fileName/UIAtlasInspector.cs: 1781ef79fcfa379b889e17d445a4e402 -> 
  custom:scripting/monoscript/fileName/UIDragDropItem.cs: 0c50c466c56f782eb40c8fbb496e1441 -> 
  custom:scripting/monoscript/fileName/UIRect.cs: e94afd4a2fcc6384a44f00cc2c25b6c3 -> 
  custom:scripting/monoscript/fileName/NGUITransformInspector.cs: c6bf81d92f0aa23fe074e3b96827c60c -> 
  custom:scripting/monoscript/fileName/UIDragResize.cs: e9215969dfc29f196e082913421f4352 -> 
  custom:scripting/monoscript/fileName/UIEventListener.cs: 7626b08ee50867678c5a82ecbeb86b04 -> 
  custom:scripting/monoscript/fileName/UIPlayTween.cs: 74b2d11331ec60da374ccb93b1e46b6f -> 
  custom:scripting/monoscript/fileName/TweenTransformEditor.cs: bda13f1e1ad289217c624031991c6696 -> 
  custom:scripting/monoscript/fileName/UISlider.cs: 80bdd566a8f50a1cd058945a257bf451 -> 
  custom:scripting/monoscript/fileName/UIPlayTweenEditor.cs: 8023ec336d89aa63566b77eaebd2743c -> 
  custom:scripting/monoscript/fileName/TypewriterEffect.cs: fd37fa138c3ed90a82f3c1def6552d96 -> 
  custom:scripting/monoscript/fileName/NGUIMenu.cs: abaf246d79b4fd46b9b3dfab261a4cf1 -> 
  custom:scripting/monoscript/fileName/UIPlaySound.cs: 86d33ba7d1cd136a68e36d7356016e6b -> 
  custom:scripting/monoscript/fileName/CRandom.cs: 4782f7f8005679f4ddfec003c0009674 -> 
  custom:scripting/monoscript/fileName/CardView.cs: 351ef24ad7a64b206f59f28997be7eca -> 
  custom:scripting/monoscript/fileName/UIInputOnGUI.cs: adcd932c033d9cf7547da5f4c6dbdf48 -> 
  custom:scripting/monoscript/fileName/Event.cs: de3430aa939d03a39b314602c89e442b -> 
  custom:scripting/monoscript/fileName/ISavedGameMetadata.cs: 2ba930ee40b5c4b7beb3ec029b2bde53 -> 
  custom:scripting/monoscript/fileName/UIPopupList.cs: f6dc9e32932c32adb37c73f72960b353 -> 
  custom:scripting/monoscript/fileName/SignInHelper.cs: cb0381fc24664c2ad76deaa02bce3b35 -> 
  custom:scripting/monoscript/fileName/UIPanel.cs: 9f16c05ce05ad3a4a2de4d5674012331 -> 
  custom:scripting/monoscript/fileName/LanguageSelection.cs: 246f6670b200e0bd99127dba76294bc2 -> 
  custom:scripting/monoscript/fileName/UIOrthoCamera.cs: cb8f78c44b992a580368163501ddbf0d -> 
  custom:scripting/monoscript/fileName/OpenIABClient.cs: 8b0ee76d9b4811c2ec2579fdd6a8aa7f -> 
  custom:scripting/monoscript/fileName/TweenWidthEditor.cs: d68171b583c6a3458268a111082294be -> 
  custom:scripting/monoscript/fileName/IEventsClient.cs: df75b65e8a2f4eedd3c75ce719331977 -> 
  custom:scripting/monoscript/fileName/GPGSUpgrader.cs: 8521997bf017854e82cfe90f7fbd9aec -> 
  custom:scripting/monoscript/fileName/UIButtonRotation.cs: 22a61728611fb39b738a07c156acc369 -> 
  custom:scripting/monoscript/fileName/NearbyConnectionClientFactory.cs: 9a529d7823fa4d5f482bbdc0557347fc -> 
  custom:scripting/monoscript/fileName/PlayerProfile.cs: eaedd008867e17d93ba2b97779ebd7cf -> 
  custom:scripting/monoscript/fileName/UICenterOnClick.cs: e48f3d2bda5604eaef7831b53fe26111 -> 
  custom:scripting/monoscript/fileName/AndroidVideoClient.cs: 76a983f69777a21c04d4f224991e19e2 -> 
  custom:scripting/monoscript/fileName/EndpointDetails.cs: 2dcb55edadfd4c737fb9de806546f03d -> 
  custom:scripting/monoscript/fileName/UISpriteAnimationInspector.cs: 96224beb6b511679e38c2c96dfa093e6 -> 
  custom:scripting/monoscript/fileName/MinMaxRangeAttributeDrawer.cs: c4b43a9a267615e93143878492bce408 -> 
  custom:scripting/monoscript/fileName/Storage.cs: bed7cd374cd2f27831e315b7f47ee677 -> 
  custom:scripting/monoscript/fileName/UITexturePacker.cs: 53a111a30e9b31a5b6a43e4433078b14 -> 
  custom:scripting/monoscript/fileName/CaptureOverlayStateListener.cs: 8963a0d283c8ac78c6b1d7698d98777f -> 
  custom:scripting/monoscript/fileName/UIPrefabTool.cs: 5233090f53f655231152de75111a33bd -> 
  custom:scripting/monoscript/fileName/UIDraggableCamera.cs: 56e75439f33159b0b1576e7509968fc3 -> 
  custom:audio-decoder-ogg-vorbis: bf7c407c2cedff20999df2af8eb42d56 -> 
  custom:scripting/monoscript/fileName/TweenVolumeEditor.cs: 1f755e7b401527ac93686205fb255940 -> 
  custom:scripting/monoscript/fileName/Serializer.cs: 9384f2b35f0f487f63f76940fb4309a8 -> 
  custom:scripting/monoscript/fileName/UIInput.cs: ce829dca34f7f44ad26565290bd75a54 -> 
  custom:scripting/monoscript/fileName/UICreateNewUIWizard.cs: a3a01343bb9d7c65a399518e16c15aa8 -> 
  custom:scripting/monoscript/fileName/Misc.cs: 9657932ef5e42bf3803800c7001316c6 -> 
  custom:scripting/monoscript/fileName/Profile.cs: 8a860443a61edc7453ef3dd1b0cdb699 -> 
  custom:scripting/monoscript/fileName/UICameraEditor.cs: a6517a0ae7c939bf04f75943ae5b504f -> 
  custom:scripting/monoscript/fileName/UIDragDropRoot.cs: 112a97c46b67dfff37c3103475acb774 -> 
  custom:scripting/monoscript/fileName/NGUIDebug.cs: 1e3fa802078bac2c988b630d05874bc8 -> 
  custom:scripting/monoscript/fileName/UITextureInspector.cs: 90538f3ac43b879bbca024b380b5981c -> 
  custom:scripting/monoscript/fileName/UICamera.cs: b3020f8b15d595faad76227d794ce799 -> 
  custom:scripting/monoscript/fileName/UIButtonMessageEditor.cs: c68798a6b45e4bf50525622c070e627a -> 
  custom:video-decoder-ogg-theora: a1e56fd34408186e4bbccfd4996cb3dc -> 
  custom:scripting/monoscript/fileName/UIImageButtonInspector.cs: 9b311fdf84e5b225dcefbe81a85caf07 -> 
  custom:scripting/monoscript/fileName/PlayGamesUserProfile.cs: b3668856aca011e743f4a7d60fa395fd -> 
  custom:scripting/precompiled-assembly-types:Assembly-CSharp: 54e543295d3ad04b91d4c2d99070f6f5 -> 
  custom:scripting/monoscript/fileName/AnimatedAlpha.cs: bac31a5f8f53bdc197e78a623c9b52a0 -> 
  custom:scripting/monoscript/fileName/DebugConsole.cs: d53a29466497d1f9fd76c5bde3b40738 -> 
  custom:scripting/monoscript/fileName/UIAnchorEditor.cs: 8b56c49bbcd9fae229320cfea4e274a6 -> 
  custom:scripting/monoscript/fileName/NearbyHelperObject.cs: ccf41a75cd0cb7900daafc814c343a44 -> 
  custom:scripting/monoscript/fileName/UIBasicSprite.cs: f4c96275a0ccbf48cca6e46c3b873823 -> 
  custom:scripting/monoscript/fileName/PlayGamesClientConfiguration.cs: cbda80d08c4fad2108cf8d499a4ce6cd -> 
  custom:scripting/monoscript/fileName/B64X.cs: 3ac1e42c196f400b484d683a5f0afd75 -> 
  custom:scripting/monoscript/fileName/UIRootEditor.cs: c14715b7eb7373d0dbec3804cc4a0fd1 -> 
  custom:scripting/monoscript/fileName/AES.cs: 34df2ff42e08a5051480297ceee97ceb -> 
  custom:scripting/monoscript/fileName/TweenColorEditor.cs: 6506b396aaaf7f687704a81f470b8aae -> 
  custom:scripting/monoscript/fileName/PlatformUtils.cs: dbff6ae7e1009a480ae718fcca723385 -> 
  custom:scripting/monoscript/fileName/TweenFOV.cs: cc356dc317c133fa1f52722c400ab7e8 -> 
  custom:scripting/monoscript/fileName/Engine.cs: d0617207605a88be881b15ef18306b04 -> 
  custom:scripting/monoscript/fileName/UIToggledComponents.cs: 09c45d9d47ddf34196a0ee07722cb8e8 -> 
  custom:scripting/monoscript/fileName/UIForwardEventsEditor.cs: 129cf77bc1a99a8b9a27cb37cf41b996 -> 
  custom:scripting/monoscript/fileName/SpringPanel.cs: 4def0f0830fed06c99e42d5b3a56d6c2 -> 
  custom:scripting/monoscript/fileName/UIRectEditor.cs: 2d20bdb8a5e58c77d358363fa4527028 -> 
  custom:scripting/monoscript/fileName/INearbyConnectionClient.cs: bbad27163196b787a8e5d304725ca27e -> 
  custom:scripting/monoscript/fileName/NGUIText.cs: 3eb744220b2c46c0ca97dc76aa88a941 -> 
  custom:scripting/monoscript/fileName/UIAtlas.cs: 160e4161d9df00b79bd59efee5b117c9 -> 
  custom:scripting/monoscript/fileName/TweenTransform.cs: efdc47dc167b6e67f73e7354ce7c524a -> 
  custom:scripting/monoscript/fileName/GPGSProjectSettings.cs: f428214e4ec8abb7d5ea4bd8a06d1f8e -> 
  custom:scripting/monoscript/fileName/UIWrapContent.cs: 17176783ad986276f1d7b2fa311b97c3 -> 
  custom:scripting/monoscript/fileName/AndroidSnapshotMetadata.cs: 8a0aec66cc637a4c0fdfe16106a5608e -> 
  custom:scripting/monoscript/fileName/TweenHeight.cs: 92394df033c23e9fd79c7381d3302578 -> 
  custom:scripting/monoscript/fileName/PlayGamesAchievement.cs: 2cc796da06ab20c9c2704b2888e134e0 -> 
  custom:scripting/monoscript/fileName/iVideoClient.cs: e75247745889906fa81829d289e64e3b -> 
  custom:scripting/monoscript/fileName/RotationHelper.cs: 87beb2da9498fa31188911229394eeb0 -> 
  custom:scripting/monoscript/fileName/NGUITools.cs: 5f4de3785bf631567c6f81c5390b54a7 -> 
  custom:scripting/monoscript/fileName/TweenAlphaEditor.cs: f739fb8f5f2ebc28db06228f3e9237e1 -> 
  custom:scripting/monoscript/fileName/TweenFOVEditor.cs: 58402b0950a93f072ae90857e97ad3ca -> 
  custom:scripting/monoscript/fileName/UITable.cs: 3e0dff75ea4525bcc87e336912f3eef5 -> 
  custom:scripting/monoscript/fileName/UIButton.cs: eb2c82f74ea0a4f74be09542cc86092b -> 
  custom:scripting/monoscript/fileName/UITextList.cs: 44e20a733fc3f19283d61845f0ada688 -> 
  custom:scripting/monoscript/fileName/UIKeyNavigation.cs: 639ff35a0a0434939839a69bd6ed282f -> 
  custom:scripting/monoscript/fileName/SpringPosition.cs: b0b8b44fff9e06660f73d7c0bfd9ac82 -> 
  custom:scripting/monoscript/fileName/VideoCapabilities.cs: 9c624cbed443e8220c35d5da43eec58e -> 
  custom:scripting/monoscript/fileName/NGUISnap.cs: 8c2d7d4e091cbd83fdc9c9342cdd7b48 -> 
  custom:scripting/monoscript/fileName/ColorHelper.cs: 438028ff52c89509f38281463b74fa11 -> 
  custom:scripting/monoscript/fileName/GPGSIds.cs: ca9bc32122f555cb76ec026f1c336068 -> 
  custom:audio-encoder-webm-vorbis: bf7c407c2cedff20999df2af8eb42d56 -> 
  custom:scripting/monoscript/fileName/AndroidHelperFragment.cs: 1f2e058b49a85946b8a25a4bff14ddeb -> 
  custom:scripting/monoscript/fileName/UIKeyBinding.cs: 56809e0feb36a320f0c0bb134cfc77fc -> 
  custom:scripting/monoscript/fileName/UIFontMaker.cs: 2d035cfd176aa128b5ce592f25967691 -> 
  custom:scripting/monoscript/fileName/UIButtonOffset.cs: 9ae3f8fb22cad69339f6c14dd6693c56 -> 
  custom:scripting/monoscript/fileName/UICameraTool.cs: 5996a6978990dcfe75e6c4f878f9b3b1 -> 
  custom:scripting/monoscript/fileName/UIPanelTool.cs: 15ddff5ad7832c305266609b6f47e2e0 -> 
  custom:scripting/monoscript/fileName/UIWrapContentEditor.cs: 276b33b4b9abc0224f01648a8bf0c4ad -> 
  custom:scripting/monoscript/fileName/UIRoot.cs: c8509021f30ac2e6379e5d5ab02e1834 -> 
  custom:scripting/monoscript/fileName/UIGrid.cs: 9be26f8db7d711689a46a4bf454f11d5 -> 
  custom:scripting/monoscript/fileName/UIButtonColor.cs: fb9ad2fb817035e2912cc0150ee4edec -> 
  custom:scripting/monoscript/fileName/UILabelInspector.cs: 58527579bf367a2123e00d10f10629e5 -> 
  custom:scripting/monoscript/fileName/Base64.cs: 3334fc9c177af7e29943d254bb32b196 -> 
  custom:scripting/monoscript/fileName/UIColorPickerEditor.cs: 31d20128f82a847fabc3f6b195cb29ab -> 
  custom:scripting/monoscript/fileName/ProtectedValue.cs: 16d4dfc5971bbee60844fc92cb049f3b -> 
  custom:scripting/monoscript/fileName/UIKeyNavigationEditor.cs: c85ddc0742989cddcb8d0c0d8b822bb4 -> 
  custom:scripting/monoscript/fileName/TweenRotation.cs: 5e9a32e29d2829b51b639c733206ee6b -> 
  custom:scripting/monoscript/fileName/UIFontInspector.cs: 47697aaa553f5f25f921e9d3df4543c9 -> 
  custom:scripting/monoscript/fileName/NearbyConnectionConfiguration.cs: 37b22c38ad06f22daaffc0fe47f0dd07 -> 
  custom:scripting/monoscript/fileName/UIProgressBarEditor.cs: 027c84350dfdc51f2c7bf3d5a1208668 -> 
  custom:scripting/monoscript/fileName/UIButtonColorEditor.cs: d9745401eb00af34026d0827cea7498f -> 
  custom:scripting/monoscript/fileName/TweenRotationEditor.cs: 64662ea41fcbb8c5982b7d3af1c7470c -> 
  custom:scripting/monoscript/fileName/UITexture.cs: 1d7d0730a68285c89aeb639b92c62e03 -> 
  custom:scripting/monoscript/fileName/TweenPositionEditor.cs: fe1fc199afcd3d50b752c4f8f16e4f37 -> 
  custom:scripting/monoscript/fileName/SpriteSelector.cs: 3805059da03bf6e8759999b08df3b0bc -> 
  custom:scripting/monoscript/fileName/UISnapshotPoint.cs: ea62a7a7d1c35b2adbd7eb84d5031564 -> 
  custom:scripting/monoscript/fileName/UIColorPicker.cs: f6b1ede632dd3e779c2a9cf28190398c -> 
  custom:scripting/precompiled-assembly-types:Assembly-CSharp-Editor: 5aa3623a2d0fb88c336340dbf3eeb93a -> 
  custom:container-demuxer-webm: 4f35f7cbe854078d1ac9338744f61a02 -> 
  custom:scripting/monoscript/fileName/UIWidget.cs: 3fc721c62137c109d3b90fcaa4ff4920 -> 
  custom:scripting/monoscript/fileName/ConnectionRequest.cs: 3e19a3c7794e5ef65de7349c45a22c17 -> 
  custom:scripting/monoscript/fileName/RealTime.cs: 0cd598bb2da74d2315435fc4923a60a2 -> 
  custom:scripting/monoscript/fileName/AndroidNearbyConnectionClient.cs: 4c1a4fddfc2b902e44184f36d654e88b -> 
  custom:scripting/monoscript/fileName/TaskScheduler.cs: d9f18cbf9ef3f2ebb033bf4673b657cf -> 
  custom:scripting/monoscript/fileName/GameShop.cs: ea161b395710f47ae2b071ac42606969 -> 
  custom:scripting/monoscript/fileName/AnimatedColor.cs: 91750836901fa45527cebf2c470446fd -> 
  custom:scripting/monoscript/fileName/AndroidSavedGameClient.cs: cdcaac82abe6dec9df609757cc9ed81b -> 
  custom:scripting/monoscript/fileName/UISnapshotPointEditor.cs: bbc3a662ad2e27d2bb3e165e173b7781 -> 
  custom:scripting/monoscript/fileName/UIScrollView.cs: c923bd63a76d06b3af816ef0dc9d178d -> 
  custom:scripting/monoscript/fileName/UICenterOnChild.cs: c4b2f5e453989c54892901705a43d872 -> 
  custom:scripting/monoscript/fileName/TweenOrthoSize.cs: ab4130486613cfac088d5968c85d34ee -> 
  custom:scripting/monoscript/fileName/GPGSPostBuild.cs: 78a9e1706a07088f3a16f5a5223e35eb -> 
  custom:scripting/monoscript/fileName/UIDragObject.cs: 45b729a90a5705d6a6d1c35773ad88e9 -> 
  custom:scripting/monoscript/fileName/TouchSlider.cs: 86645e8d1721c993ee689e8285aa0c5b -> 
  custom:scripting/monoscript/fileName/GameInfo.cs: 07fa963f30736b438b6ae131177e21e5 -> 
  custom:SearchIndexIgnoredProperties: e643bd26f0fe6173181afceb89e7c659 -> 
  custom:scripting/monoscript/fileName/BMGlyph.cs: 6543d0f6c8390165105d129eb1ef4953 -> 
  custom:scripting/monoscript/fileName/DummyNearbyConnectionClient.cs: 59221e562a8c48562f0c9cb2f1a7c274 -> 
  custom:scripting/monoscript/fileName/VideoCaptureState.cs: 95378a566a2d79db250c843eae350dfb -> 
  custom:scripting/monoscript/fileName/UIWidgetContainer.cs: 9e358427bbe53be1319f16e3dc4f47e5 -> 
  custom:scripting/monoscript/fileName/BetterList.cs: 90647cc400823b41df847a6cbfc29026 -> 
  custom:scripting/monoscript/fileName/EventDelegateDrawer.cs: c6ca23e042ca490a03fb928b61b8b77f -> 
  custom:scripting/monoscript/fileName/UISpriteAnimation.cs: a9d24d8c09ba9a74287fbca317f99202 -> 
  custom:scripting/monoscript/fileName/UIBasicSpriteEditor.cs: 8e65aff9b6833dd08fe7f20d50184f61 -> 
  custom:scripting/monoscript/fileName/UIFont.cs: d635a9d6080af608e0c469259825c204 -> 
  custom:scripting/monoscript/fileName/PlanformDependedSettings.cs: 71932e9b05badb23768c4bcd0ca060d6 -> 
  custom:scripting/monoscript/fileName/Script.cs: 12b9e13c0a7632258c6f1f7e543a5a1c -> 
  custom:scripting/monoscript/fileName/PropertyReference.cs: 2d71b4b10e12fb21a0d35ed453b38171 -> 
  custom:scripting/monoscript/fileName/UIDragCamera.cs: 62e252121bf8f670211bb40b090b8d8c -> 
  custom:scripting/monoscript/fileName/UIAtlasMaker.cs: f5d627f0300584a9992a401e9c884f80 -> 
  custom:scripting/monoscript/fileName/PlayGamesLocalUser.cs: 9045fc915278ce40a01ceb6cb6ffa7e7 -> 
  custom:scripting/monoscript/fileName/FreeType.cs: b7c0590afcfd5ecd906dccabd882eaaf -> 
  custom:scripting/monoscript/fileName/IPlayGamesClient.cs: 1ad719d32c31a6809c48b983027e2d07 -> 
  custom:container-muxer-webm: aa71ff27fc2769a1b78a27578f13a17b -> 
  custom:scripting/monoscript/fileName/B64R.cs: 23e3382cf16a0b7f8b67f4483dfd418d -> 
  custom:scripting/monoscript/fileName/AndroidEventsClient.cs: 8b70cd2b807ca35121dc023fb57e39f7 -> 
  custom:scripting/monoscript/fileName/TweenHeightEditor.cs: 8e754199c964d806aa2caf0bd6c809bd -> 
  custom:scripting/monoscript/fileName/UIButtonKeys.cs: fb3f3ea5973f0c7e3150cf98be284686 -> 
  custom:scripting/monoscript/fileName/ISavedGameClient.cs: d608dd17c2cf0d77e53d24bf3e80b961 -> 
  custom:scripting/monoscript/fileName/UIShowControlScheme.cs: fcf03e3016607de138868f2393915f83 -> 
  custom:scripting/monoscript/fileName/ByteHelper.cs: c2d92033faf8b759afcdfaedc70a9509 -> 
  custom:scripting/monoscript/fileName/UITweenerEditor.cs: 33c6ca09e0bf044468c7bb88266e0532 -> 
  custom:scripting/monoscript/fileName/UIWidgetInspector.cs: 9d556b41c48110503cd35a23f58373e5 -> 
  custom:scripting/monoscript/fileName/UIPlayAnimationEditor.cs: 2b2d6a04779996dc9ba4f60ba9a87db7 -> 
  custom:scripting/monoscript/fileName/Logger.cs: 6c47204b9fd949d7c4c60eac633cb240 -> 
  custom:scripting/monoscript/fileName/PlayerStats.cs: cea33817bc59207de0a5be12e2f79424 -> 
  custom:scripting/monoscript/fileName/Extensions.cs: 3b5a91ff96ce2c98c5a0e6a4e3d30340 -> 
  custom:scripting/monoscript/fileName/UICreateWidgetWizard.cs: f6fcb5de3b5378f74a96c101307b2287 -> 
  custom:scripting/precompiled-assembly-types:Google.VersionHandlerImpl: fa759366e6c1067122c591c441b6650c -> 
  custom:scripting/monoscript/fileName/NGUIContextMenu.cs: b320536d70b65ec390b336bb444bb048 -> 
  custom:scripting/monoscript/fileName/GPGSAndroidSetupUI.cs: c299773a5712855c9e004184cd15df09 -> 
  custom:scripting/monoscript/fileName/UIAnchor.cs: 18779077bc54816d6b85f01894bd6b39 -> 
  custom:scripting/monoscript/fileName/UI2DSpriteEditor.cs: 3fb9768dc6802b3b4a7930dc78afa73c -> 
  custom:scripting/monoscript/fileName/LockBase.cs: 14819b34acbc39b5f06868eb9966dc66 -> 
  custom:container-demuxer-ogg: 62fdf1f143b41e24485cea50d1cbac27 -> 
  custom:scripting/monoscript/fileName/UISliderEditor.cs: 4441b536e14f4147ff2d4af73dedcd2a -> 
  custom:scripting/monoscript/fileName/GPGSDocsUI.cs: 705e49df51da94d0c953d8fe3e0f8001 -> 
  custom:scripting/monoscript/fileName/TweenScale.cs: f2b02a0768010ca500d463b9068e5cd3 -> 
  custom:scripting/monoscript/fileName/UIDrawCallInspector.cs: 359616bdc2ab425ce446d8a220e42d2e -> 
  custom:scripting/monoscript/fileName/Cloud.cs: 4002f15ca028c74791216b8484dc14be -> 
  custom:AudioImporter_EditorPlatform: d09bf68614088b80899f8185d706f6e7 -> 
  custom:scripting/monoscript/fileName/PluginVersion.cs: f2f7d8279b922a92d52d004c8b6724f5 -> 
  custom:scripting/monoscript/fileName/CardSlot.cs: c307676f29adc43a66beb8621afc30e0 -> 
  custom:scripting/monoscript/fileName/CommonTypes.cs: 60dc8a0e07d863d523b691764a3213ea -> 
  custom:scripting/monoscript/fileName/UISoundVolume.cs: 982f1c204d222800f1236dbe43bb8ad0 -> 
  custom:scripting/monoscript/fileName/TweenFill.cs: 5f10def1f15341f6a8867159b3ef8d1c -> 
  custom:scripting/monoscript/fileName/UILabel.cs: 3020631aca05ae97ebc18b2cec44f76f -> 
  custom:scripting/monoscript/fileName/UIForwardEvents.cs: 5451434ddc8c685fe01572d8ff4f16cb -> 
  custom:scripting/monoscript/fileName/EventDelegateEditor.cs: 09e6bec53aa3b1e6fdfc5d2f2af2ec17 -> 
  custom:scripting/monoscript/fileName/PropertyReferenceDrawer.cs: 3db96870517289c91130d9364657501c -> 
  custom:scripting/monoscript/fileName/UIPopupListInspector.cs: cbd89ecbbe034bc5b98b46f2adb60971 -> 
  custom:scripting/monoscript/fileName/DummyClient.cs: d06457f579622d5ee55c8bdb0a05ee67 -> 
  custom:scripting/monoscript/fileName/UILocalizeEditor.cs: 765410ffd78f43895874a8e3d650d541 -> 
  custom:scripting/monoscript/fileName/Localization.cs: 9527f4382a50beee4e5842fef29ca30b -> 
  custom:scripting/precompiled-assembly-types:Google.JarResolver: df0f221c4485c33ea69649239d6744a2 -> 
  custom:scripting/monoscript/fileName/PlayGamesClientFactory.cs: 6decc7e06b28b64e5bcb77e0ca83cf96 -> 
  custom:scripting/monoscript/fileName/ActiveAnimationEditor.cs: 34d113f49af27a7dd1cbdec0d69d239c -> 
  custom:scripting/monoscript/fileName/GPGSStrings.cs: dd86a8ea956b4282a8ef6d6946ddceef -> 
  custom:scripting/monoscript/fileName/UIInputEditor.cs: e30bc66ae70a33a0393f3c9b8d66d729 -> 
  custom:scripting/monoscript/fileName/UIGeometry.cs: aaec24af1fa5e17fffd91b4166f03af5 -> 
  custom:scripting/monoscript/fileName/UI2DSprite.cs: a547c4afec91ff2e7e380d908e0757a7 -> 
  custom:scripting/monoscript/fileName/AndroidTaskUtils.cs: fad394034cf593abfad08b9b56ca1bf1 -> 
  custom:CustomObjectIndexerAttribute: 9a22284fe3817be447336de3de66b15e -> 
  custom:scripting/monoscript/fileName/PlayGamesPlatform.cs: d782f6ab2da5137f285f22a6872852b0 -> 
  custom:scripting/monoscript/fileName/ActiveAnimation.cs: 3fbbf56e13c4edc0479f4b8117d25877 -> 
  custom:scripting/monoscript/fileName/UILocalize.cs: 23e462d28611f1083afa5a9e14f30acf -> 
  custom:scripting/monoscript/fileName/TweenLetters.cs: d646d8730a3fe071f9b514555b87849c -> 
  custom:scripting/monoscript/fileName/UIScrollBarEditor.cs: 5d93f4e728d13c66a072b29679973204 -> 
  custom:scripting/monoscript/fileName/PlayGamesScore.cs: 8209a8f70c7e9183ce57ac5dd0704cab -> 
  custom:scripting/monoscript/fileName/UIPanelInspector.cs: a3be8f974620ff4bd881b12b6d3aacf3 -> 
  custom:scripting/monoscript/fileName/UIWidgetContainerEditor.cs: 5d21b074689569c756a1c62572e805f6 -> 
  custom:scripting/monoscript/fileName/PlayGamesHelperObject.cs: c10c45392870dd1d957c11994e8b81f3 -> 
  custom:framework-win-MediaFoundation: 216162199b28c13a410421893ffa2e32 -> 
  custom:scripting/monoscript/fileName/UIDrawCall.cs: 2bea9a6f7468ddd9b6f5795ccb24533d -> 
  custom:scripting/monoscript/fileName/UIToggleInspector.cs: 00d93de17cc7f6bd5f8e0b20d03f0f76 -> 
  custom:scripting/monoscript/fileName/Achievement.cs: 60d0ae0afd3e93570982eda07eaec834 -> 
  custom:scripting/monoscript/fileName/PropertyBindingEditor.cs: 54b4091e704e8c092dd41aa607d14b33 -> 
  custom:scripting/monoscript/fileName/UIPlayAnimation.cs: 4361c5b88c0dd2eda4a24b082791b8d7 -> 
  custom:scripting/monoscript/fileName/BMFont.cs: 5d81f803d8c16b3e4b35f4caf6e85d9f -> 
  custom:scripting/monoscript/fileName/EventDelegate.cs: 909fb0779953229957f4718ab3ad2bbd -> 
  custom:scripting/monoscript/fileName/PropertyBinding.cs: ec4c23c83d917186848586b57d7f6747 -> 
  custom:scripting/monoscript/fileName/PinKeyboard.cs: 171cbdf35a4432d968a9f4ab05853145 -> 
  custom:scripting/monoscript/fileName/NGUISettings.cs: 9c99bf135a611e796eaf335d133d936a -> 
  custom:scripting/monoscript/fileName/UIDragObjectEditor.cs: 89fbdf71d495e2fad97741306b5e4480 -> 
  custom:scripting/monoscript/fileName/TweenOrthoSizeEditor.cs: 1cb42f77298c97617452715bf1c88f69 -> 
  custom:scripting/monoscript/fileName/UIViewport.cs: 6ac39b3be7aec85f7763203bf3865c99 -> 
  custom:scripting/monoscript/fileName/PrefabsHelper.cs: 3ccee458621e53b93253d5eb6e25731e -> 
  custom:scripting/monoscript/fileName/NGUIEditorTools.cs: d90901af91af2c01c54aebc4d4a6fe40 -> 
  custom:scripting/monoscript/fileName/TweenScaleEditor.cs: ba8f4693282c0200f0d11a3d8272d48a -> 
========================================================================
Received Prepare
Caller must complete domain reload
Begin MonoManager ReloadAssembly
Assembly 'Assets/ExternalDependencyManager/Editor/1.2.179/Google.IOSResolver.dll' will not be loaded due to errors:
Unable to resolve reference 'UnityEditor.iOS.Extensions.Xcode'. Is the assembly missing or incompatible with the current platform?
Reference validation can be disabled in the Plugin Inspector.
- Loaded All Assemblies, in  0.232 seconds
Native extension for UWP target not found
Native extension for WindowsStandalone target not found
Native extension for Android target not found
GPGSUpgrader start
UnityEngine.StackTraceUtility:ExtractStackTrace ()
UnityEngine.DebugLogHandler:LogFormat (UnityEngine.LogType,UnityEngine.Object,string,object[])
UnityEngine.Logger:Log (UnityEngine.LogType,object)
UnityEngine.Debug:Log (object)
GooglePlayGames.Editor.GPGSUpgrader:.cctor () (at Assets/GooglePlayGames/Editor/GPGSUpgrader.cs:38)
System.Runtime.CompilerServices.RuntimeHelpers:RunClassConstructor (System.RuntimeTypeHandle)
UnityEditor.EditorAssemblies:ProcessInitializeOnLoadAttributes (System.Type[])

(Filename: Assets/GooglePlayGames/Editor/GPGSUpgrader.cs Line: 38)

GPGSUpgrader done
UnityEngine.StackTraceUtility:ExtractStackTrace ()
UnityEngine.DebugLogHandler:LogFormat (UnityEngine.LogType,UnityEngine.Object,string,object[])
UnityEngine.Logger:Log (UnityEngine.LogType,object)
UnityEngine.Debug:Log (object)
GooglePlayGames.Editor.GPGSUpgrader:.cctor () (at Assets/GooglePlayGames/Editor/GPGSUpgrader.cs:57)
System.Runtime.CompilerServices.RuntimeHelpers:RunClassConstructor (System.RuntimeTypeHandle)
UnityEditor.EditorAssemblies:ProcessInitializeOnLoadAttributes (System.Type[])

(Filename: Assets/GooglePlayGames/Editor/GPGSUpgrader.cs Line: 57)

Mono: successfully reloaded assembly
- Finished resetting the current domain, in  0.530 seconds
Domain Reload Profiling: 761ms
	BeginReloadAssembly (92ms)
		ExecutionOrderSort (0ms)
		DisableScriptedObjects (4ms)
		BackupInstance (0ms)
		ReleaseScriptingObjects (0ms)
		CreateAndSetChildDomain (16ms)
	RebuildCommonClasses (19ms)
	RebuildNativeTypeToScriptingClass (6ms)
	initialDomainReloadingComplete (17ms)
	LoadAllAssembliesAndSetupDomain (97ms)
		LoadAssemblies (132ms)
		RebuildTransferFunctionScriptingTraits (0ms)
		AnalyzeDomain (15ms)
			TypeCache.Refresh (12ms)
				TypeCache.ScanAssembly (7ms)
			ScanForSourceGeneratedMonoScriptInfo (2ms)
			ResolveRequiredComponents (1ms)
	FinalizeReload (530ms)
		ReleaseScriptCaches (0ms)
		RebuildScriptCaches (0ms)
		SetupLoadedEditorAssemblies (161ms)
			LogAssemblyErrors (0ms)
			InitializePlatformSupportModulesInManaged (13ms)
			SetLoadedEditorAssemblies (3ms)
			RefreshPlugins (0ms)
			BeforeProcessingInitializeOnLoad (23ms)
			ProcessInitializeOnLoadAttributes (106ms)
			ProcessInitializeOnLoadMethodAttributes (11ms)
			AfterProcessingInitializeOnLoad (4ms)
			EditorAssembliesLoaded (0ms)
		ExecutionOrderSort2 (0ms)
		AwakeInstancesAfterBackupRestoration (3ms)
The Editor does not support 32-bit plugins. Assets/NGUI/Editor/x86/FreeType.dylib will not be available.
Refreshing native plugins compatible for Editor in 6.34 ms, found 1 plugins.
Preloading 0 native plugins for Editor in 0.00 ms.
Unloading 644 Unused Serialized files (Serialized files now loaded: 0)
Unloading 12 unused Assets / (202.1 KB). Loaded Objects now: 1146.
Memory consumption went from 65.9 MB to 65.7 MB.
Total: 1.721500 ms (FindLiveObjects: 0.059700 ms CreateObjectMapping: 0.009100 ms MarkObjects: 1.556000 ms  DeleteObjects: 0.096200 ms)

Prepare: number of updated asset objects reloaded= 0
AssetImportParameters requested are different than current active one (requested -> active):
  custom:scripting/monoscript/fileName/TypeCacheHelper.cs: c0779edd603459dc3742274167d572b5 -> 
  custom:scripting/monoscript/fileName/AdvertisingResult.cs: 8e2a212c467818e474379fef59969421 -> 
  custom:scripting/monoscript/fileName/BMSymbol.cs: 81c0243db6fb127bf6af10574981e063 -> 
  custom:scripting/monoscript/fileName/NGUIMath.cs: b7b7ef944595c21a781302057b9e3f9d -> 
  custom:scripting/monoscript/fileName/IEvent.cs: ad7fbab110cf5a2cd9e5c7aedde2cd1c -> 
  custom:scripting/monoscript/fileName/UnityTestAssemblyRunner.cs: 6329fd25aa4b3ce344b8f9506a5c2047 -> 
  custom:video-encoder-webm-vp8: eb34c28f22e8b96e1ab97ce403110664 -> 
  custom:scripting/monoscript/fileName/ByteReader.cs: c4e6f59633bfeda887db99353d554dc9 -> 
  custom:scripting/monoscript/fileName/AnimatedWidget.cs: 551bd0825ec4cf4e359e8097dbb7dc90 -> 
  custom:scripting/precompiled-assembly-types:Google.VersionHandler: af492aa11a371797f35c9b9e2e63f2b9 -> 
  custom:scripting/monoscript/fileName/ITestPlayerBuildModifier.cs: fe113c86bde5fdad424c8cc5e51fe0a4 -> 
  custom:scripting/monoscript/fileName/UdpSocket.cs: 7555d065f81d23e6604acb91cf79ddd6 -> 
  custom:scripting/monoscript/fileName/BMFontReader.cs: 4463eb6532eb75b32cdf508beb77c67d -> 
  custom:scripting/monoscript/fileName/GeneratorFactory.cs: e95f2d8d99ff452f8f55fc3dbdf8b3b5 -> 
  custom:scripting/monoscript/fileName/UITooltip.cs: 67602e1ad01f80f1d13fb353c2bb4c41 -> 
  custom:scripting/monoscript/fileName/LeaderboardScoreData.cs: 692c9ede4dbe88ebbfa99295d409bd24 -> 
  custom:scripting/monoscript/fileName/ScorePageToken.cs: ae39c429aa37cfad76078eed8f3bcdf4 -> 
  custom:scripting/monoscript/fileName/UIDragDropContainer.cs: e8f8b67111c9a6b0b2333827cd9b85bd -> 
  custom:scripting/monoscript/fileName/IPrebuildSceneSetup.cs: c89711320cb5af11897ec50fd61d4419 -> 
  custom:scripting/monoscript/fileName/RunData.cs: 772bee3d6504258eed6027a2ae076850 -> 
  custom:scripting/monoscript/fileName/CategoryFilterExtended.cs: fc9bf6f795e045112c18a4c1343c1ae1 -> 
  custom:scripting/monoscript/fileName/ResultsSavingCallbacks.cs: 96b4b28711ac58ce3dc199f3f7371922 -> 
  custom:scripting/monoscript/fileName/UIDragScrollView.cs: 2627e1975e7978cf227cd939c570f0a8 -> 
  custom:scripting/monoscript/fileName/RerunCallbackData.cs: 4e0f854372c4476a9269ddc9aa7c8edb -> 
  custom:video-decoder-webm-vp8: 9c59270c3fd7afecdb556c50c9e8de78 -> 
  custom:scripting/monoscript/fileName/AssetsDatabaseHelper.cs: e690d63c7b932a5efaeaf8c476198e75 -> 
  custom:scripting/monoscript/fileName/TestLauncherBase.cs: c78237b225a855d3af10df4cd8d6a1b2 -> 
  custom:scripting/monoscript/fileName/UIStretch.cs: 77ab6405565f362cd0206e79e584880b -> 
  custom:scripting/monoscript/fileName/GPGSUtil.cs: 505ced7a05ca78c40c2fad1b53541560 -> 
  custom:scripting/monoscript/fileName/EditorAssembliesProxy.cs: ef0f2d44f3e723650bf58ba30866667b -> 
  custom:scripting/monoscript/fileName/PostbuildCleanupAttributeFinder.cs: a060814a414a9bab17671800d815861d -> 
  custom:scripting/monoscript/fileName/UIScrollBar.cs: 4711e1fa15a55c8f194ca570420909d1 -> 
  custom:scripting/monoscript/fileName/PlaymodeTestsController.cs: 59c9d4597d46ecf4c6fbc8f49c64d0b9 -> 
  custom:scripting/monoscript/fileName/QuaternionEqualityComparer.cs: 0787e0a336d915c2829c2f55fd970a0d -> 
  custom:scripting/monoscript/fileName/TweenVolume.cs: ae42433aed9734585ab149385a2e80e3 -> 
  custom:scripting/monoscript/fileName/PatternLock.cs: 5e75b7c43c2f70390a13c7fd489ade21 -> 
  custom:scripting/monoscript/fileName/FloatEqualityComparer.cs: 6ddc5d5b0944c660e6b695f37c9febc8 -> 
  custom:scripting/monoscript/fileName/EnvelopContent.cs: 3414a1b56f4cff5ae0ba71375e2d3a4d -> 
  custom:scripting/monoscript/fileName/UIToggledObjects.cs: 1bf88810437bf974b409c671f24be4d0 -> 
  custom:scripting/monoscript/fileName/UIButtonScale.cs: 74c49ec3ee161dd27538d062f5cbf0d6 -> 
  custom:scripting/monoscript/fileName/ITestAdaptor.cs: 1f6228260995615097fc339d08bee2f4 -> 
  custom:scripting/monoscript/fileName/RequirePlatformSupportAttribute.cs: 6918694e41aa1ffd5ee72bd04646d4bb -> 
  custom:scripting/monoscript/fileName/AndroidClient.cs: 622f3c26ea4b05ef3a7d84f5fddb2591 -> 
  custom:scripting/precompiled-assembly-types:Google.PackageManagerResolver: 4d3ba64faf478d3f105d5a37f0ddde42 -> 
  custom:scripting/monoscript/fileName/ResultSummarizer.cs: fcfdcb2adeeb82cb8f411b44b44abdb0 -> 
  custom:scripting/monoscript/fileName/RemoteTestResultDataFactory.cs: 875f30f4d57949231d64836d9e348a72 -> 
  custom:scripting/monoscript/fileName/ComponentSelector.cs: 7be8decb2625c1ae64b022589fc45d58 -> 
  custom:scripting/monoscript/fileName/UIButtonMessage.cs: 8f53ff1b03761563c74f300d5f0e2f93 -> 
  custom:scripting/monoscript/fileName/CardData.cs: f1e4023737e4704eef1628fd1fc3dd99 -> 
  custom:scripting/monoscript/fileName/UISpriteData.cs: 035b56cf13eb963532ed6d9c197d4f1b -> 
  custom:scripting/monoscript/fileName/LegacyStyleProjectGeneration.cs: 4858a0ab74312ccaa3ff27a510a9d575 -> 
  custom:scripting/monoscript/fileName/UIGridEditor.cs: 137d00e8fd96b4ca14fbf2e1dfe06802 -> 
  custom:scripting/monoscript/fileName/Player.cs: ae74977d4d699cf2b9122b36e8b53a1a -> 
  custom:scripting/monoscript/fileName/TweenColor.cs: 899c64e869173522040eb4a05b858966 -> 
  custom:scripting/monoscript/fileName/NGUIHandles.cs: d72f992180f50b96d5f8fa239d902d9b -> 
  custom:scripting/monoscript/fileName/OuterUnityTestActionCommand.cs: 36c13d7d2a2c5c2f372e7b1c0cc06d4d -> 
  custom:scripting/monoscript/fileName/UIEventTrigger.cs: 2cbb789551f08d60e6ac2d44a6c8c123 -> 
  custom:scripting/monoscript/fileName/TestJobDataHolder.cs: 2c9edeeac80ff44e86cac8087411d260 -> 
  custom:scripting/monoscript/fileName/TypewriterEffectEditor.cs: 6553ce63f1d34d917afaf65a6cf39831 -> 
  custom:scripting/monoscript/fileName/UnityTestAttribute.cs: a53f050fb661d50bb6c962963a554f8e -> 
  custom:scripting/monoscript/fileName/FileUtility.cs: 2ac32d1be3995576c010e03a17edbd93 -> 
  custom:scripting/monoscript/fileName/CardEdit.cs: 71f08cc036ed36ef34eb8d65b1421ced -> 
  custom:scripting/monoscript/fileName/TestListTreeViewGUI.cs: bf873c97e960a33b0be65a5b638e7ff5 -> 
  custom:scripting/monoscript/fileName/TestListCache.cs: ff7c7e6ac29ad86c5fe33a64ed0d2f4f -> 
  custom:scripting/monoscript/fileName/ExceptionEventArgs.cs: 27cb4c00a4137b184e01164606c88685 -> 
  custom:scripting/monoscript/fileName/EditModeRunnerCallback.cs: 8a8dedaa2bec26f26744df4ec8e2f191 -> 
  custom:scripting/monoscript/fileName/EnterPlayMode.cs: c730bf9ff77514bb260ba9933378e49c -> 
  custom:scripting/monoscript/fileName/ITestSuiteModifier.cs: 4374b14ce25f3e6c8b983b3d579e38b4 -> 
  custom:scripting/monoscript/fileName/UIEventTriggerEditor.cs: 22670de97d433e2a25061703bb7a86e9 -> 
  custom:scripting/monoscript/fileName/UnityTestMethodCommand.cs: ccfa8ff8b49ded2664d646e8ee3d5ff4 -> 
  custom:scripting/monoscript/fileName/Filter.cs: 935824dbebf762a19f2d4c4751625fe2 -> 
  custom:scripting/monoscript/fileName/UIRect.cs: e94afd4a2fcc6384a44f00cc2c25b6c3 -> 
  custom:scripting/monoscript/fileName/TestJobRunner.cs: 1c3d9f2bfcdac33a01c4bb25c392ab4f -> 
  custom:scripting/monoscript/fileName/TestRunnerCallback.cs: 61231fce5590e38bfc5e9165e9803d8b -> 
  custom:scripting/monoscript/fileName/IRemoteTestResultDataFactory.cs: 75d430448dca0118dc834f9aa964be1e -> 
  custom:scripting/monoscript/fileName/TweenTransformEditor.cs: bda13f1e1ad289217c624031991c6696 -> 
  custom:scripting/monoscript/fileName/UIPlayTween.cs: 74b2d11331ec60da374ccb93b1e46b6f -> 
  custom:scripting/monoscript/fileName/CompositeWorkItem.cs: bc884a89fde61fa75209209a03bbd836 -> 
  custom:scripting/monoscript/fileName/ISavedGameMetadata.cs: 2ba930ee40b5c4b7beb3ec029b2bde53 -> 
  custom:scripting/monoscript/fileName/CRandom.cs: 4782f7f8005679f4ddfec003c0009674 -> 
  custom:scripting/monoscript/fileName/Event.cs: de3430aa939d03a39b314602c89e442b -> 
  custom:scripting/monoscript/fileName/TestRunnerUIFilter.cs: 15cddad256d0a7abe9cb58af110bbb72 -> 
  custom:scripting/monoscript/fileName/CardView.cs: 351ef24ad7a64b206f59f28997be7eca -> 
  custom:scripting/monoscript/fileName/GPGSUpgrader.cs: 8521997bf017854e82cfe90f7fbd9aec -> 
  custom:scripting/monoscript/fileName/UIInputOnGUI.cs: adcd932c033d9cf7547da5f4c6dbdf48 -> 
  custom:scripting/monoscript/fileName/UIPopupList.cs: f6dc9e32932c32adb37c73f72960b353 -> 
  custom:scripting/monoscript/fileName/SignInHelper.cs: cb0381fc24664c2ad76deaa02bce3b35 -> 
  custom:scripting/monoscript/fileName/RunFinishedData.cs: a22f15c3a79d1f15ccc31ec29ab37874 -> 
  custom:scripting/monoscript/fileName/UIOrthoCamera.cs: cb8f78c44b992a580368163501ddbf0d -> 
  custom:scripting/monoscript/fileName/OpenIABClient.cs: 8b0ee76d9b4811c2ec2579fdd6a8aa7f -> 
  custom:scripting/monoscript/fileName/TweenWidthEditor.cs: d68171b583c6a3458268a111082294be -> 
  custom:scripting/monoscript/fileName/PerformUndoTask.cs: f38e53873dc9c7e638622dda18102b41 -> 
  custom:scripting/monoscript/fileName/IEventsClient.cs: df75b65e8a2f4eedd3c75ce719331977 -> 
  custom:scripting/precompiled-assembly-types:Unity.VisualStudio.Editor: 865306e684a8a0de31c5b3eaf4fcb298 -> 
  custom:scripting/monoscript/fileName/UIPlaySound.cs: 86d33ba7d1cd136a68e36d7356016e6b -> 
  custom:scripting/monoscript/fileName/UICenterOnClick.cs: e48f3d2bda5604eaef7831b53fe26111 -> 
  custom:scripting/monoscript/fileName/FailCommand.cs: e0622be95cb9f4c04ff53066589d6d7e -> 
  custom:scripting/monoscript/fileName/AndroidVideoClient.cs: 76a983f69777a21c04d4f224991e19e2 -> 
  custom:scripting/monoscript/fileName/EndpointDetails.cs: 2dcb55edadfd4c737fb9de806546f03d -> 
  custom:scripting/monoscript/fileName/UnityTearDownAttribute.cs: d90d4ba0821a80f48bd6cec8eab8964f -> 
  custom:scripting/monoscript/fileName/ITestRunnerApi.cs: a476c74c9cbf5732bdfc8c88b9702476 -> 
  custom:scripting/monoscript/fileName/RemoteTestResultReciever.cs: 3396dcbdb7cfcd933b2182fbc1532e1a -> 
  custom:scripting/monoscript/fileName/TestPlatform.cs: 63c69f9b78d9a1c2cdf167569fd572b6 -> 
  custom:scripting/monoscript/fileName/UIPrefabTool.cs: 5233090f53f655231152de75111a33bd -> 
  custom:scripting/monoscript/fileName/VisualStudioIntegration.cs: f9e623c49f9f20ea97a4519aa48d72d4 -> 
  custom:scripting/monoscript/fileName/UIDraggableCamera.cs: 56e75439f33159b0b1576e7509968fc3 -> 
  custom:audio-decoder-ogg-vorbis: bf7c407c2cedff20999df2af8eb42d56 -> 
  custom:scripting/monoscript/fileName/TweenVolumeEditor.cs: 1f755e7b401527ac93686205fb255940 -> 
  custom:scripting/monoscript/fileName/UIInput.cs: ce829dca34f7f44ad26565290bd75a54 -> 
  custom:scripting/monoscript/fileName/Misc.cs: 9657932ef5e42bf3803800c7001316c6 -> 
  custom:scripting/monoscript/fileName/RemotePlayerTestController.cs: a065d8dd9dff07ee3c40c0e473a65f06 -> 
  custom:scripting/monoscript/fileName/Vector4EqualityComparer.cs: 998bf018f3e79a3b4501bebf13133ef3 -> 
  custom:scripting/monoscript/fileName/PlayModeTestListGUI.cs: 9528035223f9376ea8c5bf32da2d30c1 -> 
  custom:scripting/monoscript/fileName/UICamera.cs: b3020f8b15d595faad76227d794ce799 -> 
  custom:scripting/monoscript/fileName/Image.cs: 4bdb6020842dc54a8e0a23ee7fb842e6 -> 
  custom:video-decoder-ogg-theora: a1e56fd34408186e4bbccfd4996cb3dc -> 
  custom:scripting/monoscript/fileName/ExitPlayMode.cs: f2eb63cb1a92bddb334eb5c2d75abc43 -> 
  custom:scripting/monoscript/fileName/UIImageButtonInspector.cs: 9b311fdf84e5b225dcefbe81a85caf07 -> 
  custom:scripting/monoscript/fileName/AnimatedAlpha.cs: bac31a5f8f53bdc197e78a623c9b52a0 -> 
  custom:scripting/monoscript/fileName/EditorLoadedTestAssemblyProvider.cs: 406b39f61e53aa4b6c435e30af6b5276 -> 
  custom:scripting/monoscript/fileName/UIAnchorEditor.cs: 8b56c49bbcd9fae229320cfea4e274a6 -> 
  custom:scripting/monoscript/fileName/UIBasicSprite.cs: f4c96275a0ccbf48cca6e46c3b873823 -> 
  custom:scripting/monoscript/fileName/B64X.cs: 3ac1e42c196f400b484d683a5f0afd75 -> 
  custom:scripting/monoscript/fileName/UIRootEditor.cs: c14715b7eb7373d0dbec3804cc4a0fd1 -> 
  custom:scripting/monoscript/fileName/TweenColorEditor.cs: 6506b396aaaf7f687704a81f470b8aae -> 
  custom:scripting/monoscript/fileName/PlatformUtils.cs: dbff6ae7e1009a480ae718fcca723385 -> 
  custom:scripting/monoscript/fileName/TweenFOV.cs: cc356dc317c133fa1f52722c400ab7e8 -> 
  custom:scripting/monoscript/fileName/IStateSerializer.cs: 2c22f7cb714163eee04bfe4b72ec4957 -> 
  custom:scripting/monoscript/fileName/RemoteTestResultData.cs: 68a2b51f8872b9ef697b2155d9835735 -> 
  custom:scripting/monoscript/fileName/Cli.cs: d287e08b50f2cb135aa4d7f8e01b7ef9 -> 
  custom:scripting/monoscript/fileName/UIForwardEventsEditor.cs: 129cf77bc1a99a8b9a27cb37cf41b996 -> 
  custom:scripting/monoscript/fileName/SpringPanel.cs: 4def0f0830fed06c99e42d5b3a56d6c2 -> 
  custom:scripting/monoscript/fileName/UnityTestProtocolListener.cs: 0d4d2ab58d3a081f00c0f200ee8696be -> 
  custom:scripting/monoscript/fileName/INearbyConnectionClient.cs: bbad27163196b787a8e5d304725ca27e -> 
  custom:scripting/monoscript/fileName/NGUIText.cs: 3eb744220b2c46c0ca97dc76aa88a941 -> 
  custom:scripting/monoscript/fileName/IAssemblyLoadProxy.cs: 10a2bd4f9f1d29ac107ff7e510533c16 -> 
  custom:scripting/monoscript/fileName/MessageEventArgs.cs: 528473bbcee3623fe954627c6bfadd2e -> 
  custom:scripting/monoscript/fileName/TweenTransform.cs: efdc47dc167b6e67f73e7354ce7c524a -> 
  custom:scripting/monoscript/fileName/UnityTestProtocolStarter.cs: e4b107bc354fd6dcbd62420da6500b7c -> 
  custom:scripting/monoscript/fileName/RuntimeTestLauncherBase.cs: 9c570bd0d91da3e5211e4436ad92314b -> 
  custom:scripting/monoscript/fileName/UIWrapContent.cs: 17176783ad986276f1d7b2fa311b97c3 -> 
  custom:scripting/monoscript/fileName/AndroidSnapshotMetadata.cs: 8a0aec66cc637a4c0fdfe16106a5608e -> 
  custom:scripting/monoscript/fileName/TweenHeight.cs: 92394df033c23e9fd79c7381d3302578 -> 
  custom:scripting/monoscript/fileName/PlayGamesAchievement.cs: 2cc796da06ab20c9c2704b2888e134e0 -> 
  custom:scripting/monoscript/fileName/iVideoClient.cs: e75247745889906fa81829d289e64e3b -> 
  custom:scripting/monoscript/fileName/SolutionProperties.cs: ab8751e49ae2f3d9994444a0a38619bd -> 
  custom:scripting/monoscript/fileName/NGUITools.cs: 5f4de3785bf631567c6f81c5390b54a7 -> 
  custom:scripting/monoscript/fileName/TweenFOVEditor.cs: 58402b0950a93f072ae90857e97ad3ca -> 
  custom:scripting/monoscript/fileName/UITable.cs: 3e0dff75ea4525bcc87e336912f3eef5 -> 
  custom:scripting/monoscript/fileName/UITextList.cs: 44e20a733fc3f19283d61845f0ada688 -> 
  custom:scripting/monoscript/fileName/UIButton.cs: eb2c82f74ea0a4f74be09542cc86092b -> 
  custom:scripting/monoscript/fileName/IMonoBehaviourTest.cs: 93dca3fac2d68012529173d3e7bc10a2 -> 
  custom:scripting/monoscript/fileName/UIKeyNavigation.cs: 639ff35a0a0434939839a69bd6ed282f -> 
  custom:scripting/monoscript/fileName/EditModeLauncher.cs: 9a2b5bcdc6140673378e5f8105411606 -> 
  custom:scripting/monoscript/fileName/MonoBehaviourTest.cs: 90647cc400823b41df847a6cbfc29026 -> 
  custom:scripting/monoscript/fileName/CoroutineTestWorkItem.cs: 8a69ee5c1adc29acc0a66cb7df14cbcf -> 
  custom:scripting/monoscript/fileName/TestActionCommand.cs: 753f99c04dd69dc2a43030237870dd1f -> 
  custom:scripting/monoscript/fileName/Utils.cs: 40c528c300bfc0733192292a788cb076 -> 
  custom:scripting/monoscript/fileName/ProjectGeneration.cs: 214ca3c28296f47a7d19f1fd999fc81d -> 
  custom:scripting/monoscript/fileName/GPGSIds.cs: ca9bc32122f555cb76ec026f1c336068 -> 
  custom:audio-encoder-webm-vorbis: bf7c407c2cedff20999df2af8eb42d56 -> 
  custom:scripting/monoscript/fileName/TestRunnerApi.cs: c95fe169deea2b7a18c185e8b5613c7e -> 
  custom:scripting/monoscript/fileName/UIKeyBinding.cs: 56809e0feb36a320f0c0bb134cfc77fc -> 
  custom:scripting/monoscript/fileName/ResultsWriter.cs: 746214782064f32efde31c48d7caa76f -> 
  custom:scripting/monoscript/fileName/UICameraTool.cs: 5996a6978990dcfe75e6c4f878f9b3b1 -> 
  custom:scripting/monoscript/fileName/GuiHelper.cs: 7bbb51d455f8994ae6185c7dee04068a -> 
  custom:scripting/monoscript/fileName/LuminPlatformSetup.cs: e65a295a4e58fc042cc74afa9243a080 -> 
  custom:scripting/monoscript/fileName/UIRoot.cs: c8509021f30ac2e6379e5d5ab02e1834 -> 
  custom:scripting/monoscript/fileName/BuildActionTaskBase.cs: 90647cc400823b41df847a6cbfc29026 -> 
  custom:scripting/monoscript/fileName/Solution.cs: 8bc97d0abd509f39b67b3a5bbac1b9a1 -> 
  custom:scripting/monoscript/fileName/TestMustExpectAllLogsAttribute.cs: cdf1c75549affd080e0ddbde5bcb7c34 -> 
  custom:scripting/monoscript/fileName/UILabelInspector.cs: 58527579bf367a2123e00d10f10629e5 -> 
  custom:scripting/monoscript/fileName/ITestRunnerListener.cs: d52675266925b8e603f210be3981d59b -> 
  custom:scripting/monoscript/fileName/TestBuildAssemblyFilter.cs: 056870da734fd8ecf77d00737a22149f -> 
  custom:scripting/monoscript/fileName/ConditionalIgnoreAttribute.cs: 9f2f3d4c6b56d5f470ccdd0e1820d51b -> 
  custom:scripting/monoscript/fileName/EditorAssemblyWrapper.cs: 8682dbb48030d53c622cd194bfa9e87d -> 
  custom:scripting/monoscript/fileName/UIFontInspector.cs: 47697aaa553f5f25f921e9d3df4543c9 -> 
  custom:scripting/monoscript/fileName/TweenRotation.cs: 5e9a32e29d2829b51b639c733206ee6b -> 
  custom:scripting/monoscript/fileName/BaseDelegator.cs: d270baecbc007d1328bc5c9991d1dea9 -> 
  custom:scripting/monoscript/fileName/UIButtonColorEditor.cs: d9745401eb00af34026d0827cea7498f -> 
  custom:scripting/monoscript/fileName/TestRunnerCallbacks.cs: 5627cb9f4ed769fba607b0cab8e9e63d -> 
  custom:scripting/monoscript/fileName/UIButtonColor.cs: fb9ad2fb817035e2912cc0150ee4edec -> 
  custom:scripting/monoscript/fileName/TestSettings.cs: d583ccee803a035f2d53ba29374aac19 -> 
  custom:scripting/monoscript/fileName/IUtpMessageReporter.cs: e8e6a62b6032a5642706a62156dd8314 -> 
  custom:scripting/monoscript/fileName/TestRunCallbackListener.cs: 15fa13086a2949901b1e4a3584b83cd8 -> 
  custom:scripting/monoscript/fileName/UIColorPicker.cs: f6b1ede632dd3e779c2a9cf28190398c -> 
  custom:scripting/monoscript/fileName/IOuterUnityTestAction.cs: 58e7f8b884a5d88e319b8f448f29bfdb -> 
  custom:scripting/precompiled-assembly-types:Assembly-CSharp-Editor: 5aa3623a2d0fb88c336340dbf3eeb93a -> 
  custom:scripting/monoscript/fileName/TestResultRendererCallback.cs: 215106b260625bb3e26681b849d9307d -> 
  custom:scripting/monoscript/fileName/RequireApiProfileAttribute.cs: 4cce4894a0d08ef40fd237b8e50d1caa -> 
  custom:scripting/monoscript/fileName/ConnectionRequest.cs: 3e19a3c7794e5ef65de7349c45a22c17 -> 
  custom:scripting/monoscript/fileName/RealTime.cs: 0cd598bb2da74d2315435fc4923a60a2 -> 
  custom:scripting/monoscript/fileName/UIWidget.cs: 3fc721c62137c109d3b90fcaa4ff4920 -> 
  custom:scripting/monoscript/fileName/SynchronousFilter.cs: b84da53d6d10348793b3683f19a6d4b3 -> 
  custom:scripting/monoscript/fileName/AndroidNearbyConnectionClient.cs: 4c1a4fddfc2b902e44184f36d654e88b -> 
  custom:scripting/monoscript/fileName/GameShop.cs: ea161b395710f47ae2b071ac42606969 -> 
  custom:scripting/monoscript/fileName/CleanupVerificationTask.cs: 12e81b196e7eac521f1ae8e0411b3d28 -> 
  custom:scripting/monoscript/fileName/LegacyEditModeRunTask.cs: 2b5f09ef7f63773ca676d71969800516 -> 
  custom:scripting/monoscript/fileName/UIScrollView.cs: c923bd63a76d06b3af816ef0dc9d178d -> 
  custom:scripting/monoscript/fileName/UICenterOnChild.cs: c4b2f5e453989c54892901705a43d872 -> 
  custom:scripting/monoscript/fileName/IEditorCompilationInterfaceProxy.cs: b1e49de3ac2ed1feea91c5f6846d6e49 -> 
  custom:scripting/monoscript/fileName/IErrorCallbacks.cs: fd7a49712e8a919d38dd0fddef8872df -> 
  custom:scripting/monoscript/fileName/UIDragObject.cs: 45b729a90a5705d6a6d1c35773ad88e9 -> 
  custom:scripting/monoscript/fileName/IEditModeTestYieldInstruction.cs: ad49fb85f2d4ed0badb27552deac0771 -> 
  custom:SearchIndexIgnoredProperties: e643bd26f0fe6173181afceb89e7c659 -> 
  custom:scripting/monoscript/fileName/TouchSlider.cs: 86645e8d1721c993ee689e8285aa0c5b -> 
  custom:scripting/monoscript/fileName/IScriptingRuntimeProxy.cs: c75af2a6ef439df9f19f151aeb5749ea -> 
  custom:scripting/monoscript/fileName/TestFilterSettings.cs: 5275be823d4854688aedadf9bf48dfa8 -> 
  custom:scripting/monoscript/fileName/EventDelegateDrawer.cs: c6ca23e042ca490a03fb928b61b8b77f -> 
  custom:scripting/monoscript/fileName/UISpriteAnimation.cs: a9d24d8c09ba9a74287fbca317f99202 -> 
  custom:scripting/monoscript/fileName/UIBasicSpriteEditor.cs: 8e65aff9b6833dd08fe7f20d50184f61 -> 
  custom:scripting/monoscript/fileName/KnownAssemblies.cs: 286bea9f8fcee5e392f6fc0f0cd541c8 -> 
  custom:scripting/monoscript/fileName/EnumerableRepeatedTestCommand.cs: dbdc4517e80e66a31f48ce40e06931f2 -> 
  custom:scripting/monoscript/fileName/PropertyReference.cs: 2d71b4b10e12fb21a0d35ed453b38171 -> 
  custom:scripting/monoscript/fileName/TestRunnerApiListener.cs: cc17cec8825a8f933d6ecbd68d51f1de -> 
  custom:scripting/monoscript/fileName/SimpleJSON.cs: 70c028a07c79c166db015acda1282d86 -> 
  custom:scripting/monoscript/fileName/ProjectProperties.cs: 407063898a13eaad2cd100e43551c6b5 -> 
  custom:scripting/monoscript/fileName/FreeType.cs: b7c0590afcfd5ecd906dccabd882eaaf -> 
  custom:scripting/monoscript/fileName/UIAtlasMaker.cs: f5d627f0300584a9992a401e9c884f80 -> 
  custom:scripting/monoscript/fileName/PlayGamesLocalUser.cs: 9045fc915278ce40a01ceb6cb6ffa7e7 -> 
  custom:scripting/monoscript/fileName/UIDragCamera.cs: 62e252121bf8f670211bb40b090b8d8c -> 
  custom:scripting/monoscript/fileName/EditModeLauncherContextSettings.cs: d1e413330d98a9101237ccbe91f95dea -> 
  custom:scripting/monoscript/fileName/UnityWorkItemDataHolder.cs: 94e44d74f673f889418b2b9926b6615c -> 
  custom:scripting/monoscript/fileName/PlatformSpecificSetup.cs: 0a7f9c0b27ae370d8bd5d3df4916ae28 -> 
  custom:scripting/monoscript/fileName/PlayerQuitHandler.cs: b4085dee8fd70ae04ac96945fafed489 -> 
  custom:scripting/monoscript/fileName/CachingTestListProvider.cs: bfcb79acce43a93633071168c814d063 -> 
  custom:scripting/monoscript/fileName/Symbols.cs: 27613575e8bda8a6448f80ff27c488f9 -> 
  custom:scripting/monoscript/fileName/IPostBuildCleanup.cs: 8d43f6dbc44addb43106f91d15047771 -> 
  custom:scripting/monoscript/fileName/ExitCallbacks.cs: 716173503afdef0ae4c4023adba1972e -> 
  custom:scripting/monoscript/fileName/AsyncOperation.cs: 90647cc400823b41df847a6cbfc29026 -> 
  custom:scripting/monoscript/fileName/CommandLineOption.cs: 211f73ad4421274a5a418608b74cc839 -> 
  custom:scripting/monoscript/fileName/VersionPair.cs: 88b4a0b7e953537f26ded0a68cf4c238 -> 
  custom:scripting/monoscript/fileName/TweenHeightEditor.cs: 8e754199c964d806aa2caf0bd6c809bd -> 
  custom:scripting/monoscript/fileName/PlaymodeTestsControllerSettings.cs: 90cec9ec9d50d9e797d7b80fa88b49ed -> 
  custom:scripting/monoscript/fileName/ICallbacksHolder.cs: 790e89a97c8150c3044e584386d3ba9a -> 
  custom:scripting/monoscript/fileName/Logger.cs: 6c47204b9fd949d7c4c60eac633cb240 -> 
  custom:scripting/monoscript/fileName/UnityPlatformAttribute.cs: e79555e200698f1b55c6c54851cd369e -> 
  custom:scripting/monoscript/fileName/FileIOProvider.cs: c6be7d53b71e2f5ee2ecc596b7a7eb95 -> 
  custom:scripting/monoscript/fileName/UICreateWidgetWizard.cs: f6fcb5de3b5378f74a96c101307b2287 -> 
  custom:scripting/monoscript/fileName/PlayerLauncher.cs: c1129f48ad00377c128c470482bb7e8e -> 
  custom:scripting/monoscript/fileName/UnityCombinatorialStrategy.cs: e857e6faada8b59173cb249a8a6be6fa -> 
  custom:scripting/monoscript/fileName/UI2DSpriteEditor.cs: 3fb9768dc6802b3b4a7930dc78afa73c -> 
  custom:scripting/monoscript/fileName/ImmediateEnumerableCommand.cs: 89dd27d23dccf969b99d79611e8fed9a -> 
  custom:container-demuxer-ogg: 62fdf1f143b41e24485cea50d1cbac27 -> 
  custom:scripting/monoscript/fileName/SdkStyleProjectGeneration.cs: bbd8a39d16aad1a0b8d5240b1f43f4a4 -> 
  custom:scripting/monoscript/fileName/PrebuildSetupTask.cs: a4e888a510b1441a257b12183e59237b -> 
  custom:scripting/monoscript/fileName/UISliderEditor.cs: 4441b536e14f4147ff2d4af73dedcd2a -> 
  custom:scripting/monoscript/fileName/TestStarter.cs: d1bc3fba65bb4735afc3828355ea6c72 -> 
  custom:scripting/monoscript/fileName/GPGSDocsUI.cs: 705e49df51da94d0c953d8fe3e0f8001 -> 
  custom:scripting/monoscript/fileName/UIDrawCallInspector.cs: 359616bdc2ab425ce446d8a220e42d2e -> 
  custom:scripting/monoscript/fileName/TweenScale.cs: f2b02a0768010ca500d463b9068e5cd3 -> 
  custom:scripting/monoscript/fileName/ApplePlatformSetup.cs: 0ceeffeb4378c50fe08ff9b5d16a73f3 -> 
  custom:scripting/monoscript/fileName/Cloud.cs: 4002f15ca028c74791216b8484dc14be -> 
  custom:scripting/monoscript/fileName/UnexpectedLogMessageException.cs: a7bbf32861c66018271b093fc1d1061b -> 
  custom:AudioImporter_EditorPlatform: d09bf68614088b80899f8185d706f6e7 -> 
  custom:scripting/monoscript/fileName/EnumerableSetUpTearDownCommand.cs: 16b603dbb9724508977696171a42991f -> 
  custom:scripting/monoscript/fileName/PluginVersion.cs: f2f7d8279b922a92d52d004c8b6724f5 -> 
  custom:scripting/monoscript/fileName/CardSlot.cs: c307676f29adc43a66beb8621afc30e0 -> 
  custom:scripting/monoscript/fileName/RerunCallback.cs: ffe49cf602017087ffa7749d06513ace -> 
  custom:scripting/monoscript/fileName/CoroutineRunner.cs: 846507eaccf9841c799a02861e075d47 -> 
  custom:scripting/monoscript/fileName/UISoundVolume.cs: 982f1c204d222800f1236dbe43bb8ad0 -> 
  custom:scripting/monoscript/fileName/EnumerableTestMethodCommand.cs: 9040b48595c4d63d6c1126d81d3f1105 -> 
  custom:scripting/monoscript/fileName/UILabel.cs: 3020631aca05ae97ebc18b2cec44f76f -> 
  custom:scripting/monoscript/fileName/UIForwardEvents.cs: 5451434ddc8c685fe01572d8ff4f16cb -> 
  custom:scripting/monoscript/fileName/CommonTypes.cs: 60dc8a0e07d863d523b691764a3213ea -> 
  custom:scripting/monoscript/fileName/PropertyReferenceDrawer.cs: 3db96870517289c91130d9364657501c -> 
  custom:scripting/monoscript/fileName/ConstructDelegator.cs: c271ca33e5434ac87e82546dd149c303 -> 
  custom:scripting/monoscript/fileName/DummyClient.cs: d06457f579622d5ee55c8bdb0a05ee67 -> 
  custom:scripting/monoscript/fileName/TweenFill.cs: 5f10def1f15341f6a8867159b3ef8d1c -> 
  custom:scripting/precompiled-assembly-types:Google.JarResolver: df0f221c4485c33ea69649239d6744a2 -> 
  custom:scripting/monoscript/fileName/EditorCompilationInterfaceProxy.cs: 12bc7b3dd0ab2ff83629d76ca37d0d4d -> 
  custom:scripting/monoscript/fileName/PlayGamesClientFactory.cs: 6decc7e06b28b64e5bcb77e0ca83cf96 -> 
  custom:scripting/monoscript/fileName/ActiveAnimationEditor.cs: 34d113f49af27a7dd1cbdec0d69d239c -> 
  custom:scripting/monoscript/fileName/UIGeometry.cs: aaec24af1fa5e17fffd91b4166f03af5 -> 
  custom:scripting/monoscript/fileName/UI2DSprite.cs: a547c4afec91ff2e7e380d908e0757a7 -> 
  custom:scripting/monoscript/fileName/AndroidTaskUtils.cs: fad394034cf593abfad08b9b56ca1bf1 -> 
  custom:CustomObjectIndexerAttribute: 9a22284fe3817be447336de3de66b15e -> 
  custom:scripting/monoscript/fileName/TestResultAdaptor.cs: fb4db3971d5379750cda884e7e44e3e4 -> 
  custom:scripting/monoscript/fileName/PlayerLauncherTestRunSettings.cs: ac04d6a6a9c6380f318071a2f4da8a2f -> 
  custom:scripting/monoscript/fileName/TestListTreeViewDataSource.cs: 153f0d5d9a6099f80f6d26e9c0ad6b7d -> 
  custom:scripting/monoscript/fileName/TestRunCallbackAttribute.cs: c61459d4a70eab5bd767d5a1f82f55d8 -> 
  custom:scripting/monoscript/fileName/PostBuildCleanupAttribute.cs: 71391ff444f943d9ad8dd0d42b7ac81f -> 
  custom:scripting/monoscript/fileName/UnityLogCheckDelegatingCommand.cs: 410acedf83a5c4e9d5a212b5635d0c88 -> 
  custom:scripting/monoscript/fileName/PlayGamesHelperObject.cs: c10c45392870dd1d957c11994e8b81f3 -> 
  custom:framework-win-MediaFoundation: 216162199b28c13a410421893ffa2e32 -> 
  custom:scripting/monoscript/fileName/UIDrawCall.cs: 2bea9a6f7468ddd9b6f5795ccb24533d -> 
  custom:scripting/monoscript/fileName/TestPlayerBuildModifierAttribute.cs: d4ffc53911ef24dec9dc901e0444a77b -> 
  custom:scripting/monoscript/fileName/Achievement.cs: 60d0ae0afd3e93570982eda07eaec834 -> 
  custom:scripting/monoscript/fileName/ITestListCache.cs: 93f202374a8dd6602503d990ab2feb72 -> 
  custom:scripting/monoscript/fileName/BMFont.cs: 5d81f803d8c16b3e4b35f4caf6e85d9f -> 
  custom:scripting/monoscript/fileName/StacktraceFilter.cs: 2f4728b5b8f653bd2197ec8c4b722e7d -> 
  custom:scripting/monoscript/fileName/EventDelegate.cs: 909fb0779953229957f4718ab3ad2bbd -> 
  custom:scripting/monoscript/fileName/CommandLineOptionSet.cs: 57b6c3812f217f48a5cedf066a216cfd -> 
  custom:scripting/monoscript/fileName/PinKeyboard.cs: 171cbdf35a4432d968a9f4ab05853145 -> 
  custom:scripting/monoscript/fileName/NGUISettings.cs: 9c99bf135a611e796eaf335d133d936a -> 
  custom:scripting/monoscript/fileName/TestTreeData.cs: 1859d24be324d8fb87ab0c693d76d928 -> 
  custom:scripting/monoscript/fileName/ITestRunCallback.cs: 7d90e4d27cccfe89ef24a93578e15a74 -> 
  custom:scripting/monoscript/fileName/ActionDelegator.cs: f2eb6c2fd33630cfdd6d3183b4a2ca3f -> 
  custom:scripting/monoscript/fileName/Vector3EqualityComparer.cs: 1c8652cac1f220d6409ab1ba3f211615 -> 
  custom:scripting/monoscript/fileName/TweenScaleEditor.cs: ba8f4693282c0200f0d11a3d8272d48a -> 
  custom:scripting/precompiled-assembly-types:nunit.framework: de9c6147ae45b4e3446d0e562fb3bbe3 -> 
  custom:scripting/monoscript/fileName/ITestRunnerApiMapper.cs: 337d02b691c8103d2eedc6b52f4f76ab -> 
  custom:scripting/monoscript/fileName/RerunCallbackInitializer.cs: a2ca4a4e4bb070fd30ec377e61ed66cb -> 
  custom:scripting/monoscript/fileName/LogAssert.cs: 195ab501c85f741ece9ac8b49385dcce -> 
  custom:scripting/monoscript/fileName/IEditorAssembliesProxy.cs: 8586f95fda82b1fa948b8ac0ebb50a9d -> 
  custom:scripting/monoscript/fileName/UIToggle.cs: d815fdf0cb10f9d513c613a1da067cc6 -> 
  custom:scripting/monoscript/fileName/ConnectionResponse.cs: 2ca105c2e2ecc02b07715437ed5818b5 -> 
  custom:scripting/monoscript/fileName/SettingsBuilder.cs: 9aeeee75a181ed82e0343a1fb6b9cead -> 
  custom:scripting/monoscript/fileName/UIDrawCallViewer.cs: 9c1f583ce208c5f4917b1ad787a7a21e -> 
  custom:scripting/monoscript/fileName/ICallbacks.cs: a9c5fd289272fce7e09c7f3e5f11b8a0 -> 
  custom:scripting/monoscript/fileName/UIStretchEditor.cs: 2e407f51924f143d73f191e55354177f -> 
  custom:scripting/monoscript/fileName/TweenWidth.cs: d7ba5de24abc921cf547c4ccc5f9ed3d -> 
  custom:scripting/monoscript/fileName/SetupException.cs: 38724dd55c58f65b09d9fda4b6161021 -> 
  custom:scripting/monoscript/fileName/AndroidPlatformSetup.cs: 67d5fa212608c900d88b1544a5f49997 -> 
  custom:scripting/monoscript/fileName/PrebuildSetupAttributeFinder.cs: 1f975f3a70c8f9747da919735d84e6c3 -> 
  custom:scripting/monoscript/fileName/ILogScope.cs: e99dd640a2ac2c8b1c0c97725f23440d -> 
  custom:scripting/monoscript/fileName/IEditorLoadedTestAssemblyProvider.cs: cbb3f715010afa8cd4f0f40294bb78ba -> 
  custom:scripting/monoscript/fileName/TestListCacheData.cs: 295232838ed90f85679b2d004562d59e -> 
  custom:scripting/monoscript/fileName/UITweener.cs: 1d0f6b6e26dcfbcdc667e17a07004fc9 -> 
  custom:scripting/monoscript/fileName/UnityInstallation.cs: 0ba30d4545f2c34a9323456723b5dbfe -> 
  custom:scripting/monoscript/fileName/ITestListCacheData.cs: 09682e3e03141d9f43100cdaff3665eb -> 
  custom:scripting/monoscript/fileName/ScriptingRuntimeProxy.cs: 19d9ac4d844404a0464698120ed39275 -> 
  custom:scripting/monoscript/fileName/NGUIJson.cs: f28e3154ba52396753d2807aa8278b2f -> 
  custom:scripting/monoscript/fileName/AssemblyNameProvider.cs: 79a56fbd4fb93531a5e76fae2fee1660 -> 
  custom:scripting/monoscript/fileName/SavedGameMetadataUpdate.cs: bc1e6a84bf3859de501fc0126ebbd2ae -> 
  custom:scripting/monoscript/fileName/SolutionProjectEntry.cs: 68cea09e9af09443edf61e18806ac1c2 -> 
  custom:scripting/monoscript/fileName/Card.cs: da364723676a1e7dac174f763723da16 -> 
  custom:scripting/monoscript/fileName/Is.cs: 6922f89182cd28e32ba48e34cda7947d -> 
  custom:scripting/monoscript/fileName/Md5.cs: 4934954178e81299d08be98be9d3e58f -> 
  custom:scripting/monoscript/fileName/AndroidJavaConverter.cs: b252278e034df37a3db7790062246ac8 -> 
  custom:scripting/monoscript/fileName/MinMaxRangeAttribute.cs: 4318a46eb832123ace03944ec5e619e5 -> 
  custom:scripting/monoscript/fileName/NearbyConnectionUI.cs: 2081fa82bc293409895cb453499f6de8 -> 
  custom:scripting/monoscript/fileName/SelectButton.cs: 046f2dd5e0479ab39676ad59af580a51 -> 
  custom:scripting/monoscript/fileName/TestListProvider.cs: f8235933605b6a025c9638df0194bf97 -> 
  custom:scripting/monoscript/fileName/TestEnumeratorWrapper.cs: 3e969f8448dc5644f60fbcb6f1badbcb -> 
  custom:scripting/monoscript/fileName/ITestListProvider.cs: 0169c532d74787e64cd4163cd55d4572 -> 
  custom:scripting/monoscript/fileName/UIButtonActivate.cs: f5e1a22be5a8fc4b9751d7be30520225 -> 
  custom:scripting/monoscript/fileName/UIImageButton.cs: 6dc7b28ea91bb828fbe7cd9d5fe662ed -> 
  custom:scripting/monoscript/fileName/VisualStudioEditor.cs: 21e59f688ad500ab61aca318850ec505 -> 
  custom:scripting/monoscript/fileName/GameButton.cs: ec41d5d8533a954170cacb0aaa250526 -> 
  custom:scripting/monoscript/fileName/UIProgressBar.cs: 494b4fcfecd9856396abaf5d8d535cc9 -> 
  custom:scripting/monoscript/fileName/ViewBase.cs: d9c88af255177ebec5b4ef2e56852d3a -> 
  custom:scripting/monoscript/fileName/AllocatingGCMemoryConstraint.cs: 8b2ed7fbfb529ba318fb8425f7a81278 -> 
  custom:scripting/monoscript/fileName/TestListGUIBase.cs: 24d4809a020104916f1cbf5b523f10ca -> 
  custom:scripting/monoscript/fileName/UISpriteInspector.cs: 6d9127970341bf438dc27bb31ad9a049 -> 
  custom:scripting/monoscript/fileName/TweenPanel.cs: 1cc3a27568b273b636a2069efc2c7ae0 -> 
  custom:scripting/monoscript/fileName/WindowResultUpdaterDataHolder.cs: 2de8ba1615f5d28c30d54411d42e2524 -> 
  custom:scripting/monoscript/fileName/NGUISelectionTools.cs: 63cd8b699413c190098f4a8a70c4cf44 -> 
  custom:scripting/monoscript/fileName/TestExtensions.cs: 8e47deac44d7b87eaa5df5d00556dc15 -> 
  custom:scripting/monoscript/fileName/LogWriter.cs: 89105d9cfbe59e79a996dde998b3e7ff -> 
  custom:scripting/monoscript/fileName/LegacyPlayModeRunTask.cs: 8a159c990fea520d0af36b86d243e79e -> 
  custom:scripting/monoscript/fileName/UIButtonEditor.cs: bc1c4547170d54012c25654de57ae43b -> 
  custom:scripting/monoscript/fileName/UIButtonKeysEditor.cs: a39491ecd4f3282f2d7a242eee984812 -> 
  custom:scripting/monoscript/fileName/UISavedOption.cs: 2b48315035ef4f32247bf27267b7c640 -> 
  custom:scripting/monoscript/fileName/AttributeHelper.cs: dcab3630cb119e1a5f7f9c7b24677e49 -> 
  custom:scripting/monoscript/fileName/TweenPosition.cs: cba3475fb0106a3e605ae8baa0c4a64c -> 
  custom:scripting/monoscript/fileName/TestRunCanceledException.cs: ff7dc6bce365deb50fafe94b823009cb -> 
  custom:scripting/monoscript/fileName/UIScrollViewEditor.cs: 20fe27f8a94a3018a417940c6c01926e -> 
  custom:scripting/monoscript/fileName/ISettingsBuilder.cs: af84c62ea6a033820a24a2d04c70d5c3 -> 
  custom:scripting/monoscript/fileName/NGUIEditorExtensions.cs: f5d80a3d5296de6aa3a5dfa39d35dabf -> 
  custom:scripting/monoscript/fileName/UnityWorkItem.cs: ce02ef2c77c866afeb6c04a89a364a8a -> 
  custom:scripting/monoscript/fileName/GamesServicesClient.cs: 3c8fdb130d60962f80824bd82a66d074 -> 
  custom:scripting/monoscript/fileName/PlayerConnectionMessageIds.cs: 2e4b7265f0eeb40e1260d00fe6e4614e -> 
  custom:scripting/monoscript/fileName/UISprite.cs: 81bb09df372ee90fbaa6a4ae151be4a9 -> 
  custom:scripting/monoscript/fileName/RenderingOptions.cs: a84cebfad0b53e3dbf0202be3cc1d6d3 -> 
  custom:scripting/monoscript/fileName/NGUIHelp.cs: dfdf1be2a7d6f51dbf52c4e77c35fc33 -> 
  custom:scripting/monoscript/fileName/UI2DSpriteAnimation.cs: 35002154db25bac1799260a524ac8b3d -> 
  custom:scripting/monoscript/fileName/TestCommandBuilder.cs: bf61faf29c0aea0c4e5d4ac76abaee13 -> 
  custom:scripting/monoscript/fileName/TweenAlpha.cs: d1b9d8db043421cf65be4e027d838d5f -> 
  custom:scripting/monoscript/fileName/WorkItemFactory.cs: d8b2e380888ccc980a475a01f04d7a45 -> 
  custom:scripting/monoscript/fileName/ITestResultAdaptor.cs: bb9e1bbb2ff45e5a5f11e877a24721d7 -> 
  custom:scripting/monoscript/fileName/VisualStudioInstallation.cs: 41612f13db7783c8635801ab159c1079 -> 
  custom:scripting/monoscript/fileName/PlayGamesLeaderboard.cs: 730c3ea3933e6af731b0240ae5d085ff -> 
  custom:scripting/monoscript/fileName/UnityTestExecutionContext.cs: 4c0ef8e8d96fc20b3ec58c9447d6ec92 -> 
  custom:scripting/monoscript/fileName/InvalidSignatureException.cs: f250eccc836ee674127ecdee41f7a4ea -> 
  custom:scripting/monoscript/fileName/AndroidTokenClient.cs: 99656452a419d4b9b57b4150736630c2 -> 
  custom:scripting/monoscript/fileName/IAssetsDatabaseHelper.cs: 4f8027cddf715e38f75ab454f20fe051 -> 
  custom:scripting/monoscript/fileName/LogSavingCallbacks.cs: 8eb93b3e2c76ea1a8acb6e2d0b5c5f91 -> 
  custom:scripting/monoscript/fileName/TokenClient.cs: 70b874cefbfed45f540a516eab539a9e -> 
  custom:scripting/monoscript/fileName/Vector2ComparerWithEqualsOperator.cs: 1851f392f974d4a42efb0de68a402e9b -> 
  custom:scripting/monoscript/fileName/UIAtlasInspector.cs: 1781ef79fcfa379b889e17d445a4e402 -> 
  custom:scripting/monoscript/fileName/ITestAdaptorFactory.cs: 0cef1125679c38dd172e82c8aed26eb9 -> 
  custom:scripting/monoscript/fileName/UIDragDropItem.cs: 0c50c466c56f782eb40c8fbb496e1441 -> 
  custom:scripting/monoscript/fileName/UnitySetUpAttribute.cs: 78bcd37bf54751e70200df4ae24f405b -> 
  custom:scripting/monoscript/fileName/VisualStudioForWindowsInstallation.cs: 468ed6fb57813d3de23aa53f5f59c2eb -> 
  custom:scripting/monoscript/fileName/NGUITransformInspector.cs: c6bf81d92f0aa23fe074e3b96827c60c -> 
  custom:scripting/monoscript/fileName/UIDragResize.cs: e9215969dfc29f196e082913421f4352 -> 
  custom:scripting/monoscript/fileName/UISlider.cs: 80bdd566a8f50a1cd058945a257bf451 -> 
  custom:scripting/monoscript/fileName/TestListJob.cs: 3a58b9c1d09f7f4ecb41254c8497b5c7 -> 
  custom:scripting/monoscript/fileName/RestoreTestContextAfterDomainReload.cs: 3f8ddcbc7c316ccf5012287995780eb2 -> 
  custom:scripting/monoscript/fileName/AssemblyWrapper.cs: 888ba979193ec837feef9add74101219 -> 
  custom:scripting/monoscript/fileName/UIPlayTweenEditor.cs: 8023ec336d89aa63566b77eaebd2743c -> 
  custom:scripting/monoscript/fileName/SwitchPlatformSetup.cs: 576de741bbd585688af4b8aaf70f0708 -> 
  custom:scripting/monoscript/fileName/TypewriterEffect.cs: fd37fa138c3ed90a82f3c1def6552d96 -> 
  custom:scripting/monoscript/fileName/NGUIMenu.cs: abaf246d79b4fd46b9b3dfab261a4cf1 -> 
  custom:scripting/monoscript/fileName/TestFinishedMessage.cs: ccd3538dc4059cd71acd9bfea48dbc80 -> 
  custom:scripting/monoscript/fileName/RemoteTestResultDataWithTestData.cs: bcf701fb298ed6f8cab894b203300c37 -> 
  custom:scripting/monoscript/fileName/Storage.cs: bed7cd374cd2f27831e315b7f47ee677 -> 
  custom:scripting/monoscript/fileName/PlayerLauncherContextSettings.cs: 3c0a34dce28ade8f88b3e213fadb0738 -> 
  custom:scripting/monoscript/fileName/WindowResultUpdater.cs: 605812b0e2a9a0174e15ed86a3d5ac57 -> 
  custom:scripting/monoscript/fileName/PlayerProfile.cs: eaedd008867e17d93ba2b97779ebd7cf -> 
  custom:scripting/monoscript/fileName/UISpriteAnimationInspector.cs: 96224beb6b511679e38c2c96dfa093e6 -> 
  custom:scripting/monoscript/fileName/UIButtonRotation.cs: 22a61728611fb39b738a07c156acc369 -> 
  custom:scripting/monoscript/fileName/UIPanel.cs: 9f16c05ce05ad3a4a2de4d5674012331 -> 
  custom:scripting/monoscript/fileName/BeforeAfterTestCommandBase.cs: 90647cc400823b41df847a6cbfc29026 -> 
  custom:scripting/monoscript/fileName/TestRunnerResult.cs: 613fb3e1dfef14aa9d5aea2cd635ffff -> 
  custom:scripting/monoscript/fileName/Vector4ComparerWithEqualsOperator.cs: 982db4358832ddfb456522b96543f1da -> 
  custom:scripting/monoscript/fileName/EditModeRunner.cs: f1ceb581ae48e42ca32e80f796ce45bc -> 
  custom:scripting/monoscript/fileName/UIEventListener.cs: 7626b08ee50867678c5a82ecbeb86b04 -> 
  custom:scripting/monoscript/fileName/ConstraintsExtensions.cs: 89e01f1f8de15d891db3bad70117d924 -> 
  custom:scripting/monoscript/fileName/Vector2EqualityComparer.cs: 4ac8b0db10bbdb7ea68d4be944c5b941 -> 
  custom:scripting/monoscript/fileName/NearbyConnectionClientFactory.cs: 9a529d7823fa4d5f482bbdc0557347fc -> 
  custom:scripting/precompiled-assembly-types:UnityEditor.TestRunner: 1b08a5e3d69264f3b8177a3e839577fe -> 
  custom:scripting/monoscript/fileName/LanguageSelection.cs: 246f6670b200e0bd99127dba76294bc2 -> 
  custom:scripting/monoscript/fileName/MinMaxRangeAttributeDrawer.cs: c4b43a9a267615e93143878492bce408 -> 
  custom:scripting/monoscript/fileName/UnityTestTimeoutException.cs: b7ec28ea102309dc20886c45fff1e1b5 -> 
  custom:scripting/monoscript/fileName/UITexturePacker.cs: 53a111a30e9b31a5b6a43e4433078b14 -> 
  custom:scripting/monoscript/fileName/PlayModeRunnerCallback.cs: 6cd874bc3032a6eaf4228f5877b27ba0 -> 
  custom:scripting/monoscript/fileName/CaptureOverlayStateListener.cs: 8963a0d283c8ac78c6b1d7698d98777f -> 
  custom:scripting/monoscript/fileName/ITestTreeRebuildCallbacks.cs: f952713f83d574a58f719696be7e52a3 -> 
  custom:scripting/monoscript/fileName/RunSettings.cs: 6770f3fdaf287e73ff6c63f28a5a7e92 -> 
  custom:scripting/monoscript/fileName/Serializer.cs: 905b7c35427fb9aeef8d2d4a7500e1d3 -> 
  custom:scripting/monoscript/fileName/Profile.cs: 8a860443a61edc7453ef3dd1b0cdb699 -> 
  custom:scripting/monoscript/fileName/SaveModiedSceneTask.cs: 135adac13be698ff4439d6c6268aa5b8 -> 
  custom:scripting/monoscript/fileName/IAssemblyWrapper.cs: 993dbd556e2f14ec6d4f6bce6cb00191 -> 
  custom:scripting/monoscript/fileName/UITestRunnerFilter.cs: a9e31eaec62dd508fa917eadb1c52808 -> 
  custom:scripting/monoscript/fileName/UICreateNewUIWizard.cs: a3a01343bb9d7c65a399518e16c15aa8 -> 
  custom:scripting/monoscript/fileName/Executer.cs: 3f667ef14fa1c500658713b8aa31fd85 -> 
  custom:scripting/monoscript/fileName/UICameraEditor.cs: a6517a0ae7c939bf04f75943ae5b504f -> 
  custom:scripting/monoscript/fileName/UIDragDropRoot.cs: 112a97c46b67dfff37c3103475acb774 -> 
  custom:scripting/monoscript/fileName/NGUIDebug.cs: 1e3fa802078bac2c988b630d05874bc8 -> 
  custom:scripting/monoscript/fileName/EnumeratorStepHelper.cs: 05022a723dcf173476ccb43403871168 -> 
  custom:scripting/monoscript/fileName/FullNameFilter.cs: 7c49c279cb0d631ca64d8b7d70065d9c -> 
  custom:scripting/monoscript/fileName/AssetPipelineIgnore.cs: 09786e27e9aef22fa608d3ec356f88ff -> 
  custom:scripting/monoscript/fileName/UwpPlatformSetup.cs: b9f50f93de5f547a7eaf96f1bc58a80f -> 
  custom:scripting/monoscript/fileName/UITextureInspector.cs: 90538f3ac43b879bbca024b380b5981c -> 
  custom:scripting/monoscript/fileName/EnumerableApplyChangesToContextCommand.cs: c2aa6cedc66892dd581c50a4d9b6a147 -> 
  custom:scripting/monoscript/fileName/UnhandledLogMessageException.cs: fa6ee6fe2a221a71f213304ae56898c7 -> 
  custom:scripting/monoscript/fileName/Icons.cs: d200e454d3abc3ae715b656f39ed7d9c -> 
  custom:scripting/monoscript/fileName/UIButtonMessageEditor.cs: c68798a6b45e4bf50525622c070e627a -> 
  custom:scripting/monoscript/fileName/RecompileScripts.cs: 73e345449efb1420f34aad9debcdf2bd -> 
  custom:scripting/monoscript/fileName/PlayGamesUserProfile.cs: b3668856aca011e743f4a7d60fa395fd -> 
  custom:scripting/monoscript/fileName/FileCleanupVerifierTaskBase.cs: 8c0e90b329ac988e22429767c222f3c6 -> 
  custom:scripting/precompiled-assembly-types:Assembly-CSharp: 54e543295d3ad04b91d4c2d99070f6f5 -> 
  custom:scripting/monoscript/fileName/PlaymodeWorkItemFactory.cs: 8bb2d7c0ad22b08cf17b1748007ae8c3 -> 
  custom:scripting/monoscript/fileName/PlayerTestAssemblyProvider.cs: cbdd04f669e4e0054bad4f9d3133a10c -> 
  custom:scripting/monoscript/fileName/PrebuildSceneSetupAttribute.cs: 7863da9f66129a3cef8eac0a1f19b990 -> 
  custom:scripting/monoscript/fileName/NearbyHelperObject.cs: ccf41a75cd0cb7900daafc814c343a44 -> 
  custom:scripting/monoscript/fileName/RemoteTestData.cs: 51ba1ddd57fb71948e60067806b9cfcd -> 
  custom:scripting/monoscript/fileName/StadiaPlatformSetup.cs: 27e00e91e04b4888c1d6354fa4baa6a5 -> 
  custom:scripting/monoscript/fileName/PlayGamesClientConfiguration.cs: cbda80d08c4fad2108cf8d499a4ce6cd -> 
  custom:scripting/monoscript/fileName/TestSettingsDeserializer.cs: 2daa2d89ea5f024d33cb1e72a3d35d63 -> 
  custom:scripting/monoscript/fileName/DebugConsole.cs: d53a29466497d1f9fd76c5bde3b40738 -> 
  custom:scripting/monoscript/fileName/AES.cs: 34df2ff42e08a5051480297ceee97ceb -> 
  custom:scripting/monoscript/fileName/EditModeTestListGUI.cs: 8831f0ca2dcd13614282b516af72c688 -> 
  custom:scripting/monoscript/fileName/TestResultSerializer.cs: b75c8de5ed0cf8b4071350488249260d -> 
  custom:scripting/monoscript/fileName/Messenger.cs: f4ebc46d09b2b4de489946914db2aae0 -> 
  custom:scripting/monoscript/fileName/IUtpLogger.cs: 1b41334d9fc4fd5edb024e0bd2a6db56 -> 
  custom:scripting/monoscript/fileName/Engine.cs: d0617207605a88be881b15ef18306b04 -> 
  custom:scripting/monoscript/fileName/DelayedCallback.cs: e88c5396d33adcd6404b4cb8a051b2b1 -> 
  custom:scripting/monoscript/fileName/UIToggledComponents.cs: 09c45d9d47ddf34196a0ee07722cb8e8 -> 
  custom:scripting/monoscript/fileName/UIRectEditor.cs: 2d20bdb8a5e58c77d358363fa4527028 -> 
  custom:scripting/monoscript/fileName/TcpListener.cs: 940bfdac0e91ad2884e6359468f2782a -> 
  custom:scripting/monoscript/fileName/TestRunnerWindow.cs: 156fc89bab7bdd82ca70e07c9aa9ebbd -> 
  custom:scripting/monoscript/fileName/GPGSProjectSettings.cs: f428214e4ec8abb7d5ea4bd8a06d1f8e -> 
  custom:scripting/monoscript/fileName/OrderedTestSuiteModifier.cs: 6a8006d91a7636d39c6731494060c3c2 -> 
  custom:scripting/monoscript/fileName/UIAtlas.cs: 160e4161d9df00b79bd59efee5b117c9 -> 
  custom:scripting/monoscript/fileName/TweenAlphaEditor.cs: f739fb8f5f2ebc28db06228f3e9237e1 -> 
  custom:scripting/monoscript/fileName/UtpMessageReporter.cs: 1ce82c57220e51532d6b3e5da0cecc24 -> 
  custom:scripting/monoscript/fileName/RotationHelper.cs: 87beb2da9498fa31188911229394eeb0 -> 
  custom:scripting/monoscript/fileName/GUIDProvider.cs: e95f79fad3d1354cc56eebd7db9ee6a3 -> 
  custom:scripting/monoscript/fileName/BeforeAfterTestCommandState.cs: b5335096b805e070d1c48ec9209e057d -> 
  custom:scripting/monoscript/fileName/SpringPosition.cs: b0b8b44fff9e06660f73d7c0bfd9ac82 -> 
  custom:scripting/monoscript/fileName/VideoCapabilities.cs: 9c624cbed443e8220c35d5da43eec58e -> 
  custom:scripting/monoscript/fileName/DefaultTestWorkItem.cs: f906b4fb5b78cb9d23a07212620919d9 -> 
  custom:scripting/monoscript/fileName/NGUISnap.cs: 8c2d7d4e091cbd83fdc9c9342cdd7b48 -> 
  custom:scripting/monoscript/fileName/ColorHelper.cs: 438028ff52c89509f38281463b74fa11 -> 
  custom:scripting/monoscript/fileName/AndroidHelperFragment.cs: 1f2e058b49a85946b8a25a4bff14ddeb -> 
  custom:scripting/monoscript/fileName/UIFontMaker.cs: 2d035cfd176aa128b5ce592f25967691 -> 
  custom:scripting/monoscript/fileName/TestRunnerApiMapper.cs: 241489454095fad1d1d89166ee62820f -> 
  custom:scripting/monoscript/fileName/UIButtonOffset.cs: 9ae3f8fb22cad69339f6c14dd6693c56 -> 
  custom:scripting/monoscript/fileName/TestTreeViewBuilder.cs: 6ec2bdd7d75f4f5e0b3318e1489ac19d -> 
  custom:scripting/monoscript/fileName/UIPanelTool.cs: 15ddff5ad7832c305266609b6f47e2e0 -> 
  custom:scripting/monoscript/fileName/Message.cs: 671a789acb2c7a93d0b620fe02979957 -> 
  custom:scripting/monoscript/fileName/LegacyPlayerRunTask.cs: 148e0500b0761261bc418d25c26e82b1 -> 
  custom:scripting/monoscript/fileName/UIWrapContentEditor.cs: 276b33b4b9abc0224f01648a8bf0c4ad -> 
  custom:scripting/monoscript/fileName/UIGrid.cs: 9be26f8db7d711689a46a4bf454f11d5 -> 
  custom:scripting/monoscript/fileName/SolutionParser.cs: 240a75b5fc2682997268aa77e6a1dd86 -> 
  custom:scripting/monoscript/fileName/UIColorPickerEditor.cs: 31d20128f82a847fabc3f6b195cb29ab -> 
  custom:scripting/monoscript/fileName/Base64.cs: 3334fc9c177af7e29943d254bb32b196 -> 
  custom:scripting/monoscript/fileName/UIKeyNavigationEditor.cs: c85ddc0742989cddcb8d0c0d8b822bb4 -> 
  custom:scripting/monoscript/fileName/ProtectedValue.cs: 16d4dfc5971bbee60844fc92cb049f3b -> 
  custom:scripting/monoscript/fileName/TweenRotationEditor.cs: 64662ea41fcbb8c5982b7d3af1c7470c -> 
  custom:scripting/monoscript/fileName/NearbyConnectionConfiguration.cs: 37b22c38ad06f22daaffc0fe47f0dd07 -> 
  custom:scripting/monoscript/fileName/UIProgressBarEditor.cs: 027c84350dfdc51f2c7bf3d5a1208668 -> 
  custom:scripting/monoscript/fileName/BuildTestTreeTask.cs: ca4a5380bc07f43d0ad6bc5c2ca39b4b -> 
  custom:scripting/monoscript/fileName/UITexture.cs: 1d7d0730a68285c89aeb639b92c62e03 -> 
  custom:scripting/monoscript/fileName/ICallbacksDelegator.cs: 2bfa822de05a601b9fbe2f79d4d317c0 -> 
  custom:scripting/monoscript/fileName/TweenPositionEditor.cs: fe1fc199afcd3d50b752c4f8f16e4f37 -> 
  custom:scripting/monoscript/fileName/LogScope.cs: a032a8edefa3a04276b9f24e5047f2ac -> 
  custom:scripting/monoscript/fileName/SpriteSelector.cs: 3805059da03bf6e8759999b08df3b0bc -> 
  custom:scripting/monoscript/fileName/Vector3ComparerWithEqualsOperator.cs: c497cde63ec72672e5f69e70b932688f -> 
  custom:scripting/monoscript/fileName/UISnapshotPoint.cs: ea62a7a7d1c35b2adbd7eb84d5031564 -> 
  custom:scripting/monoscript/fileName/TestListGuiHelper.cs: 6d40eb061ebdba07e078b90b14eadffd -> 
  custom:container-demuxer-webm: 4f35f7cbe854078d1ac9338744f61a02 -> 
  custom:scripting/monoscript/fileName/IGuiHelper.cs: da57d3fb0f8ace42d5b01eed25e9e3d5 -> 
  custom:scripting/monoscript/fileName/TestAdaptor.cs: 486cec8559bad7c56adc699f165feb67 -> 
  custom:scripting/monoscript/fileName/EditmodeWorkItemFactory.cs: e9c8ba8d2a4b7d9a886e64626b2e6205 -> 
  custom:scripting/monoscript/fileName/TestJobData.cs: 194f4626c5a4649f7b9d85aa9d59e59a -> 
  custom:scripting/monoscript/fileName/TestListenerWrapper.cs: 9bd83ba3a6a675f3c605795064caa62b -> 
  custom:scripting/monoscript/fileName/TestStartedMessage.cs: 2e20a681c83fd9e8634c9b938205f951 -> 
  custom:scripting/monoscript/fileName/AnimatedColor.cs: 91750836901fa45527cebf2c470446fd -> 
  custom:scripting/monoscript/fileName/UISnapshotPointEditor.cs: bbc3a662ad2e27d2bb3e165e173b7781 -> 
  custom:scripting/monoscript/fileName/TestPlanMessage.cs: 6199b0505360321c39d00a607adaaf8d -> 
  custom:scripting/monoscript/fileName/RuntimeTestRunnerFilter.cs: 526247a6af82c71973a55c9c5be36280 -> 
  custom:scripting/monoscript/fileName/AndroidSavedGameClient.cs: cdcaac82abe6dec9df609757cc9ed81b -> 
  custom:scripting/monoscript/fileName/TaskScheduler.cs: d9f18cbf9ef3f2ebb033bf4673b657cf -> 
  custom:scripting/monoscript/fileName/CallbacksDelegator.cs: e0dcdade48f633c0a7cebc925bd686c4 -> 
  custom:scripting/monoscript/fileName/TweenOrthoSize.cs: ab4130486613cfac088d5968c85d34ee -> 
  custom:scripting/monoscript/fileName/TestResultExtensions.cs: 1c512e213c49ce6d72b9d37b957b9372 -> 
  custom:scripting/monoscript/fileName/GPGSPostBuild.cs: 78a9e1706a07088f3a16f5a5223e35eb -> 
  custom:scripting/monoscript/fileName/TcpClient.cs: a949cfd4c46427829913ee0195fa0103 -> 
  custom:scripting/monoscript/fileName/BMGlyph.cs: 6543d0f6c8390165105d129eb1ef4953 -> 
  custom:scripting/monoscript/fileName/LogMatch.cs: fed715ef044674dde53628d58d931b50 -> 
  custom:scripting/monoscript/fileName/ITestSettings.cs: 7d6676128f469c2eefb2813ec592ab4f -> 
  custom:scripting/monoscript/fileName/GameInfo.cs: 07fa963f30736b438b6ae131177e21e5 -> 
  custom:scripting/monoscript/fileName/TestCommandPcHelper.cs: f958b2880473418011bc0cda18245d1e -> 
  custom:scripting/monoscript/fileName/DummyNearbyConnectionClient.cs: 59221e562a8c48562f0c9cb2f1a7c274 -> 
  custom:scripting/monoscript/fileName/VideoCaptureState.cs: 95378a566a2d79db250c843eae350dfb -> 
  custom:scripting/monoscript/fileName/UsageUtility.cs: 5ed3d13206b2b96245ce59a5c83beed1 -> 
  custom:scripting/monoscript/fileName/BetterList.cs: 90647cc400823b41df847a6cbfc29026 -> 
  custom:scripting/monoscript/fileName/RemoteTestResultSender.cs: 2b6acbe484994dc310d0ac406904e742 -> 
  custom:scripting/monoscript/fileName/UIWidgetContainer.cs: 9e358427bbe53be1319f16e3dc4f47e5 -> 
  custom:scripting/monoscript/fileName/ITestRunSettings.cs: a5342276210c7f86635118880184dc77 -> 
  custom:scripting/monoscript/fileName/CallbacksDelegatorListener.cs: f80c4f45fed6816f24285f468af00026 -> 
  custom:scripting/monoscript/fileName/UIFont.cs: d635a9d6080af608e0c469259825c204 -> 
  custom:scripting/monoscript/fileName/Script.cs: 12b9e13c0a7632258c6f1f7e543a5a1c -> 
  custom:scripting/monoscript/fileName/OutOfOrderExpectedLogMessageException.cs: 4ff78bac16cc86124e588c20ad3ddba7 -> 
  custom:scripting/monoscript/fileName/IPlatformSetup.cs: 6f20476898784a15f8b8eb28653a67fd -> 
  custom:scripting/monoscript/fileName/TestTreeViewItem.cs: aae3d62f4daf680133c1c18c7814d15e -> 
  custom:scripting/monoscript/fileName/PlanformDependedSettings.cs: 71932e9b05badb23768c4bcd0ca060d6 -> 
  custom:scripting/monoscript/fileName/TestRunnerWindowSettings.cs: fb70b758f65d0605100dbd9482b7158e -> 
  custom:scripting/monoscript/fileName/IPlayGamesClient.cs: 1ad719d32c31a6809c48b983027e2d07 -> 
  custom:scripting/monoscript/fileName/AssemblyLoadProxy.cs: 0f3a4ee005eb8f7b33161c2ba6196e00 -> 
  custom:container-muxer-webm: aa71ff27fc2769a1b78a27578f13a17b -> 
  custom:scripting/monoscript/fileName/AttributeFinderBase.cs: 7e104530f871143fdb60a169114dd663 -> 
  custom:scripting/monoscript/fileName/B64R.cs: 23e3382cf16a0b7f8b67f4483dfd418d -> 
  custom:scripting/monoscript/fileName/AndroidEventsClient.cs: 8b70cd2b807ca35121dc023fb57e39f7 -> 
  custom:scripting/monoscript/fileName/UIButtonKeys.cs: fb3f3ea5973f0c7e3150cf98be284686 -> 
  custom:scripting/monoscript/fileName/UIShowControlScheme.cs: fcf03e3016607de138868f2393915f83 -> 
  custom:scripting/monoscript/fileName/UIWidgetInspector.cs: 9d556b41c48110503cd35a23f58373e5 -> 
  custom:scripting/monoscript/fileName/ByteHelper.cs: c2d92033faf8b759afcdfaedc70a9509 -> 
  custom:scripting/monoscript/fileName/UITweenerEditor.cs: 33c6ca09e0bf044468c7bb88266e0532 -> 
  custom:scripting/monoscript/fileName/ISavedGameClient.cs: d608dd17c2cf0d77e53d24bf3e80b961 -> 
  custom:scripting/monoscript/fileName/UIPlayAnimationEditor.cs: 2b2d6a04779996dc9ba4f60ba9a87db7 -> 
  custom:scripting/monoscript/fileName/PlayerStats.cs: cea33817bc59207de0a5be12e2f79424 -> 
  custom:scripting/monoscript/fileName/Extensions.cs: 3b5a91ff96ce2c98c5a0e6a4e3d30340 -> 
  custom:scripting/monoscript/fileName/SaveUndoIndexTask.cs: 6e0bcd5f418cf8184993174ac732fff4 -> 
  custom:scripting/precompiled-assembly-types:Google.VersionHandlerImpl: fa759366e6c1067122c591c441b6650c -> 
  custom:scripting/monoscript/fileName/TestResultRenderer.cs: 2e8123de6d2eea4d42efb7a87e150b27 -> 
  custom:scripting/monoscript/fileName/NGUIContextMenu.cs: b320536d70b65ec390b336bb444bb048 -> 
  custom:scripting/monoscript/fileName/SetUpTearDownCommand.cs: 684e5d1c75373405f8a6c9575324286f -> 
  custom:scripting/monoscript/fileName/PlaymodeLauncher.cs: 7559db6722a49842c0446e2fd98b6c97 -> 
  custom:scripting/monoscript/fileName/GPGSAndroidSetupUI.cs: c299773a5712855c9e004184cd15df09 -> 
  custom:scripting/monoscript/fileName/UIAnchor.cs: 18779077bc54816d6b85f01894bd6b39 -> 
  custom:scripting/monoscript/fileName/PlayerLauncherBuildOptions.cs: 39352f62028667e3cc8d13371f828f55 -> 
  custom:scripting/monoscript/fileName/LockBase.cs: 14819b34acbc39b5f06868eb9966dc66 -> 
  custom:scripting/monoscript/fileName/ProcessRunner.cs: 932a2a80cb9a3539199f645deff3c585 -> 
  custom:scripting/monoscript/fileName/WaitForDomainReload.cs: b6033700f0adcf3b23782f04c42e269c -> 
  custom:scripting/monoscript/fileName/ExitCallbacksDataHolder.cs: 2a73f9623aa81becb5d8d11a43747b12 -> 
  custom:scripting/monoscript/fileName/EditorEnumeratorTestWorkItem.cs: b8f886476b7c18f3c1cdeae30ec0c8ea -> 
  custom:scripting/monoscript/fileName/RegisterFilesForCleanupVerificationTask.cs: f18fd2d946c9ea52b8232f47d6d70221 -> 
  custom:scripting/monoscript/fileName/ICommandLineOption.cs: 58da599070a3bdab08afc8355de79ed5 -> 
  custom:scripting/monoscript/fileName/ITestSettingsDeserializer.cs: 22e37de7af2cea07971d0ba87110dad7 -> 
  custom:scripting/monoscript/fileName/AnalyticsReporter.cs: 990f0ccd7dd9ebe56483e30a572c9394 -> 
  custom:scripting/monoscript/fileName/TestEnumerator.cs: 26328e1622cb69ba0b1e01e906e7f65f -> 
  custom:scripting/monoscript/fileName/Localization.cs: 9527f4382a50beee4e5842fef29ca30b -> 
  custom:scripting/monoscript/fileName/UnityTestAssemblyBuilder.cs: 5e02e71819f544263f933dbf6516d49f -> 
  custom:scripting/monoscript/fileName/TestRunnerStateSerializer.cs: 7206f4f1eb4c5991ea76b5c39830dba4 -> 
  custom:scripting/monoscript/fileName/EventDelegateEditor.cs: 09e6bec53aa3b1e6fdfc5d2f2af2ec17 -> 
  custom:scripting/monoscript/fileName/EnumerableRetryTestCommand.cs: b281084796eb91cc19de80f3f2b73a56 -> 
  custom:scripting/monoscript/fileName/UIPopupListInspector.cs: cbd89ecbbe034bc5b98b46f2adb60971 -> 
  custom:scripting/monoscript/fileName/UILocalizeEditor.cs: 765410ffd78f43895874a8e3d650d541 -> 
  custom:scripting/monoscript/fileName/PlayGamesPlatform.cs: d782f6ab2da5137f285f22a6872852b0 -> 
  custom:scripting/monoscript/fileName/GPGSStrings.cs: dd86a8ea956b4282a8ef6d6946ddceef -> 
  custom:scripting/monoscript/fileName/TestAdaptorFactory.cs: b9e4d12260befcd688940e2c80db8ee8 -> 
  custom:scripting/monoscript/fileName/IEnumerableTestMethodCommand.cs: 81260787415c187c9e413e476b816cd2 -> 
  custom:scripting/monoscript/fileName/UtpDebuglogger.cs: 2f96cd7ac1384aa23e8238df80ef8354 -> 
  custom:scripting/monoscript/fileName/UIInputEditor.cs: e30bc66ae70a33a0393f3c9b8d66d729 -> 
  custom:scripting/monoscript/fileName/ActiveAnimation.cs: 3fbbf56e13c4edc0479f4b8117d25877 -> 
  custom:scripting/monoscript/fileName/UIScrollBarEditor.cs: 5d93f4e728d13c66a072b29679973204 -> 
  custom:scripting/monoscript/fileName/UIWidgetContainerEditor.cs: 5d21b074689569c756a1c62572e805f6 -> 
  custom:scripting/monoscript/fileName/ColorEqualityComparer.cs: 9ae684bc4a6b608abc9f7f131bd7cb1d -> 
  custom:scripting/precompiled-assembly-types:UnityEngine.TestRunner: 7a4d96a0696e29157328c6996c3b82c5 -> 
  custom:scripting/monoscript/fileName/UILocalize.cs: 23e462d28611f1083afa5a9e14f30acf -> 
  custom:scripting/monoscript/fileName/TweenLetters.cs: d646d8730a3fe071f9b514555b87849c -> 
  custom:scripting/monoscript/fileName/PlayGamesScore.cs: 8209a8f70c7e9183ce57ac5dd0704cab -> 
  custom:scripting/monoscript/fileName/VisualStudioCodeInstallation.cs: 6b6ec59c4ff0bddfc5db8b3c453d5172 -> 
  custom:scripting/monoscript/fileName/UIPanelInspector.cs: a3be8f974620ff4bd881b12b6d3aacf3 -> 
  custom:scripting/monoscript/fileName/PrefabsHelper.cs: 3ccee458621e53b93253d5eb6e25731e -> 
  custom:scripting/monoscript/fileName/EditModePCHelper.cs: e16a214ddb2d161f4792170cb0c8e6aa -> 
  custom:scripting/monoscript/fileName/AssemblyNameFilter.cs: ce7ef29746fb23841833950bb87cfa6a -> 
  custom:scripting/monoscript/fileName/ExecutionSettings.cs: bbd5f229f5dcda0d2d7d6fe8eb266a59 -> 
  custom:scripting/monoscript/fileName/PropertyBindingEditor.cs: 54b4091e704e8c092dd41aa607d14b33 -> 
  custom:scripting/monoscript/fileName/UIPlayAnimation.cs: 4361c5b88c0dd2eda4a24b082791b8d7 -> 
  custom:scripting/monoscript/fileName/UIToggleInspector.cs: 00d93de17cc7f6bd5f8e0b20d03f0f76 -> 
  custom:scripting/monoscript/fileName/IAsyncTestAssemblyBuilder.cs: d4bd9849c11964145b1082a4b1d477fa -> 
  custom:scripting/monoscript/fileName/LogEvent.cs: 9bf386b9808c16608387e196f7a5e9d6 -> 
  custom:scripting/monoscript/fileName/Deserializer.cs: 1cc72e9ed2428cc6d6ce2d4d2ad7b02b -> 
  custom:scripting/monoscript/fileName/Discovery.cs: 2653aab1b250aaf4e3b996846f31c100 -> 
  custom:scripting/monoscript/fileName/PropertyBinding.cs: ec4c23c83d917186848586b57d7f6747 -> 
  custom:scripting/monoscript/fileName/UIDragObjectEditor.cs: 89fbdf71d495e2fad97741306b5e4480 -> 
  custom:scripting/monoscript/fileName/TweenOrthoSizeEditor.cs: 1cb42f77298c97617452715bf1c88f69 -> 
  custom:scripting/monoscript/fileName/AnalyticsTestCallback.cs: 70c2658c96c40ebe349fda85c81dae6e -> 
  custom:scripting/monoscript/fileName/UIViewport.cs: 6ac39b3be7aec85f7763203bf3865c99 -> 
  custom:scripting/monoscript/fileName/RemotePlayerLogController.cs: 158b55f2a8781eb1cac7ac26acd42fc6 -> 
  custom:scripting/monoscript/fileName/EnumerableTestState.cs: 30e3efb82d3f99d65cdecdd2f0bc0194 -> 
  custom:scripting/monoscript/fileName/TestTaskBase.cs: 162ca0c58961a22b2d7f2a866ccb62df -> 
  custom:scripting/monoscript/fileName/NGUIEditorTools.cs: d90901af91af2c01c54aebc4d4a6fe40 -> 
  custom:scripting/monoscript/fileName/CallbacksHolder.cs: 8b4255bb9b31589c4c3dd9303007381d -> 
========================================================================
Received Import Request.
  Time since last request: 266.051249 seconds.
  path: Assets/Atlases/Common.png
  artifactKey: Guid(bce66ffdd51944846b254adbb9964e1d) Importer(2089858483,0ecaa5967403d082aa24f35e1b516d23)
Start importing Assets/Atlases/Common.png using Guid(bce66ffdd51944846b254adbb9964e1d) Importer(2089858483,0ecaa5967403d082aa24f35e1b516d23) [PhysX] Initialized MultithreadedTaskDispatcher with 32 workers.
 -> (artifact id: '884c9d80beb9092f5eaa9f5616555b98') in 0.120908 seconds
Number of updated asset objects reloaded before import = 0
Number of asset objects unloaded after import = 3
========================================================================
Received Import Request.
  Time since last request: 0.000019 seconds.
  path: Assets/Images/Common/Sync.png
  artifactKey: Guid(76ce7a634c5010243b0c2d57618336c7) Importer(2089858483,0ecaa5967403d082aa24f35e1b516d23)
Start importing Assets/Images/Common/Sync.png using Guid(76ce7a634c5010243b0c2d57618336c7) Importer(2089858483,0ecaa5967403d082aa24f35e1b516d23) [PhysX] Initialized MultithreadedTaskDispatcher with 32 workers.
 -> (artifact id: '438a6ec7b64ed58bcf00abfb40d60380') in 0.027990 seconds
Number of updated asset objects reloaded before import = 0
Number of asset objects unloaded after import = 3
========================================================================
Received Import Request.
  Time since last request: 0.000022 seconds.
  path: Assets/Images/Common/Circle.png
  artifactKey: Guid(e0e9ef56413bd1549b3ae3ff3d9b4c5f) Importer(2089858483,0ecaa5967403d082aa24f35e1b516d23)
Start importing Assets/Images/Common/Circle.png using Guid(e0e9ef56413bd1549b3ae3ff3d9b4c5f) Importer(2089858483,0ecaa5967403d082aa24f35e1b516d23) [PhysX] Initialized MultithreadedTaskDispatcher with 32 workers.
 -> (artifact id: 'e1e25994c24c2499eb208463b39d5d27') in 0.022377 seconds
Number of updated asset objects reloaded before import = 0
Number of asset objects unloaded after import = 3
========================================================================
Received Import Request.
  Time since last request: 0.000014 seconds.
  path: Assets/Scripts/TouchSlider.cs
  artifactKey: Guid(84ee673e5b0ae154e87b5b561f6a8f84) Importer(2089858483,0ecaa5967403d082aa24f35e1b516d23)
Start importing Assets/Scripts/TouchSlider.cs using Guid(84ee673e5b0ae154e87b5b561f6a8f84) Importer(2089858483,0ecaa5967403d082aa24f35e1b516d23) [PhysX] Initialized MultithreadedTaskDispatcher with 32 workers.
 -> (artifact id: 'c2b9a4a9583707caf521e4d3b2ad6779') in 0.009048 seconds
Number of updated asset objects reloaded before import = 0
Number of asset objects unloaded after import = 1
========================================================================
Received Import Request.
  Time since last request: 0.000038 seconds.
  path: Assets/Plugins/Android/in-app-purchasing-2.0.1.jar
  artifactKey: Guid(e7c38c9a342b63742ac9ab7a6b62579d) Importer(2089858483,0ecaa5967403d082aa24f35e1b516d23)
Start importing Assets/Plugins/Android/in-app-purchasing-2.0.1.jar using Guid(e7c38c9a342b63742ac9ab7a6b62579d) Importer(2089858483,0ecaa5967403d082aa24f35e1b516d23) [PhysX] Initialized MultithreadedTaskDispatcher with 32 workers.
 -> (artifact id: '4bc1eb109b494e0d18f781af111efd0e') in 0.011964 seconds
Number of updated asset objects reloaded before import = 0
Number of asset objects unloaded after import = 1
========================================================================
Received Import Request.
  Time since last request: 0.000020 seconds.
  path: Assets/NGUI/ReadMe - 3.11.4.txt
  artifactKey: Guid(05d75e209a8e9dc4096a834edfea27bf) Importer(2089858483,0ecaa5967403d082aa24f35e1b516d23)
Start importing Assets/NGUI/ReadMe - 3.11.4.txt using Guid(05d75e209a8e9dc4096a834edfea27bf) Importer(2089858483,0ecaa5967403d082aa24f35e1b516d23) [PhysX] Initialized MultithreadedTaskDispatcher with 32 workers.
 -> (artifact id: 'b5b82f19140de78ffb3a6b125c1ae2e2') in 0.015365 seconds
Number of updated asset objects reloaded before import = 0
Number of asset objects unloaded after import = 1
========================================================================
Received Import Request.
  Time since last request: 0.000162 seconds.
  path: Assets/GooglePlayGames/Editor/GooglePlayGamesPlugin_v0.10.14.txt
  artifactKey: Guid(693a823b8f0ad41fe8231a1b1c8a50da) Importer(2089858483,0ecaa5967403d082aa24f35e1b516d23)
Start importing Assets/GooglePlayGames/Editor/GooglePlayGamesPlugin_v0.10.14.txt using Guid(693a823b8f0ad41fe8231a1b1c8a50da) Importer(2089858483,0ecaa5967403d082aa24f35e1b516d23) [PhysX] Initialized MultithreadedTaskDispatcher with 32 workers.
 -> (artifact id: '2b6cab508e5706a6953a100d9dcaa255') in 0.014373 seconds
Number of updated asset objects reloaded before import = 0
Number of asset objects unloaded after import = 1
========================================================================
Received Import Request.
  Time since last request: 0.000068 seconds.
  path: Assets/Plugins/Android/AndroidManifest.xml
  artifactKey: Guid(5d6b0e0686f7dca429ffe478808df92c) Importer(2089858483,0ecaa5967403d082aa24f35e1b516d23)
Start importing Assets/Plugins/Android/AndroidManifest.xml using Guid(5d6b0e0686f7dca429ffe478808df92c) Importer(2089858483,0ecaa5967403d082aa24f35e1b516d23) [PhysX] Initialized MultithreadedTaskDispatcher with 32 workers.
 -> (artifact id: 'd78cec7824c9d21637ce33f504181a21') in 0.014000 seconds
Number of updated asset objects reloaded before import = 0
Number of asset objects unloaded after import = 1
========================================================================
Received Import Request.
  Time since last request: 0.000019 seconds.
  path: Assets/GooglePlayGames/ISocialPlatform/PlayGamesPlatform.cs
  artifactKey: Guid(c1de7754a6e7f4fb08b76780a184b3ca) Importer(2089858483,0ecaa5967403d082aa24f35e1b516d23)
Start importing Assets/GooglePlayGames/ISocialPlatform/PlayGamesPlatform.cs using Guid(c1de7754a6e7f4fb08b76780a184b3ca) Importer(2089858483,0ecaa5967403d082aa24f35e1b516d23) [PhysX] Initialized MultithreadedTaskDispatcher with 32 workers.
 -> (artifact id: '250156803a49db41b19e588c560bdfd4') in 0.009001 seconds
Number of updated asset objects reloaded before import = 0
Number of asset objects unloaded after import = 1
========================================================================
Received Import Request.
  Time since last request: 0.000025 seconds.
  path: Assets/Scripts/PrefabsHelper.cs
  artifactKey: Guid(f865efabb7282fa41b4f8e85a5f2f40a) Importer(2089858483,0ecaa5967403d082aa24f35e1b516d23)
Start importing Assets/Scripts/PrefabsHelper.cs using Guid(f865efabb7282fa41b4f8e85a5f2f40a) Importer(2089858483,0ecaa5967403d082aa24f35e1b516d23) [PhysX] Initialized MultithreadedTaskDispatcher with 32 workers.
 -> (artifact id: '06dabaf4729a34c7bf08c6f8a54699cd') in 0.007177 seconds
Number of updated asset objects reloaded before import = 0
Number of asset objects unloaded after import = 1
========================================================================
Received Import Request.
  Time since last request: 0.000010 seconds.
  path: Assets/Images/Common/ChangePattern.png
  artifactKey: Guid(544eed80ddee9104fac30aa6a1790a4a) Importer(2089858483,0ecaa5967403d082aa24f35e1b516d23)
Start importing Assets/Images/Common/ChangePattern.png using Guid(544eed80ddee9104fac30aa6a1790a4a) Importer(2089858483,0ecaa5967403d082aa24f35e1b516d23) [PhysX] Initialized MultithreadedTaskDispatcher with 32 workers.
 -> (artifact id: 'e2f86d45c4397c5139a7863bde1f5e49') in 0.022229 seconds
Number of updated asset objects reloaded before import = 0
Number of asset objects unloaded after import = 3
========================================================================
Received Import Request.
  Time since last request: 0.000016 seconds.
  path: Assets/GooglePlayGames/BasicApi/SignInInteractivity.cs
  artifactKey: Guid(f5c7733064f2b09dc8df0009b3bbb1d6) Importer(2089858483,0ecaa5967403d082aa24f35e1b516d23)
Start importing Assets/GooglePlayGames/BasicApi/SignInInteractivity.cs using Guid(f5c7733064f2b09dc8df0009b3bbb1d6) Importer(2089858483,0ecaa5967403d082aa24f35e1b516d23) [PhysX] Initialized MultithreadedTaskDispatcher with 32 workers.
 -> (artifact id: 'e8beed22c47ddf7ee6046d5bd012a14e') in 0.008205 seconds
Number of updated asset objects reloaded before import = 0
Number of asset objects unloaded after import = 1
========================================================================
Received Import Request.
  Time since last request: 0.000013 seconds.
  path: Assets/Images/Common/Enter.png
  artifactKey: Guid(f3fa8bdc63b26324b934689811b08dd2) Importer(2089858483,0ecaa5967403d082aa24f35e1b516d23)
Start importing Assets/Images/Common/Enter.png using Guid(f3fa8bdc63b26324b934689811b08dd2) Importer(2089858483,0ecaa5967403d082aa24f35e1b516d23) [PhysX] Initialized MultithreadedTaskDispatcher with 32 workers.
 -> (artifact id: '540efe4e2518fc87039cf1b5b0565564') in 0.021374 seconds
Number of updated asset objects reloaded before import = 0
Number of asset objects unloaded after import = 3
========================================================================
Received Import Request.
  Time since last request: 0.000010 seconds.
  path: Assets/Plugins/iOS/AppStoreBridge.mm
  artifactKey: Guid(648bd03bf6f1b4b81b502a1555ba7f81) Importer(2089858483,0ecaa5967403d082aa24f35e1b516d23)
Start importing Assets/Plugins/iOS/AppStoreBridge.mm using Guid(648bd03bf6f1b4b81b502a1555ba7f81) Importer(2089858483,0ecaa5967403d082aa24f35e1b516d23) [PhysX] Initialized MultithreadedTaskDispatcher with 32 workers.
 -> (artifact id: '878f76443813cf73b71aa31da0cf2be2') in 0.009421 seconds
Number of updated asset objects reloaded before import = 0
Number of asset objects unloaded after import = 1
========================================================================
Received Import Request.
  Time since last request: 0.000015 seconds.
  path: Assets/Images/Common/Line.png
  artifactKey: Guid(1617c469131dc5844bd37e30fac12065) Importer(2089858483,0ecaa5967403d082aa24f35e1b516d23)
Start importing Assets/Images/Common/Line.png using Guid(1617c469131dc5844bd37e30fac12065) Importer(2089858483,0ecaa5967403d082aa24f35e1b516d23) [PhysX] Initialized MultithreadedTaskDispatcher with 32 workers.
 -> (artifact id: 'd966138e2281f7edf63c44b843aaf6e9') in 0.021971 seconds
Number of updated asset objects reloaded before import = 0
Number of asset objects unloaded after import = 3
========================================================================
Received Import Request.
  Time since last request: 0.000028 seconds.
  path: Assets/Images/Common/Premium.png
  artifactKey: Guid(26b0db5a8fba44143bbaf5070b769d04) Importer(2089858483,0ecaa5967403d082aa24f35e1b516d23)
Start importing Assets/Images/Common/Premium.png using Guid(26b0db5a8fba44143bbaf5070b769d04) Importer(2089858483,0ecaa5967403d082aa24f35e1b516d23) [PhysX] Initialized MultithreadedTaskDispatcher with 32 workers.
 -> (artifact id: '2f5a7e00a1cc1a4875aa4f306de91840') in 0.021525 seconds
Number of updated asset objects reloaded before import = 0
Number of asset objects unloaded after import = 3
========================================================================
Received Import Request.
  Time since last request: 0.000018 seconds.
  path: Assets/Images/Common/Back.png
  artifactKey: Guid(b3a6faf6fe8d12a43b555fdfb96e476e) Importer(2089858483,0ecaa5967403d082aa24f35e1b516d23)
Start importing Assets/Images/Common/Back.png using Guid(b3a6faf6fe8d12a43b555fdfb96e476e) Importer(2089858483,0ecaa5967403d082aa24f35e1b516d23) [PhysX] Initialized MultithreadedTaskDispatcher with 32 workers.
 -> (artifact id: '3a0f878f88f608e0aa8aa177891fb77c') in 0.019764 seconds
Number of updated asset objects reloaded before import = 0
Number of asset objects unloaded after import = 3
========================================================================
Received Import Request.
  Time since last request: 0.000018 seconds.
  path: Assets/Images/Common/Halo.png
  artifactKey: Guid(eca877c199b1e194ea884af074933f94) Importer(2089858483,0ecaa5967403d082aa24f35e1b516d23)
Start importing Assets/Images/Common/Halo.png using Guid(eca877c199b1e194ea884af074933f94) Importer(2089858483,0ecaa5967403d082aa24f35e1b516d23) [PhysX] Initialized MultithreadedTaskDispatcher with 32 workers.
 -> (artifact id: '46ef9c98b56c5fbba7acb3553f6eadcc') in 0.023474 seconds
Number of updated asset objects reloaded before import = 0
Number of asset objects unloaded after import = 3
========================================================================
Received Import Request.
  Time since last request: 0.000021 seconds.
  path: Assets/Scripts/CardColor.cs
  artifactKey: Guid(bf6ce453533075d4782760f03bfe9272) Importer(2089858483,0ecaa5967403d082aa24f35e1b516d23)
Start importing Assets/Scripts/CardColor.cs using Guid(bf6ce453533075d4782760f03bfe9272) Importer(2089858483,0ecaa5967403d082aa24f35e1b516d23) [PhysX] Initialized MultithreadedTaskDispatcher with 32 workers.
 -> (artifact id: '3e47a553ed2c11c6b5eb9c75b060792d') in 0.011593 seconds
Number of updated asset objects reloaded before import = 0
Number of asset objects unloaded after import = 1
========================================================================
Received Import Request.
  Time since last request: 0.000015 seconds.
  path: Assets/Images/Common/Glossy.png
  artifactKey: Guid(5cf193654413ffe438374c4b97ef775d) Importer(2089858483,0ecaa5967403d082aa24f35e1b516d23)
Start importing Assets/Images/Common/Glossy.png using Guid(5cf193654413ffe438374c4b97ef775d) Importer(2089858483,0ecaa5967403d082aa24f35e1b516d23) [PhysX] Initialized MultithreadedTaskDispatcher with 32 workers.
 -> (artifact id: 'dc966b5453ce2ae1b42175aa1bc2cfb6') in 0.020049 seconds
Number of updated asset objects reloaded before import = 0
Number of asset objects unloaded after import = 3
========================================================================
Received Import Request.
  Time since last request: 0.000011 seconds.
  path: Assets/Plugins/Android/mainTemplate.gradle
  artifactKey: Guid(bf8938fd9930c6347b26ebc694969d95) Importer(2089858483,0ecaa5967403d082aa24f35e1b516d23)
Start importing Assets/Plugins/Android/mainTemplate.gradle using Guid(bf8938fd9930c6347b26ebc694969d95) Importer(2089858483,0ecaa5967403d082aa24f35e1b516d23) [PhysX] Initialized MultithreadedTaskDispatcher with 32 workers.
 -> (artifact id: '0eabe67e31b8d7b939095359484e689d') in 0.007485 seconds
Number of updated asset objects reloaded before import = 0
Number of asset objects unloaded after import = 1
========================================================================
Received Import Request.
  Time since last request: 0.000024 seconds.
  path: Assets/Atlases/SciFi Atlas.png
  artifactKey: Guid(5ea1a9e3efd49ab4fb24366ed010b014) Importer(2089858483,0ecaa5967403d082aa24f35e1b516d23)
Start importing Assets/Atlases/SciFi Atlas.png using Guid(5ea1a9e3efd49ab4fb24366ed010b014) Importer(2089858483,0ecaa5967403d082aa24f35e1b516d23) [PhysX] Initialized MultithreadedTaskDispatcher with 32 workers.
 -> (artifact id: '9bae46edc7aafd4876875534fe7afe79') in 0.019950 seconds
Number of updated asset objects reloaded before import = 0
Number of asset objects unloaded after import = 3
========================================================================
Received Import Request.
  Time since last request: 0.000012 seconds.
  path: Assets/GooglePlayGames/OurUtils/PlatformUtils.cs
  artifactKey: Guid(053811e778f3d4e3e98065f5db5bd005) Importer(2089858483,0ecaa5967403d082aa24f35e1b516d23)
Start importing Assets/GooglePlayGames/OurUtils/PlatformUtils.cs using Guid(053811e778f3d4e3e98065f5db5bd005) Importer(2089858483,0ecaa5967403d082aa24f35e1b516d23) [PhysX] Initialized MultithreadedTaskDispatcher with 32 workers.
 -> (artifact id: '1dc59495aab0de6735c1297a801a847d') in 0.008447 seconds
Number of updated asset objects reloaded before import = 0
Number of asset objects unloaded after import = 1
========================================================================
Received Import Request.
  Time since last request: 0.000015 seconds.
  path: Assets/Images/Common/Template.png
  artifactKey: Guid(dda4b296f512c9247bfc505330989597) Importer(2089858483,0ecaa5967403d082aa24f35e1b516d23)
Start importing Assets/Images/Common/Template.png using Guid(dda4b296f512c9247bfc505330989597) Importer(2089858483,0ecaa5967403d082aa24f35e1b516d23) [PhysX] Initialized MultithreadedTaskDispatcher with 32 workers.
 -> (artifact id: '5e05942ffc998b69cce5aa4aa46cb02c') in 0.021565 seconds
Number of updated asset objects reloaded before import = 0
Number of asset objects unloaded after import = 3
========================================================================
Received Import Request.
  Time since last request: 0.000015 seconds.
  path: Assets/GooglePlayGames/BasicApi/SignInStatus.cs
  artifactKey: Guid(0992bc2597d741e59dc3f8c963a3ca25) Importer(2089858483,0ecaa5967403d082aa24f35e1b516d23)
Start importing Assets/GooglePlayGames/BasicApi/SignInStatus.cs using Guid(0992bc2597d741e59dc3f8c963a3ca25) Importer(2089858483,0ecaa5967403d082aa24f35e1b516d23) [PhysX] Initialized MultithreadedTaskDispatcher with 32 workers.
 -> (artifact id: '49c493febaff9709c41224d878bd8d5e') in 0.007792 seconds
Number of updated asset objects reloaded before import = 0
Number of asset objects unloaded after import = 1
========================================================================
Received Import Request.
  Time since last request: 0.000012 seconds.
  path: Assets/Editor/template-GPGSParams.txt
  artifactKey: Guid(12a111a7624354f488f6458eb59a2686) Importer(2089858483,0ecaa5967403d082aa24f35e1b516d23)
Start importing Assets/Editor/template-GPGSParams.txt using Guid(12a111a7624354f488f6458eb59a2686) Importer(2089858483,0ecaa5967403d082aa24f35e1b516d23) [PhysX] Initialized MultithreadedTaskDispatcher with 32 workers.
 -> (artifact id: '7352b99b5b36196cf2fbca90e588f335') in 0.011671 seconds
Number of updated asset objects reloaded before import = 0
Number of asset objects unloaded after import = 1
========================================================================
Received Import Request.
  Time since last request: 0.000019 seconds.
  path: Assets/Images/Common/Halo512.png
  artifactKey: Guid(112ecc20ceac7ab48b9dd24db64e31ed) Importer(2089858483,0ecaa5967403d082aa24f35e1b516d23)
Start importing Assets/Images/Common/Halo512.png using Guid(112ecc20ceac7ab48b9dd24db64e31ed) Importer(2089858483,0ecaa5967403d082aa24f35e1b516d23) [PhysX] Initialized MultithreadedTaskDispatcher with 32 workers.
 -> (artifact id: 'c7b9f6c10ed5278e1a58cfacbbe4baac') in 0.022480 seconds
Number of updated asset objects reloaded before import = 0
Number of asset objects unloaded after import = 3
========================================================================
Received Import Request.
  Time since last request: 0.000012 seconds.
  path: Assets/Plugins/iOS/GPGSAppController.mm
  artifactKey: Guid(68373d5d6ae6947068adab390606be60) Importer(2089858483,0ecaa5967403d082aa24f35e1b516d23)
Start importing Assets/Plugins/iOS/GPGSAppController.mm using Guid(68373d5d6ae6947068adab390606be60) Importer(2089858483,0ecaa5967403d082aa24f35e1b516d23) [PhysX] Initialized MultithreadedTaskDispatcher with 32 workers.
 -> (artifact id: '3fcdea0990c877aa52918a26a40c3b8b') in 0.007870 seconds
Number of updated asset objects reloaded before import = 0
Number of asset objects unloaded after import = 1
========================================================================
Received Import Request.
  Time since last request: 0.000010 seconds.
  path: Assets/GooglePlayGames/Platforms/PlayGamesClientFactory.cs
  artifactKey: Guid(435fc2d0dc0ba475e9c8b0796303d6dd) Importer(2089858483,0ecaa5967403d082aa24f35e1b516d23)
Start importing Assets/GooglePlayGames/Platforms/PlayGamesClientFactory.cs using Guid(435fc2d0dc0ba475e9c8b0796303d6dd) Importer(2089858483,0ecaa5967403d082aa24f35e1b516d23) [PhysX] Initialized MultithreadedTaskDispatcher with 32 workers.
 -> (artifact id: '3efe93c401674fdbbfa4ca4ee5c705ec') in 0.008375 seconds
Number of updated asset objects reloaded before import = 0
Number of asset objects unloaded after import = 1
========================================================================
Received Import Request.
  Time since last request: 0.000014 seconds.
  path: Assets/Plugins/OpenIAB/IOpenIAB.cs
  artifactKey: Guid(f6b21a20f0f8ef54eab974f3c6229368) Importer(2089858483,0ecaa5967403d082aa24f35e1b516d23)
Start importing Assets/Plugins/OpenIAB/IOpenIAB.cs using Guid(f6b21a20f0f8ef54eab974f3c6229368) Importer(2089858483,0ecaa5967403d082aa24f35e1b516d23) [PhysX] Initialized MultithreadedTaskDispatcher with 32 workers.
 -> (artifact id: '24ec991f03d5ecdde7211e72d4a1cc18') in 0.010136 seconds
Number of updated asset objects reloaded before import = 0
Number of asset objects unloaded after import = 1
========================================================================
Received Import Request.
  Time since last request: 0.000039 seconds.
  path: Assets/Images/Common/Add.png
  artifactKey: Guid(ba3dcee0a41837349836b4ea71c3605a) Importer(2089858483,0ecaa5967403d082aa24f35e1b516d23)
Start importing Assets/Images/Common/Add.png using Guid(ba3dcee0a41837349836b4ea71c3605a) Importer(2089858483,0ecaa5967403d082aa24f35e1b516d23) [PhysX] Initialized MultithreadedTaskDispatcher with 32 workers.
 -> (artifact id: '40b1984e8a3c184b8629cac22505a1ed') in 0.021530 seconds
Number of updated asset objects reloaded before import = 0
Number of asset objects unloaded after import = 3
========================================================================
Received Import Request.
  Time since last request: 0.000014 seconds.
  path: Assets/GooglePlayGames/BasicApi/Player.cs
  artifactKey: Guid(b7a1f130c2a246c7483cd960a5be5f57) Importer(2089858483,0ecaa5967403d082aa24f35e1b516d23)
Start importing Assets/GooglePlayGames/BasicApi/Player.cs using Guid(b7a1f130c2a246c7483cd960a5be5f57) Importer(2089858483,0ecaa5967403d082aa24f35e1b516d23) [PhysX] Initialized MultithreadedTaskDispatcher with 32 workers.
 -> (artifact id: '476142ea355c4548663e01beeec19369') in 0.009329 seconds
Number of updated asset objects reloaded before import = 0
Number of asset objects unloaded after import = 1
========================================================================
Received Import Request.
  Time since last request: 0.000016 seconds.
  path: Assets/Scripts/Card.cs
  artifactKey: Guid(e5e588df4d0359f4282e74484073ff6f) Importer(2089858483,0ecaa5967403d082aa24f35e1b516d23)
Start importing Assets/Scripts/Card.cs using Guid(e5e588df4d0359f4282e74484073ff6f) Importer(2089858483,0ecaa5967403d082aa24f35e1b516d23) [PhysX] Initialized MultithreadedTaskDispatcher with 32 workers.
 -> (artifact id: '848a4057198a021246c328cb3213efcb') in 0.008228 seconds
Number of updated asset objects reloaded before import = 0
Number of asset objects unloaded after import = 1
========================================================================
Received Import Request.
  Time since last request: 0.000019 seconds.
  path: Assets/GooglePlayGames/Editor/NearbyConnectionUI.cs
  artifactKey: Guid(b64332a502e18436da5652adbf7e24a3) Importer(2089858483,0ecaa5967403d082aa24f35e1b516d23)
Start importing Assets/GooglePlayGames/Editor/NearbyConnectionUI.cs using Guid(b64332a502e18436da5652adbf7e24a3) Importer(2089858483,0ecaa5967403d082aa24f35e1b516d23) [PhysX] Initialized MultithreadedTaskDispatcher with 32 workers.
 -> (artifact id: 'eaff58bdf5acc4defd049579c13b479b') in 0.008886 seconds
Number of updated asset objects reloaded before import = 0
Number of asset objects unloaded after import = 1
========================================================================
Received Import Request.
  Time since last request: 0.000016 seconds.
  path: Assets/Scripts/Engine.cs
  artifactKey: Guid(b434fe9dd46aa8d4688d2d4cbd30e987) Importer(2089858483,0ecaa5967403d082aa24f35e1b516d23)
Start importing Assets/Scripts/Engine.cs using Guid(b434fe9dd46aa8d4688d2d4cbd30e987) Importer(2089858483,0ecaa5967403d082aa24f35e1b516d23) [PhysX] Initialized MultithreadedTaskDispatcher with 32 workers.
 -> (artifact id: 'b874d8ff8313bfe0c0f09e99ddc130c9') in 0.007082 seconds
Number of updated asset objects reloaded before import = 0
Number of asset objects unloaded after import = 1
========================================================================
Received Import Request.
  Time since last request: 0.000023 seconds.
  path: Assets/Images/Common/ResetProfile.png
  artifactKey: Guid(9a120b541b4f77f4eae706ccc6ff81b8) Importer(2089858483,0ecaa5967403d082aa24f35e1b516d23)
Start importing Assets/Images/Common/ResetProfile.png using Guid(9a120b541b4f77f4eae706ccc6ff81b8) Importer(2089858483,0ecaa5967403d082aa24f35e1b516d23) [PhysX] Initialized MultithreadedTaskDispatcher with 32 workers.
 -> (artifact id: 'dbb2630e7f0d095678396612dd5216d0') in 0.023600 seconds
Number of updated asset objects reloaded before import = 0
Number of asset objects unloaded after import = 3
========================================================================
Received Import Request.
  Time since last request: 0.000016 seconds.
  path: Assets/GooglePlayGames/ISocialPlatform/PlayGamesUserProfile.cs
  artifactKey: Guid(ab1b90315f37e498a849765260dd436c) Importer(2089858483,0ecaa5967403d082aa24f35e1b516d23)
Start importing Assets/GooglePlayGames/ISocialPlatform/PlayGamesUserProfile.cs using Guid(ab1b90315f37e498a849765260dd436c) Importer(2089858483,0ecaa5967403d082aa24f35e1b516d23) [PhysX] Initialized MultithreadedTaskDispatcher with 32 workers.
 -> (artifact id: '8beb6d9eeb4d2ca79b0e53bd658be357') in 0.009859 seconds
Number of updated asset objects reloaded before import = 0
Number of asset objects unloaded after import = 1
========================================================================
Received Import Request.
  Time since last request: 0.000012 seconds.
  path: Assets/Scenes/Game.unity
  artifactKey: Guid(08596a264a691ed4e87f5ac39f45c8e3) Importer(2089858483,0ecaa5967403d082aa24f35e1b516d23)
Start importing Assets/Scenes/Game.unity using Guid(08596a264a691ed4e87f5ac39f45c8e3) Importer(2089858483,0ecaa5967403d082aa24f35e1b516d23) [PhysX] Initialized MultithreadedTaskDispatcher with 32 workers.
 -> (artifact id: '5ad195ad501f052686a9599d0567f2fd') in 0.006192 seconds
Number of updated asset objects reloaded before import = 0
Number of asset objects unloaded after import = 1
========================================================================
Received Import Request.
  Time since last request: 0.000037 seconds.
  path: Assets/Scripts/Profile.cs
  artifactKey: Guid(75c74f36d4a83dc4e8549860764b7410) Importer(2089858483,0ecaa5967403d082aa24f35e1b516d23)
Start importing Assets/Scripts/Profile.cs using Guid(75c74f36d4a83dc4e8549860764b7410) Importer(2089858483,0ecaa5967403d082aa24f35e1b516d23) [PhysX] Initialized MultithreadedTaskDispatcher with 32 workers.
 -> (artifact id: '915acbb17cd650e6ac129e0160553229') in 0.008621 seconds
Number of updated asset objects reloaded before import = 0
Number of asset objects unloaded after import = 1
========================================================================
Received Import Request.
  Time since last request: 0.000031 seconds.
  path: Assets/GooglePlayGames/Editor/GPGSAndroidSetupUI.cs
  artifactKey: Guid(41fe658b93aa24c709c540575965fdff) Importer(2089858483,0ecaa5967403d082aa24f35e1b516d23)
Start importing Assets/GooglePlayGames/Editor/GPGSAndroidSetupUI.cs using Guid(41fe658b93aa24c709c540575965fdff) Importer(2089858483,0ecaa5967403d082aa24f35e1b516d23) [PhysX] Initialized MultithreadedTaskDispatcher with 32 workers.
 -> (artifact id: 'a14a61df8c06e27e4daa1b4be55822b4') in 0.011013 seconds
Number of updated asset objects reloaded before import = 0
Number of asset objects unloaded after import = 1
========================================================================
Received Import Request.
  Time since last request: 0.000012 seconds.
  path: Assets/GooglePlayGames/Editor/GPGSStrings.cs
  artifactKey: Guid(992ecb564cf02408d9c5a1b44d958334) Importer(2089858483,0ecaa5967403d082aa24f35e1b516d23)
Start importing Assets/GooglePlayGames/Editor/GPGSStrings.cs using Guid(992ecb564cf02408d9c5a1b44d958334) Importer(2089858483,0ecaa5967403d082aa24f35e1b516d23) [PhysX] Initialized MultithreadedTaskDispatcher with 32 workers.
 -> (artifact id: '6df26a9fc61052bf3dc0a87fab70faf9') in 0.009097 seconds
Number of updated asset objects reloaded before import = 0
Number of asset objects unloaded after import = 1
========================================================================
Received Import Request.
  Time since last request: 0.000014 seconds.
  path: Assets/GooglePlayGames/OurUtils/NearbyHelperObject.cs
  artifactKey: Guid(b66cca4a5a1f4a5092a280c452185308) Importer(2089858483,0ecaa5967403d082aa24f35e1b516d23)
Start importing Assets/GooglePlayGames/OurUtils/NearbyHelperObject.cs using Guid(b66cca4a5a1f4a5092a280c452185308) Importer(2089858483,0ecaa5967403d082aa24f35e1b516d23) [PhysX] Initialized MultithreadedTaskDispatcher with 32 workers.
 -> (artifact id: 'd9b9620cb3d5906dbab009c0c32626d4') in 0.008621 seconds
Number of updated asset objects reloaded before import = 0
Number of asset objects unloaded after import = 1
========================================================================
Received Import Request.
  Time since last request: 0.000013 seconds.
  path: Assets/Plugins/iOS/AppStoreDelegate.mm
  artifactKey: Guid(3a4dadbd5b5d1431a8a972257a83d498) Importer(2089858483,0ecaa5967403d082aa24f35e1b516d23)
Start importing Assets/Plugins/iOS/AppStoreDelegate.mm using Guid(3a4dadbd5b5d1431a8a972257a83d498) Importer(2089858483,0ecaa5967403d082aa24f35e1b516d23) [PhysX] Initialized MultithreadedTaskDispatcher with 32 workers.
 -> (artifact id: 'c46ab26acb24a3b285dbc038b67062c3') in 0.007338 seconds
Number of updated asset objects reloaded before import = 0
Number of asset objects unloaded after import = 1
========================================================================
Received Import Request.
  Time since last request: 0.000033 seconds.
  path: Assets/Images/Common/ResetCloud.png
  artifactKey: Guid(88a991408942a2e4988fbd13057b8a72) Importer(2089858483,0ecaa5967403d082aa24f35e1b516d23)
Start importing Assets/Images/Common/ResetCloud.png using Guid(88a991408942a2e4988fbd13057b8a72) Importer(2089858483,0ecaa5967403d082aa24f35e1b516d23) [PhysX] Initialized MultithreadedTaskDispatcher with 32 workers.
 -> (artifact id: 'f1397bf15a9c92cd620999352e0073f8') in 0.021188 seconds
Number of updated asset objects reloaded before import = 0
Number of asset objects unloaded after import = 3
========================================================================
Received Import Request.
  Time since last request: 0.000020 seconds.
  path: Assets/Scripts/CardSlot.cs
  artifactKey: Guid(48a090d8c33f52d45969459c99f40b10) Importer(2089858483,0ecaa5967403d082aa24f35e1b516d23)
Start importing Assets/Scripts/CardSlot.cs using Guid(48a090d8c33f52d45969459c99f40b10) Importer(2089858483,0ecaa5967403d082aa24f35e1b516d23) [PhysX] Initialized MultithreadedTaskDispatcher with 32 workers.
 -> (artifact id: 'd4f538082d9450e481d1861cc837be7a') in 0.007817 seconds
Number of updated asset objects reloaded before import = 0
Number of asset objects unloaded after import = 1
========================================================================
Received Import Request.
  Time since last request: 0.096928 seconds.
  path: Assets/Plugins/OpenIAB/OpenIAB.cs
  artifactKey: Guid(92e6a86c280999944a4b4bee959bd369) Importer(2089858483,0ecaa5967403d082aa24f35e1b516d23)
Start importing Assets/Plugins/OpenIAB/OpenIAB.cs using Guid(92e6a86c280999944a4b4bee959bd369) Importer(2089858483,0ecaa5967403d082aa24f35e1b516d23) [PhysX] Initialized MultithreadedTaskDispatcher with 32 workers.
 -> (artifact id: '8358b10c8d888d565bd96474d6f43212') in 0.010945 seconds
Number of updated asset objects reloaded before import = 0
Number of asset objects unloaded after import = 1
========================================================================
Received Import Request.
  Time since last request: 0.000012 seconds.
  path: Assets/GooglePlayGames/BasicApi/Video/VideoCapabilities.cs
  artifactKey: Guid(66d5aef9f073a4950932c5583b7584b2) Importer(2089858483,0ecaa5967403d082aa24f35e1b516d23)
Start importing Assets/GooglePlayGames/BasicApi/Video/VideoCapabilities.cs using Guid(66d5aef9f073a4950932c5583b7584b2) Importer(2089858483,0ecaa5967403d082aa24f35e1b516d23) [PhysX] Initialized MultithreadedTaskDispatcher with 32 workers.
 -> (artifact id: '05d455c0ecb1f31971d4797280706ec9') in 0.009956 seconds
Number of updated asset objects reloaded before import = 0
Number of asset objects unloaded after import = 1
========================================================================
Received Import Request.
  Time since last request: 0.000021 seconds.
  path: Assets/GooglePlayGames/Platforms/Android/AndroidJavaConverter.cs
  artifactKey: Guid(d498c17d61b504b4f984a99b4542d02f) Importer(2089858483,0ecaa5967403d082aa24f35e1b516d23)
Start importing Assets/GooglePlayGames/Platforms/Android/AndroidJavaConverter.cs using Guid(d498c17d61b504b4f984a99b4542d02f) Importer(2089858483,0ecaa5967403d082aa24f35e1b516d23) [PhysX] Initialized MultithreadedTaskDispatcher with 32 workers.
 -> (artifact id: '06724de31d4d07a2554d2c3b28d36fcb') in 0.009482 seconds
Number of updated asset objects reloaded before import = 0
Number of asset objects unloaded after import = 1
========================================================================
Received Import Request.
  Time since last request: 0.000008 seconds.
  path: Assets/NGUI/Editor/Preview/Control - Colored Checkbox.png
  artifactKey: Guid(737211ff6e83c5f4babd40d5cc5b2e94) Importer(2089858483,0ecaa5967403d082aa24f35e1b516d23)
Start importing Assets/NGUI/Editor/Preview/Control - Colored Checkbox.png using Guid(737211ff6e83c5f4babd40d5cc5b2e94) Importer(2089858483,0ecaa5967403d082aa24f35e1b516d23) [PhysX] Initialized MultithreadedTaskDispatcher with 32 workers.
 -> (artifact id: '7e500e0d098c27504d669632d0f8d4d6') in 0.019033 seconds
Number of updated asset objects reloaded before import = 0
Number of asset objects unloaded after import = 1
========================================================================
Received Import Request.
  Time since last request: 0.000013 seconds.
  path: Assets/Plugins/OpenIAB/Options.cs
  artifactKey: Guid(bd9b556a698ef084ba1038e5ba2a572f) Importer(2089858483,0ecaa5967403d082aa24f35e1b516d23)
Start importing Assets/Plugins/OpenIAB/Options.cs using Guid(bd9b556a698ef084ba1038e5ba2a572f) Importer(2089858483,0ecaa5967403d082aa24f35e1b516d23) [PhysX] Initialized MultithreadedTaskDispatcher with 32 workers.
 -> (artifact id: 'b38d9d06acfb8c29e182b90a6d435f4f') in 0.008750 seconds
Number of updated asset objects reloaded before import = 0
Number of asset objects unloaded after import = 1
========================================================================
Received Import Request.
  Time since last request: 0.000024 seconds.
  path: Assets/Scripts/Common/AES.cs
  artifactKey: Guid(2d25beb360de7cf40b065da448338aa3) Importer(2089858483,0ecaa5967403d082aa24f35e1b516d23)
Start importing Assets/Scripts/Common/AES.cs using Guid(2d25beb360de7cf40b065da448338aa3) Importer(2089858483,0ecaa5967403d082aa24f35e1b516d23) [PhysX] Initialized MultithreadedTaskDispatcher with 32 workers.
 -> (artifact id: 'db4764b9e72bc6bd9c67bd498edfd207') in 0.008478 seconds
Number of updated asset objects reloaded before import = 0
Number of asset objects unloaded after import = 1
========================================================================
Received Import Request.
  Time since last request: 0.000012 seconds.
  path: Assets/Plugins/OpenIAB/SkuDetails.cs
  artifactKey: Guid(05cc5ac966d741f409a884f35f62fa3a) Importer(2089858483,0ecaa5967403d082aa24f35e1b516d23)
Start importing Assets/Plugins/OpenIAB/SkuDetails.cs using Guid(05cc5ac966d741f409a884f35f62fa3a) Importer(2089858483,0ecaa5967403d082aa24f35e1b516d23) [PhysX] Initialized MultithreadedTaskDispatcher with 32 workers.
 -> (artifact id: '6b1c7c155651385023cc1bc6870cf8c7') in 0.012976 seconds
Number of updated asset objects reloaded before import = 0
Number of asset objects unloaded after import = 1
========================================================================
Received Import Request.
  Time since last request: 0.000013 seconds.
  path: Assets/Resources/Localization/LockBase.csv
  artifactKey: Guid(7f70285f96dbf4845a2cfab40ef931cd) Importer(2089858483,0ecaa5967403d082aa24f35e1b516d23)
Start importing Assets/Resources/Localization/LockBase.csv using Guid(7f70285f96dbf4845a2cfab40ef931cd) Importer(2089858483,0ecaa5967403d082aa24f35e1b516d23) [PhysX] Initialized MultithreadedTaskDispatcher with 32 workers.
 -> (artifact id: 'dbbbf02b8755a47d091a9bfa6fed32e1') in 0.013306 seconds
Number of updated asset objects reloaded before import = 0
Number of asset objects unloaded after import = 1
========================================================================
Received Import Request.
  Time since last request: 0.000038 seconds.
  path: Assets/Scripts/Common/GameButton.cs
  artifactKey: Guid(a67b197c29d34a74f96f192113bfb9c7) Importer(2089858483,0ecaa5967403d082aa24f35e1b516d23)
Start importing Assets/Scripts/Common/GameButton.cs using Guid(a67b197c29d34a74f96f192113bfb9c7) Importer(2089858483,0ecaa5967403d082aa24f35e1b516d23) [PhysX] Initialized MultithreadedTaskDispatcher with 32 workers.
 -> (artifact id: '80d3cd25dd0eddf10de4783cf70b04d4') in 0.007029 seconds
Number of updated asset objects reloaded before import = 0
Number of asset objects unloaded after import = 1
========================================================================
Received Import Request.
  Time since last request: 0.000016 seconds.
  path: Assets/Scripts/Common/Base64.cs
  artifactKey: Guid(00e3cbb3528182246a1854f1ed73b213) Importer(2089858483,0ecaa5967403d082aa24f35e1b516d23)
Start importing Assets/Scripts/Common/Base64.cs using Guid(00e3cbb3528182246a1854f1ed73b213) Importer(2089858483,0ecaa5967403d082aa24f35e1b516d23) [PhysX] Initialized MultithreadedTaskDispatcher with 32 workers.
 -> (artifact id: 'd0a39f9a9844d5f4c8509412dc57fe9a') in 0.009088 seconds
Number of updated asset objects reloaded before import = 0
Number of asset objects unloaded after import = 1
========================================================================
Received Import Request.
  Time since last request: 0.000014 seconds.
  path: Assets/Scripts/Common/TweenPanel.cs
  artifactKey: Guid(f03d236cabb4a8d46ab0bbde5f61a613) Importer(2089858483,0ecaa5967403d082aa24f35e1b516d23)
Start importing Assets/Scripts/Common/TweenPanel.cs using Guid(f03d236cabb4a8d46ab0bbde5f61a613) Importer(2089858483,0ecaa5967403d082aa24f35e1b516d23) [PhysX] Initialized MultithreadedTaskDispatcher with 32 workers.
 -> (artifact id: '859ca104216517d757a4293f82c4b0bf') in 0.006900 seconds
Number of updated asset objects reloaded before import = 0
Number of asset objects unloaded after import = 1
========================================================================
Received Import Request.
  Time since last request: 0.000016 seconds.
  path: Assets/NGUI/Editor/Preview/Control - Colored Popup List.png
  artifactKey: Guid(8a499e7c18f95184e9df7b63d375f25b) Importer(2089858483,0ecaa5967403d082aa24f35e1b516d23)
Start importing Assets/NGUI/Editor/Preview/Control - Colored Popup List.png using Guid(8a499e7c18f95184e9df7b63d375f25b) Importer(2089858483,0ecaa5967403d082aa24f35e1b516d23) [PhysX] Initialized MultithreadedTaskDispatcher with 32 workers.
 -> (artifact id: '1524482f9842b9ecb3dce46e32374b29') in 0.018316 seconds
Number of updated asset objects reloaded before import = 0
Number of asset objects unloaded after import = 1
========================================================================
Received Import Request.
  Time since last request: 0.000047 seconds.
  path: Assets/NGUI/Editor/Preview/Control - Simple Button.png
  artifactKey: Guid(d8f05a96f6d43d442a884ea5ba44713c) Importer(2089858483,0ecaa5967403d082aa24f35e1b516d23)
Start importing Assets/NGUI/Editor/Preview/Control - Simple Button.png using Guid(d8f05a96f6d43d442a884ea5ba44713c) Importer(2089858483,0ecaa5967403d082aa24f35e1b516d23) [PhysX] Initialized MultithreadedTaskDispatcher with 32 workers.
 -> (artifact id: '3004e9b8ab86b405a11fe3aa64dd84c4') in 0.023176 seconds
Number of updated asset objects reloaded before import = 0
Number of asset objects unloaded after import = 1
========================================================================
Received Import Request.
  Time since last request: 0.000027 seconds.
  path: Assets/NGUI/Editor/Preview/Control - Simple Horizontal Scroll Bar.png
  artifactKey: Guid(6cfd453c36386934689fb42db3299dbc) Importer(2089858483,0ecaa5967403d082aa24f35e1b516d23)
Start importing Assets/NGUI/Editor/Preview/Control - Simple Horizontal Scroll Bar.png using Guid(6cfd453c36386934689fb42db3299dbc) Importer(2089858483,0ecaa5967403d082aa24f35e1b516d23) [PhysX] Initialized MultithreadedTaskDispatcher with 32 workers.
 -> (artifact id: '9e56c9e01ba104b17b4ed969fe42055d') in 0.020264 seconds
Number of updated asset objects reloaded before import = 0
Number of asset objects unloaded after import = 1
========================================================================
Received Import Request.
  Time since last request: 0.000016 seconds.
  path: Assets/Scripts/Views/PinKeyboard.cs
  artifactKey: Guid(fc226414faa06c242a727cd784edbf96) Importer(2089858483,0ecaa5967403d082aa24f35e1b516d23)
Start importing Assets/Scripts/Views/PinKeyboard.cs using Guid(fc226414faa06c242a727cd784edbf96) Importer(2089858483,0ecaa5967403d082aa24f35e1b516d23) [PhysX] Initialized MultithreadedTaskDispatcher with 32 workers.
 -> (artifact id: '7c0f0ea36952a6123256d134f2ca96ab') in 0.009000 seconds
Number of updated asset objects reloaded before import = 0
Number of asset objects unloaded after import = 1
========================================================================
Received Import Request.
  Time since last request: 0.000022 seconds.
  path: Assets/Resources/Prefabs/Slot.prefab
  artifactKey: Guid(a63f1149d23df964eb328757884caa13) Importer(2089858483,0ecaa5967403d082aa24f35e1b516d23)
Start importing Assets/Resources/Prefabs/Slot.prefab using Guid(a63f1149d23df964eb328757884caa13) Importer(2089858483,0ecaa5967403d082aa24f35e1b516d23) [PhysX] Initialized MultithreadedTaskDispatcher with 32 workers.
 -> (artifact id: 'c584aeb923afcf4f1805b1ac856473e4') in 0.017563 seconds
Number of updated asset objects reloaded before import = 0
Number of asset objects unloaded after import = 26
========================================================================
Received Import Request.
  Time since last request: 0.000016 seconds.
  path: Assets/GooglePlayGames/BasicApi/Nearby/AdvertisingResult.cs
  artifactKey: Guid(941324a6338664af6a9faf5b88cad408) Importer(2089858483,0ecaa5967403d082aa24f35e1b516d23)
Start importing Assets/GooglePlayGames/BasicApi/Nearby/AdvertisingResult.cs using Guid(941324a6338664af6a9faf5b88cad408) Importer(2089858483,0ecaa5967403d082aa24f35e1b516d23) [PhysX] Initialized MultithreadedTaskDispatcher with 32 workers.
 -> (artifact id: '4d9fe21895ba9f3868d84cab9944c8a6') in 0.010853 seconds
Number of updated asset objects reloaded before import = 0
Number of asset objects unloaded after import = 1
========================================================================
Received Import Request.
  Time since last request: 0.000017 seconds.
  path: Assets/GooglePlayGames/BasicApi/Nearby/NearbyConnectionConfiguration.cs
  artifactKey: Guid(968ac90e4a9094a4a92df9da1ee1f884) Importer(2089858483,0ecaa5967403d082aa24f35e1b516d23)
Start importing Assets/GooglePlayGames/BasicApi/Nearby/NearbyConnectionConfiguration.cs using Guid(968ac90e4a9094a4a92df9da1ee1f884) Importer(2089858483,0ecaa5967403d082aa24f35e1b516d23) [PhysX] Initialized MultithreadedTaskDispatcher with 32 workers.
 -> (artifact id: '16f69cde49a218ffd6a00efcdfd384bb') in 0.011009 seconds
Number of updated asset objects reloaded before import = 0
Number of asset objects unloaded after import = 1
========================================================================
Received Import Request.
  Time since last request: 0.000017 seconds.
  path: Assets/GooglePlayGames/BasicApi/SavedGame/ISavedGameMetadata.cs
  artifactKey: Guid(a94650f478358403ea166d374b2a950c) Importer(2089858483,0ecaa5967403d082aa24f35e1b516d23)
Start importing Assets/GooglePlayGames/BasicApi/SavedGame/ISavedGameMetadata.cs using Guid(a94650f478358403ea166d374b2a950c) Importer(2089858483,0ecaa5967403d082aa24f35e1b516d23) [PhysX] Initialized MultithreadedTaskDispatcher with 32 workers.
 -> (artifact id: '99818e4d6ec49724ba91aeb9cb48667c') in 0.015663 seconds
Number of updated asset objects reloaded before import = 0
Number of asset objects unloaded after import = 1
========================================================================
Received Import Request.
  Time since last request: 0.000028 seconds.
  path: Assets/NGUI/Editor/Preview/Control - Simple Checkbox.png
  artifactKey: Guid(ffe6a388a543b98488dfeec1e73a8c9e) Importer(2089858483,0ecaa5967403d082aa24f35e1b516d23)
Start importing Assets/NGUI/Editor/Preview/Control - Simple Checkbox.png using Guid(ffe6a388a543b98488dfeec1e73a8c9e) Importer(2089858483,0ecaa5967403d082aa24f35e1b516d23) [PhysX] Initialized MultithreadedTaskDispatcher with 32 workers.
 -> (artifact id: '898203486459bc4fbd39d8675f5c033f') in 0.020962 seconds
Number of updated asset objects reloaded before import = 0
Number of asset objects unloaded after import = 1
========================================================================
Received Import Request.
  Time since last request: 0.000016 seconds.
  path: Assets/GooglePlayGames/BasicApi/Events/IEventsClient.cs
  artifactKey: Guid(da57ba264ec114c57b8352923847ec34) Importer(2089858483,0ecaa5967403d082aa24f35e1b516d23)
Start importing Assets/GooglePlayGames/BasicApi/Events/IEventsClient.cs using Guid(da57ba264ec114c57b8352923847ec34) Importer(2089858483,0ecaa5967403d082aa24f35e1b516d23) [PhysX] Initialized MultithreadedTaskDispatcher with 32 workers.
 -> (artifact id: 'f922b6e84deecc3665a5406e02d24038') in 0.009432 seconds
Number of updated asset objects reloaded before import = 0
Number of asset objects unloaded after import = 1
========================================================================
Received Import Request.
  Time since last request: 0.000021 seconds.
  path: Assets/Resources/Localization/CardViewer.csv
  artifactKey: Guid(89bc8f3a8e7504546ad16ef600ffe6b4) Importer(2089858483,0ecaa5967403d082aa24f35e1b516d23)
Start importing Assets/Resources/Localization/CardViewer.csv using Guid(89bc8f3a8e7504546ad16ef600ffe6b4) Importer(2089858483,0ecaa5967403d082aa24f35e1b516d23) [PhysX] Initialized MultithreadedTaskDispatcher with 32 workers.
 -> (artifact id: '0f8535d24baa30e08cf8861fa0e75b83') in 0.013570 seconds
Number of updated asset objects reloaded before import = 0
Number of asset objects unloaded after import = 1
========================================================================
Received Import Request.
  Time since last request: 0.000050 seconds.
  path: Assets/Plugins/OpenIAB/SearchStrategy.cs
  artifactKey: Guid(27bed7187854db64eaa07aad134ae9c0) Importer(2089858483,0ecaa5967403d082aa24f35e1b516d23)
Start importing Assets/Plugins/OpenIAB/SearchStrategy.cs using Guid(27bed7187854db64eaa07aad134ae9c0) Importer(2089858483,0ecaa5967403d082aa24f35e1b516d23) [PhysX] Initialized MultithreadedTaskDispatcher with 32 workers.
 -> (artifact id: 'b1bba413104f3a91159a853f1daec318') in 0.008401 seconds
Number of updated asset objects reloaded before import = 0
Number of asset objects unloaded after import = 1
========================================================================
Received Import Request.
  Time since last request: 0.000016 seconds.
  path: Assets/Scripts/Common/Serializer.cs
  artifactKey: Guid(affa5c21af2e7d243827f9bd947bfac6) Importer(2089858483,0ecaa5967403d082aa24f35e1b516d23)
Start importing Assets/Scripts/Common/Serializer.cs using Guid(affa5c21af2e7d243827f9bd947bfac6) Importer(2089858483,0ecaa5967403d082aa24f35e1b516d23) [PhysX] Initialized MultithreadedTaskDispatcher with 32 workers.
 -> (artifact id: '9d024235c220774e891f2fe71ef56e0f') in 0.007597 seconds
Number of updated asset objects reloaded before import = 0
Number of asset objects unloaded after import = 1
========================================================================
Received Import Request.
  Time since last request: 0.000016 seconds.
  path: Assets/NGUI/Editor/x86/FreeType.dll
  artifactKey: Guid(f801416effc99aa46b3cf89b61a49c6e) Importer(2089858483,0ecaa5967403d082aa24f35e1b516d23)
Start importing Assets/NGUI/Editor/x86/FreeType.dll using Guid(f801416effc99aa46b3cf89b61a49c6e) Importer(2089858483,0ecaa5967403d082aa24f35e1b516d23) [PhysX] Initialized MultithreadedTaskDispatcher with 32 workers.
 -> (artifact id: '82d17daa69c466b7b8ec99b132e86434') in 0.007984 seconds
Number of updated asset objects reloaded before import = 0
Number of asset objects unloaded after import = 1
========================================================================
Received Import Request.
  Time since last request: 0.000178 seconds.
  path: Assets/GooglePlayGames/Platforms/Android/AndroidTokenClient.cs
  artifactKey: Guid(67f70ff1fd41c49888b4b74ca7a78dfd) Importer(2089858483,0ecaa5967403d082aa24f35e1b516d23)
Start importing Assets/GooglePlayGames/Platforms/Android/AndroidTokenClient.cs using Guid(67f70ff1fd41c49888b4b74ca7a78dfd) Importer(2089858483,0ecaa5967403d082aa24f35e1b516d23) [PhysX] Initialized MultithreadedTaskDispatcher with 32 workers.
 -> (artifact id: 'b8d6b1249ade6a30a400f1b97fe865c6') in 0.011033 seconds
Number of updated asset objects reloaded before import = 0
Number of asset objects unloaded after import = 1
========================================================================
Received Import Request.
  Time since last request: 0.000013 seconds.
  path: Assets/GooglePlayGames/BasicApi/Events/IEvent.cs
  artifactKey: Guid(7e4f4f47218d14208a8ae0f676e1bca4) Importer(2089858483,0ecaa5967403d082aa24f35e1b516d23)
Start importing Assets/GooglePlayGames/BasicApi/Events/IEvent.cs using Guid(7e4f4f47218d14208a8ae0f676e1bca4) Importer(2089858483,0ecaa5967403d082aa24f35e1b516d23) [PhysX] Initialized MultithreadedTaskDispatcher with 32 workers.
 -> (artifact id: '582d186486381c4cbad31500a87af46b') in 0.008440 seconds
Number of updated asset objects reloaded before import = 0
Number of asset objects unloaded after import = 1
========================================================================
Received Import Request.
  Time since last request: 0.000013 seconds.
  path: Assets/GooglePlayGames/BasicApi/Nearby/DummyNearbyConnectionClient.cs
  artifactKey: Guid(9b3f34a2bba13428789d02b53fd89a47) Importer(2089858483,0ecaa5967403d082aa24f35e1b516d23)
Start importing Assets/GooglePlayGames/BasicApi/Nearby/DummyNearbyConnectionClient.cs using Guid(9b3f34a2bba13428789d02b53fd89a47) Importer(2089858483,0ecaa5967403d082aa24f35e1b516d23) [PhysX] Initialized MultithreadedTaskDispatcher with 32 workers.
 -> (artifact id: '1c9f3485dcab264d90d42f6224520c8d') in 0.008727 seconds
Number of updated asset objects reloaded before import = 0
Number of asset objects unloaded after import = 1
========================================================================
Received Import Request.
  Time since last request: 0.000013 seconds.
  path: Assets/Scripts/Common/B64R.cs
  artifactKey: Guid(1986ee882e70cb34c9ebbe5f66a18b93) Importer(2089858483,0ecaa5967403d082aa24f35e1b516d23)
Start importing Assets/Scripts/Common/B64R.cs using Guid(1986ee882e70cb34c9ebbe5f66a18b93) Importer(2089858483,0ecaa5967403d082aa24f35e1b516d23) [PhysX] Initialized MultithreadedTaskDispatcher with 32 workers.
 -> (artifact id: 'cb259829fd9e84e3e6ab7886d3377f34') in 0.008428 seconds
Number of updated asset objects reloaded before import = 0
Number of asset objects unloaded after import = 1
========================================================================
Received Import Request.
  Time since last request: 0.000016 seconds.
  path: Assets/GooglePlayGames/BasicApi/SavedGame/SavedGameMetadataUpdate.cs
  artifactKey: Guid(602d9e1c90f0144e79536115f3614478) Importer(2089858483,0ecaa5967403d082aa24f35e1b516d23)
Start importing Assets/GooglePlayGames/BasicApi/SavedGame/SavedGameMetadataUpdate.cs using Guid(602d9e1c90f0144e79536115f3614478) Importer(2089858483,0ecaa5967403d082aa24f35e1b516d23) [PhysX] Initialized MultithreadedTaskDispatcher with 32 workers.
 -> (artifact id: '106b887c8b4b271352941c2d516973dc') in 0.008990 seconds
Number of updated asset objects reloaded before import = 0
Number of asset objects unloaded after import = 1
========================================================================
Received Import Request.
  Time since last request: 0.000049 seconds.
  path: Assets/Resources/Localization/PinKeyboard.csv
  artifactKey: Guid(ed67a65d679e81b4389b2989cb8237b5) Importer(2089858483,0ecaa5967403d082aa24f35e1b516d23)
Start importing Assets/Resources/Localization/PinKeyboard.csv using Guid(ed67a65d679e81b4389b2989cb8237b5) Importer(2089858483,0ecaa5967403d082aa24f35e1b516d23) [PhysX] Initialized MultithreadedTaskDispatcher with 32 workers.
 -> (artifact id: '13b9a944d5cd078168566c892415eee0') in 0.013100 seconds
Number of updated asset objects reloaded before import = 0
Number of asset objects unloaded after import = 1
========================================================================
Received Import Request.
  Time since last request: 0.000015 seconds.
  path: Assets/Plugins/OpenIAB/OpenIABEventManager.cs
  artifactKey: Guid(63d9ab6456c839448bd269e6b3c831ae) Importer(2089858483,0ecaa5967403d082aa24f35e1b516d23)
Start importing Assets/Plugins/OpenIAB/OpenIABEventManager.cs using Guid(63d9ab6456c839448bd269e6b3c831ae) Importer(2089858483,0ecaa5967403d082aa24f35e1b516d23) [PhysX] Initialized MultithreadedTaskDispatcher with 32 workers.
 -> (artifact id: 'acf84d8f41842fc7fc4f5e193cdbe29f') in 0.010075 seconds
Number of updated asset objects reloaded before import = 0
Number of asset objects unloaded after import = 1
========================================================================
Received Import Request.
  Time since last request: 0.000013 seconds.
  path: Assets/Scripts/Views/CardEdit.cs
  artifactKey: Guid(acc24477befc0ab4cbd66040a74f8731) Importer(2089858483,0ecaa5967403d082aa24f35e1b516d23)
Start importing Assets/Scripts/Views/CardEdit.cs using Guid(acc24477befc0ab4cbd66040a74f8731) Importer(2089858483,0ecaa5967403d082aa24f35e1b516d23) [PhysX] Initialized MultithreadedTaskDispatcher with 32 workers.
 -> (artifact id: 'e8a77ff6a88dba7cdb5567e0b49ba16f') in 0.008481 seconds
Number of updated asset objects reloaded before import = 0
Number of asset objects unloaded after import = 1
========================================================================
Received Import Request.
  Time since last request: 0.000013 seconds.
  path: Assets/GooglePlayGames/Platforms/Android/AndroidVideoClient.cs
  artifactKey: Guid(bb1b4df1bdffa40539dd55a93929aa57) Importer(2089858483,0ecaa5967403d082aa24f35e1b516d23)
Start importing Assets/GooglePlayGames/Platforms/Android/AndroidVideoClient.cs using Guid(bb1b4df1bdffa40539dd55a93929aa57) Importer(2089858483,0ecaa5967403d082aa24f35e1b516d23) [PhysX] Initialized MultithreadedTaskDispatcher with 32 workers.
 -> (artifact id: 'e218a442aee7251851d879fb6f80751e') in 0.009675 seconds
Number of updated asset objects reloaded before import = 0
Number of asset objects unloaded after import = 1
========================================================================
Received Import Request.
  Time since last request: 0.000035 seconds.
  path: Assets/NGUI/Editor/Preview/Control - Simple Popup List.png
  artifactKey: Guid(005656bced889b542a3bf808084700f8) Importer(2089858483,0ecaa5967403d082aa24f35e1b516d23)
Start importing Assets/NGUI/Editor/Preview/Control - Simple Popup List.png using Guid(005656bced889b542a3bf808084700f8) Importer(2089858483,0ecaa5967403d082aa24f35e1b516d23) [PhysX] Initialized MultithreadedTaskDispatcher with 32 workers.
 -> (artifact id: '6f42994a27c0f17b2d5deefc63faee6a') in 0.018005 seconds
Number of updated asset objects reloaded before import = 0
Number of asset objects unloaded after import = 1
========================================================================
Received Import Request.
  Time since last request: 0.000014 seconds.
  path: Assets/Scripts/Common/Md5.cs
  artifactKey: Guid(329e35fafa39cb148b189628cf77fed8) Importer(2089858483,0ecaa5967403d082aa24f35e1b516d23)
Start importing Assets/Scripts/Common/Md5.cs using Guid(329e35fafa39cb148b189628cf77fed8) Importer(2089858483,0ecaa5967403d082aa24f35e1b516d23) [PhysX] Initialized MultithreadedTaskDispatcher with 32 workers.
 -> (artifact id: '86b174f262863429384d7739c082fe1e') in 0.008096 seconds
Number of updated asset objects reloaded before import = 0
Number of asset objects unloaded after import = 1
========================================================================
Received Import Request.
  Time since last request: 0.000012 seconds.
  path: Assets/NGUI/Resources/Shaders/Unlit - Premultiplied Colored (TextureClip).shader
  artifactKey: Guid(773952d1ab5b7714392cdc5473b20244) Importer(2089858483,0ecaa5967403d082aa24f35e1b516d23)
Start importing Assets/NGUI/Resources/Shaders/Unlit - Premultiplied Colored (TextureClip).shader using Guid(773952d1ab5b7714392cdc5473b20244) Importer(2089858483,0ecaa5967403d082aa24f35e1b516d23) [PhysX] Initialized MultithreadedTaskDispatcher with 32 workers.
 -> (artifact id: 'f8f696f3f25a0e3ceb224a2a92670398') in 0.009803 seconds
Number of updated asset objects reloaded before import = 0
Number of asset objects unloaded after import = 1
========================================================================
Received Import Request.
  Time since last request: 0.000013 seconds.
  path: Assets/Scripts/Views/CardView.cs
  artifactKey: Guid(b4e8bc86b6a2f164e84d923d1fc6d3b1) Importer(2089858483,0ecaa5967403d082aa24f35e1b516d23)
Start importing Assets/Scripts/Views/CardView.cs using Guid(b4e8bc86b6a2f164e84d923d1fc6d3b1) Importer(2089858483,0ecaa5967403d082aa24f35e1b516d23) [PhysX] Initialized MultithreadedTaskDispatcher with 32 workers.
 -> (artifact id: '278617035051b716fd525aed2c8136a1') in 0.008853 seconds
Number of updated asset objects reloaded before import = 0
Number of asset objects unloaded after import = 1
========================================================================
Received Import Request.
  Time since last request: 0.000016 seconds.
  path: Assets/Scripts/Common/DebugConsole.cs
  artifactKey: Guid(d3d5db34e6416ef4e97b55d1b6e51295) Importer(2089858483,0ecaa5967403d082aa24f35e1b516d23)
Start importing Assets/Scripts/Common/DebugConsole.cs using Guid(d3d5db34e6416ef4e97b55d1b6e51295) Importer(2089858483,0ecaa5967403d082aa24f35e1b516d23) [PhysX] Initialized MultithreadedTaskDispatcher with 32 workers.
 -> (artifact id: 'ff62df4e29b8d7533de21f4b6daef98e') in 0.007972 seconds
Number of updated asset objects reloaded before import = 0
Number of asset objects unloaded after import = 1
========================================================================
Received Import Request.
  Time since last request: 0.000026 seconds.
  path: Assets/Scripts/Views/LockBase.cs
  artifactKey: Guid(9bfb09f3fcf5e3448ba9c8e309aca2ad) Importer(2089858483,0ecaa5967403d082aa24f35e1b516d23)
Start importing Assets/Scripts/Views/LockBase.cs using Guid(9bfb09f3fcf5e3448ba9c8e309aca2ad) Importer(2089858483,0ecaa5967403d082aa24f35e1b516d23) [PhysX] Initialized MultithreadedTaskDispatcher with 32 workers.
 -> (artifact id: '12fd935592fbaf0171ec386ffb77788a') in 0.008100 seconds
Number of updated asset objects reloaded before import = 0
Number of asset objects unloaded after import = 1
========================================================================
Received Import Request.
  Time since last request: 0.000010 seconds.
  path: Assets/Resources/Prefabs/Cell.prefab
  artifactKey: Guid(e17fff3e294b9824d99b6bcf20954f44) Importer(2089858483,0ecaa5967403d082aa24f35e1b516d23)
Start importing Assets/Resources/Prefabs/Cell.prefab using Guid(e17fff3e294b9824d99b6bcf20954f44) Importer(2089858483,0ecaa5967403d082aa24f35e1b516d23) [PhysX] Initialized MultithreadedTaskDispatcher with 32 workers.
 -> (artifact id: 'ced41791b01ccdf57dd1c59a3bf24803') in 0.032653 seconds
Number of updated asset objects reloaded before import = 0
Number of asset objects unloaded after import = 10
========================================================================
Received Import Request.
  Time since last request: 0.000015 seconds.
  path: Assets/Scripts/Common/SelectButton.cs
  artifactKey: Guid(bbef37042e5627d479b4d2a75a700ecf) Importer(2089858483,0ecaa5967403d082aa24f35e1b516d23)
Start importing Assets/Scripts/Common/SelectButton.cs using Guid(bbef37042e5627d479b4d2a75a700ecf) Importer(2089858483,0ecaa5967403d082aa24f35e1b516d23) [PhysX] Initialized MultithreadedTaskDispatcher with 32 workers.
 -> (artifact id: '8fc0206e4bde14516f75811219f13319') in 0.008620 seconds
Number of updated asset objects reloaded before import = 0
Number of asset objects unloaded after import = 1
========================================================================
Received Import Request.
  Time since last request: 0.000026 seconds.
  path: Assets/Scripts/Views/PatternLock.cs
  artifactKey: Guid(0a1913bdc4237c9469b511766bd46dbe) Importer(2089858483,0ecaa5967403d082aa24f35e1b516d23)
Start importing Assets/Scripts/Views/PatternLock.cs using Guid(0a1913bdc4237c9469b511766bd46dbe) Importer(2089858483,0ecaa5967403d082aa24f35e1b516d23) [PhysX] Initialized MultithreadedTaskDispatcher with 32 workers.
 -> (artifact id: '1866964c4634f64e6147f1c830277928') in 0.008150 seconds
Number of updated asset objects reloaded before import = 0
Number of asset objects unloaded after import = 1
========================================================================
Received Import Request.
  Time since last request: 0.000029 seconds.
  path: Assets/NGUI/Editor/Preview/Control - Colored Button.png
  artifactKey: Guid(4cc8814ed8715f445bad8716f0a84360) Importer(2089858483,0ecaa5967403d082aa24f35e1b516d23)
Start importing Assets/NGUI/Editor/Preview/Control - Colored Button.png using Guid(4cc8814ed8715f445bad8716f0a84360) Importer(2089858483,0ecaa5967403d082aa24f35e1b516d23) [PhysX] Initialized MultithreadedTaskDispatcher with 32 workers.
 -> (artifact id: '8e3a3376193e8696c2608ed3021319df') in 0.019957 seconds
Number of updated asset objects reloaded before import = 0
Number of asset objects unloaded after import = 1
========================================================================
Received Import Request.
  Time since last request: 0.000018 seconds.
  path: Assets/NGUI/Editor/Preview/Control - Simple Input Field.png
  artifactKey: Guid(505a4aa2be60a31478dc1897f8d21084) Importer(2089858483,0ecaa5967403d082aa24f35e1b516d23)
Start importing Assets/NGUI/Editor/Preview/Control - Simple Input Field.png using Guid(505a4aa2be60a31478dc1897f8d21084) Importer(2089858483,0ecaa5967403d082aa24f35e1b516d23) [PhysX] Initialized MultithreadedTaskDispatcher with 32 workers.
 -> (artifact id: '4f02e9a383e57a3d285338ab69c72502') in 0.020016 seconds
Number of updated asset objects reloaded before import = 0
Number of asset objects unloaded after import = 1
========================================================================
Received Import Request.
  Time since last request: 0.000011 seconds.
  path: Assets/GooglePlayGames/Platforms/Android/AndroidTaskUtils.cs
  artifactKey: Guid(5d045a29538404b2da664bb55de949de) Importer(2089858483,0ecaa5967403d082aa24f35e1b516d23)
Start importing Assets/GooglePlayGames/Platforms/Android/AndroidTaskUtils.cs using Guid(5d045a29538404b2da664bb55de949de) Importer(2089858483,0ecaa5967403d082aa24f35e1b516d23) [PhysX] Initialized MultithreadedTaskDispatcher with 32 workers.
 -> (artifact id: '1a23a2960cd201b24cdee79239f7e73a') in 0.008769 seconds
Number of updated asset objects reloaded before import = 0
Number of asset objects unloaded after import = 1
========================================================================
Received Import Request.
  Time since last request: 0.000021 seconds.
  path: Assets/Resources/Prefabs/Card.prefab
  artifactKey: Guid(aac6f3701750e9d4db5eac5209506c34) Importer(2089858483,0ecaa5967403d082aa24f35e1b516d23)
Start importing Assets/Resources/Prefabs/Card.prefab using Guid(aac6f3701750e9d4db5eac5209506c34) Importer(2089858483,0ecaa5967403d082aa24f35e1b516d23) [PhysX] Initialized MultithreadedTaskDispatcher with 32 workers.
 -> (artifact id: 'c610861afd3722d6ae6735eee9ceb0f9') in 0.014422 seconds
Number of updated asset objects reloaded before import = 0
Number of asset objects unloaded after import = 29
========================================================================
Received Import Request.
  Time since last request: 0.000016 seconds.
  path: Assets/GooglePlayGames/Platforms/Android/AndroidNearbyConnectionClient.cs
  artifactKey: Guid(d69ac0a61e8943ff82b14f7469f0fe97) Importer(2089858483,0ecaa5967403d082aa24f35e1b516d23)
Start importing Assets/GooglePlayGames/Platforms/Android/AndroidNearbyConnectionClient.cs using Guid(d69ac0a61e8943ff82b14f7469f0fe97) Importer(2089858483,0ecaa5967403d082aa24f35e1b516d23) [PhysX] Initialized MultithreadedTaskDispatcher with 32 workers.
 -> (artifact id: '54cabd9093b6e6833f67ed278795559f') in 0.012610 seconds
Number of updated asset objects reloaded before import = 0
Number of asset objects unloaded after import = 1
========================================================================
Received Import Request.
  Time since last request: 0.000013 seconds.
  path: Assets/GooglePlayGames/Platforms/Android/AndroidSavedGameClient.cs
  artifactKey: Guid(a52ca79a06d83464e89d0d052c9af7d9) Importer(2089858483,0ecaa5967403d082aa24f35e1b516d23)
Start importing Assets/GooglePlayGames/Platforms/Android/AndroidSavedGameClient.cs using Guid(a52ca79a06d83464e89d0d052c9af7d9) Importer(2089858483,0ecaa5967403d082aa24f35e1b516d23) [PhysX] Initialized MultithreadedTaskDispatcher with 32 workers.
 -> (artifact id: '657bd91f185c2568a058bee8fb025ced') in 0.009409 seconds
Number of updated asset objects reloaded before import = 0
Number of asset objects unloaded after import = 1
========================================================================
Received Import Request.
  Time since last request: 0.000010 seconds.
  path: Assets/GooglePlayGames/BasicApi/Nearby/ConnectionResponse.cs
  artifactKey: Guid(ad6611af8d0204d0d8922a327d3d9ec0) Importer(2089858483,0ecaa5967403d082aa24f35e1b516d23)
Start importing Assets/GooglePlayGames/BasicApi/Nearby/ConnectionResponse.cs using Guid(ad6611af8d0204d0d8922a327d3d9ec0) Importer(2089858483,0ecaa5967403d082aa24f35e1b516d23) [PhysX] Initialized MultithreadedTaskDispatcher with 32 workers.
 -> (artifact id: '2be859e773558eff8aa1fbc078db2c3f') in 0.008230 seconds
Number of updated asset objects reloaded before import = 0
Number of asset objects unloaded after import = 1
========================================================================
Received Import Request.
  Time since last request: 0.000016 seconds.
  path: Assets/Scripts/Common/ColorHelper.cs
  artifactKey: Guid(6e53e9a81a0e48e4db742b4c12dccdd4) Importer(2089858483,0ecaa5967403d082aa24f35e1b516d23)
Start importing Assets/Scripts/Common/ColorHelper.cs using Guid(6e53e9a81a0e48e4db742b4c12dccdd4) Importer(2089858483,0ecaa5967403d082aa24f35e1b516d23) [PhysX] Initialized MultithreadedTaskDispatcher with 32 workers.
 -> (artifact id: 'cd9263a9d67a34e5cdda0e0a22386c2e') in 0.007895 seconds
Number of updated asset objects reloaded before import = 0
Number of asset objects unloaded after import = 1
========================================================================
Received Import Request.
  Time since last request: 0.032961 seconds.
  path: Assets/NGUI/Resources/Shaders/Unlit - Text 2.shader
  artifactKey: Guid(37590480333382341b5007dec2a032c6) Importer(2089858483,0ecaa5967403d082aa24f35e1b516d23)
Start importing Assets/NGUI/Resources/Shaders/Unlit - Text 2.shader using Guid(37590480333382341b5007dec2a032c6) Importer(2089858483,0ecaa5967403d082aa24f35e1b516d23) [PhysX] Initialized MultithreadedTaskDispatcher with 32 workers.
 -> (artifact id: '9abd4b8f4468280b47b1932bf564a34c') in 0.008306 seconds
Number of updated asset objects reloaded before import = 0
Number of asset objects unloaded after import = 1
========================================================================
Received Import Request.
  Time since last request: 0.000014 seconds.
  path: Assets/NGUI/Scripts/Interaction/UIDragResize.cs
  artifactKey: Guid(5e85fff0758f722468e15bd6605b5173) Importer(2089858483,0ecaa5967403d082aa24f35e1b516d23)
Start importing Assets/NGUI/Scripts/Interaction/UIDragResize.cs using Guid(5e85fff0758f722468e15bd6605b5173) Importer(2089858483,0ecaa5967403d082aa24f35e1b516d23) [PhysX] Initialized MultithreadedTaskDispatcher with 32 workers.
 -> (artifact id: '9d4a009cb6fd508a037d2954de89017b') in 0.008534 seconds
Number of updated asset objects reloaded before import = 0
Number of asset objects unloaded after import = 1
========================================================================
Received Import Request.
  Time since last request: 0.000015 seconds.
  path: Assets/NGUI/Scripts/Interaction/UIButtonColor.cs
  artifactKey: Guid(15cc9c62605319f4a9b20b15918913fa) Importer(2089858483,0ecaa5967403d082aa24f35e1b516d23)
Start importing Assets/NGUI/Scripts/Interaction/UIButtonColor.cs using Guid(15cc9c62605319f4a9b20b15918913fa) Importer(2089858483,0ecaa5967403d082aa24f35e1b516d23) [PhysX] Initialized MultithreadedTaskDispatcher with 32 workers.
 -> (artifact id: 'cde82b19c1d73c74aa031daa5ad5e7f6') in 0.007767 seconds
Number of updated asset objects reloaded before import = 0
Number of asset objects unloaded after import = 1
========================================================================
Received Import Request.
  Time since last request: 0.000011 seconds.
  path: Assets/NGUI/Scripts/Editor/UIInputEditor.cs
  artifactKey: Guid(8bb325a2f543b4d46af7efdc8dfac540) Importer(2089858483,0ecaa5967403d082aa24f35e1b516d23)
Start importing Assets/NGUI/Scripts/Editor/UIInputEditor.cs using Guid(8bb325a2f543b4d46af7efdc8dfac540) Importer(2089858483,0ecaa5967403d082aa24f35e1b516d23) [PhysX] Initialized MultithreadedTaskDispatcher with 32 workers.
 -> (artifact id: 'f4234caebc20148054bb94942246e96a') in 0.008895 seconds
Number of updated asset objects reloaded before import = 0
Number of asset objects unloaded after import = 1
========================================================================
Received Import Request.
  Time since last request: 0.000019 seconds.
  path: Assets/NGUI/Scripts/Interaction/UIButtonKeys.cs
  artifactKey: Guid(35a096bcfb49b9c409c3875999a2cda9) Importer(2089858483,0ecaa5967403d082aa24f35e1b516d23)
Start importing Assets/NGUI/Scripts/Interaction/UIButtonKeys.cs using Guid(35a096bcfb49b9c409c3875999a2cda9) Importer(2089858483,0ecaa5967403d082aa24f35e1b516d23) [PhysX] Initialized MultithreadedTaskDispatcher with 32 workers.
 -> (artifact id: '736d070759d03b4d05b6ee9c197002e4') in 0.009099 seconds
Number of updated asset objects reloaded before import = 0
Number of asset objects unloaded after import = 1
========================================================================
Received Import Request.
  Time since last request: 0.000033 seconds.
  path: Assets/NGUI/Scripts/Interaction/UIDragObject.cs
  artifactKey: Guid(b90fc8427bee38c478f5b2f6f0ae9580) Importer(2089858483,0ecaa5967403d082aa24f35e1b516d23)
Start importing Assets/NGUI/Scripts/Interaction/UIDragObject.cs using Guid(b90fc8427bee38c478f5b2f6f0ae9580) Importer(2089858483,0ecaa5967403d082aa24f35e1b516d23) [PhysX] Initialized MultithreadedTaskDispatcher with 32 workers.
 -> (artifact id: '55e8e5fb880b966f08fcf6c27e852252') in 0.009117 seconds
Number of updated asset objects reloaded before import = 0
Number of asset objects unloaded after import = 1
========================================================================
Received Import Request.
  Time since last request: 0.000019 seconds.
  path: Assets/NGUI/Scripts/Editor/UILocalizeEditor.cs
  artifactKey: Guid(6134566833bb545429829e1abb8bb4ba) Importer(2089858483,0ecaa5967403d082aa24f35e1b516d23)
Start importing Assets/NGUI/Scripts/Editor/UILocalizeEditor.cs using Guid(6134566833bb545429829e1abb8bb4ba) Importer(2089858483,0ecaa5967403d082aa24f35e1b516d23) [PhysX] Initialized MultithreadedTaskDispatcher with 32 workers.
 -> (artifact id: '7c9164fd2b872393e37d9713ce0a4df2') in 0.008700 seconds
Number of updated asset objects reloaded before import = 0
Number of asset objects unloaded after import = 1
========================================================================
Received Import Request.
  Time since last request: 0.000024 seconds.
  path: Assets/NGUI/Scripts/Editor/TypewriterEffectEditor.cs
  artifactKey: Guid(d00aad4a2618d0c43b705a5834ec944a) Importer(2089858483,0ecaa5967403d082aa24f35e1b516d23)
Start importing Assets/NGUI/Scripts/Editor/TypewriterEffectEditor.cs using Guid(d00aad4a2618d0c43b705a5834ec944a) Importer(2089858483,0ecaa5967403d082aa24f35e1b516d23) [PhysX] Initialized MultithreadedTaskDispatcher with 32 workers.
 -> (artifact id: '2ee2e298ee3bf7dc3ebc22eca44a1dfa') in 0.009051 seconds
Number of updated asset objects reloaded before import = 0
Number of asset objects unloaded after import = 1
========================================================================
Received Import Request.
  Time since last request: 0.000043 seconds.
  path: Assets/NGUI/Scripts/Editor/NGUIJson.cs
  artifactKey: Guid(d03d26915d3a63542807ee5e560595e0) Importer(2089858483,0ecaa5967403d082aa24f35e1b516d23)
Start importing Assets/NGUI/Scripts/Editor/NGUIJson.cs using Guid(d03d26915d3a63542807ee5e560595e0) Importer(2089858483,0ecaa5967403d082aa24f35e1b516d23) [PhysX] Initialized MultithreadedTaskDispatcher with 32 workers.
 -> (artifact id: 'ca03a1c5bd13358a336db3fc7409401d') in 0.010072 seconds
Number of updated asset objects reloaded before import = 0
Number of asset objects unloaded after import = 1
========================================================================
Received Import Request.
  Time since last request: 0.000012 seconds.
  path: Assets/NGUI/Scripts/Editor/NGUISelectionTools.cs
  artifactKey: Guid(34baafa8cf35dfe4b968d22d0e7556e2) Importer(2089858483,0ecaa5967403d082aa24f35e1b516d23)
Start importing Assets/NGUI/Scripts/Editor/NGUISelectionTools.cs using Guid(34baafa8cf35dfe4b968d22d0e7556e2) Importer(2089858483,0ecaa5967403d082aa24f35e1b516d23) [PhysX] Initialized MultithreadedTaskDispatcher with 32 workers.
 -> (artifact id: '8419370272ca459fbf49d4aa78d7d938') in 0.010266 seconds
Number of updated asset objects reloaded before import = 0
Number of asset objects unloaded after import = 1
========================================================================
Received Import Request.
  Time since last request: 0.000018 seconds.
  path: Assets/NGUI/Scripts/Editor/TweenAlphaEditor.cs
  artifactKey: Guid(6ca1a2b070be6f04f9dc2b6756d084ff) Importer(2089858483,0ecaa5967403d082aa24f35e1b516d23)
Start importing Assets/NGUI/Scripts/Editor/TweenAlphaEditor.cs using Guid(6ca1a2b070be6f04f9dc2b6756d084ff) Importer(2089858483,0ecaa5967403d082aa24f35e1b516d23) [PhysX] Initialized MultithreadedTaskDispatcher with 32 workers.
 -> (artifact id: '71b5c8ac1e30dcdb6f8551bf371f43f3') in 0.009392 seconds
Number of updated asset objects reloaded before import = 0
Number of asset objects unloaded after import = 1
========================================================================
Received Import Request.
  Time since last request: 0.000013 seconds.
  path: Assets/NGUI/Scripts/Interaction/UIPlayTween.cs
  artifactKey: Guid(eaee0fa3c7a782f43ac65b3fea68c1d6) Importer(2089858483,0ecaa5967403d082aa24f35e1b516d23)
Start importing Assets/NGUI/Scripts/Interaction/UIPlayTween.cs using Guid(eaee0fa3c7a782f43ac65b3fea68c1d6) Importer(2089858483,0ecaa5967403d082aa24f35e1b516d23) [PhysX] Initialized MultithreadedTaskDispatcher with 32 workers.
 -> (artifact id: '44f78d782c8e320f571eb8146e041afe') in 0.009179 seconds
Number of updated asset objects reloaded before import = 0
Number of asset objects unloaded after import = 1
========================================================================
Received Import Request.
  Time since last request: 0.000031 seconds.
  path: Assets/NGUI/Scripts/Interaction/EnvelopContent.cs
  artifactKey: Guid(afc132d2169cbe0478182768b713d882) Importer(2089858483,0ecaa5967403d082aa24f35e1b516d23)
Start importing Assets/NGUI/Scripts/Interaction/EnvelopContent.cs using Guid(afc132d2169cbe0478182768b713d882) Importer(2089858483,0ecaa5967403d082aa24f35e1b516d23) [PhysX] Initialized MultithreadedTaskDispatcher with 32 workers.
 -> (artifact id: '5f3799e4420878e5cdd717f08f7ad51b') in 0.009250 seconds
Number of updated asset objects reloaded before import = 0
Number of asset objects unloaded after import = 1
========================================================================
Received Import Request.
  Time since last request: 0.000034 seconds.
  path: Assets/NGUI/Scripts/Editor/TweenScaleEditor.cs
  artifactKey: Guid(50b7b0504ae552a42b20841c085dc185) Importer(2089858483,0ecaa5967403d082aa24f35e1b516d23)
Start importing Assets/NGUI/Scripts/Editor/TweenScaleEditor.cs using Guid(50b7b0504ae552a42b20841c085dc185) Importer(2089858483,0ecaa5967403d082aa24f35e1b516d23) [PhysX] Initialized MultithreadedTaskDispatcher with 32 workers.
 -> (artifact id: '28e67b91ffed0020703b2e2cb54ad404') in 0.007775 seconds
Number of updated asset objects reloaded before import = 0
Number of asset objects unloaded after import = 1
========================================================================
Received Import Request.
  Time since last request: 0.000046 seconds.
  path: Assets/NGUI/Scripts/Interaction/UIShowControlScheme.cs
  artifactKey: Guid(dbaaa3487adf4a8428d4b5e12a1ca023) Importer(2089858483,0ecaa5967403d082aa24f35e1b516d23)
Start importing Assets/NGUI/Scripts/Interaction/UIShowControlScheme.cs using Guid(dbaaa3487adf4a8428d4b5e12a1ca023) Importer(2089858483,0ecaa5967403d082aa24f35e1b516d23) [PhysX] Initialized MultithreadedTaskDispatcher with 32 workers.
 -> (artifact id: 'a7c4f7d48ee1ca198bca30c46ff3c0dd') in 0.008472 seconds
Number of updated asset objects reloaded before import = 0
Number of asset objects unloaded after import = 1
========================================================================
Received Import Request.
  Time since last request: 0.000040 seconds.
  path: Assets/NGUI/Scripts/Editor/UIAtlasInspector.cs
  artifactKey: Guid(7163253a2d8b90f4cbdd7b0630b84dcd) Importer(2089858483,0ecaa5967403d082aa24f35e1b516d23)
Start importing Assets/NGUI/Scripts/Editor/UIAtlasInspector.cs using Guid(7163253a2d8b90f4cbdd7b0630b84dcd) Importer(2089858483,0ecaa5967403d082aa24f35e1b516d23) [PhysX] Initialized MultithreadedTaskDispatcher with 32 workers.
 -> (artifact id: 'e5112e6d33c4ab322e984a3ddb41a6d3') in 0.009329 seconds
Number of updated asset objects reloaded before import = 0
Number of asset objects unloaded after import = 1
========================================================================
Received Import Request.
  Time since last request: 0.000016 seconds.
  path: Assets/NGUI/Scripts/Editor/UICreateNewUIWizard.cs
  artifactKey: Guid(d900a06197aa6b841b6f2ae5d629f2f3) Importer(2089858483,0ecaa5967403d082aa24f35e1b516d23)
Start importing Assets/NGUI/Scripts/Editor/UICreateNewUIWizard.cs using Guid(d900a06197aa6b841b6f2ae5d629f2f3) Importer(2089858483,0ecaa5967403d082aa24f35e1b516d23) [PhysX] Initialized MultithreadedTaskDispatcher with 32 workers.
 -> (artifact id: '684321064f72d2ce87bdd8d1665d3e40') in 0.011098 seconds
Number of updated asset objects reloaded before import = 0
Number of asset objects unloaded after import = 1
========================================================================
Received Import Request.
  Time since last request: 0.000045 seconds.
  path: Assets/NGUI/Scripts/Editor/NGUIEditorExtensions.cs
  artifactKey: Guid(3c4443a8d3d2c6d4ea480a08299aaceb) Importer(2089858483,0ecaa5967403d082aa24f35e1b516d23)
Start importing Assets/NGUI/Scripts/Editor/NGUIEditorExtensions.cs using Guid(3c4443a8d3d2c6d4ea480a08299aaceb) Importer(2089858483,0ecaa5967403d082aa24f35e1b516d23) [PhysX] Initialized MultithreadedTaskDispatcher with 32 workers.
 -> (artifact id: 'a6349f33189469447088ece623150280') in 0.009094 seconds
Number of updated asset objects reloaded before import = 0
Number of asset objects unloaded after import = 1
========================================================================
Received Import Request.
  Time since last request: 0.000027 seconds.
  path: Assets/NGUI/Resources/Shaders/Unlit - Transparent Packed 2.shader
  artifactKey: Guid(f4f0faf73e6bf89419cf29b611f29ade) Importer(2089858483,0ecaa5967403d082aa24f35e1b516d23)
Start importing Assets/NGUI/Resources/Shaders/Unlit - Transparent Packed 2.shader using Guid(f4f0faf73e6bf89419cf29b611f29ade) Importer(2089858483,0ecaa5967403d082aa24f35e1b516d23) [PhysX] Initialized MultithreadedTaskDispatcher with 32 workers.
 -> (artifact id: '38d26bacb672a774084fd8860eaeec04') in 0.009627 seconds
Number of updated asset objects reloaded before import = 0
Number of asset objects unloaded after import = 1
========================================================================
Received Import Request.
  Time since last request: 0.000046 seconds.
  path: Assets/NGUI/Resources/Shaders/Unlit - Transparent Packed 3.shader
  artifactKey: Guid(d1ba9e7ba321b2c4d97f6a19f1deab6a) Importer(2089858483,0ecaa5967403d082aa24f35e1b516d23)
Start importing Assets/NGUI/Resources/Shaders/Unlit - Transparent Packed 3.shader using Guid(d1ba9e7ba321b2c4d97f6a19f1deab6a) Importer(2089858483,0ecaa5967403d082aa24f35e1b516d23) [PhysX] Initialized MultithreadedTaskDispatcher with 32 workers.
 -> (artifact id: 'aa9bb50619db3b5af55f5f331b96c194') in 0.010616 seconds
Number of updated asset objects reloaded before import = 0
Number of asset objects unloaded after import = 1
========================================================================
Received Import Request.
  Time since last request: 0.000015 seconds.
  path: Assets/NGUI/Scripts/Interaction/UIPlayAnimation.cs
  artifactKey: Guid(3f093ad5830afe44aba6efa8b8a5d5b9) Importer(2089858483,0ecaa5967403d082aa24f35e1b516d23)
Start importing Assets/NGUI/Scripts/Interaction/UIPlayAnimation.cs using Guid(3f093ad5830afe44aba6efa8b8a5d5b9) Importer(2089858483,0ecaa5967403d082aa24f35e1b516d23) [PhysX] Initialized MultithreadedTaskDispatcher with 32 workers.
 -> (artifact id: '4a6eb62a24514a288895da6c9b41fa26') in 0.009772 seconds
Number of updated asset objects reloaded before import = 0
Number of asset objects unloaded after import = 1
========================================================================
Received Import Request.
  Time since last request: 0.000013 seconds.
  path: Assets/NGUI/Scripts/Editor/EventDelegateEditor.cs
  artifactKey: Guid(bb8e5b61ab758094e90874901b42da1f) Importer(2089858483,0ecaa5967403d082aa24f35e1b516d23)
Start importing Assets/NGUI/Scripts/Editor/EventDelegateEditor.cs using Guid(bb8e5b61ab758094e90874901b42da1f) Importer(2089858483,0ecaa5967403d082aa24f35e1b516d23) [PhysX] Initialized MultithreadedTaskDispatcher with 32 workers.
 -> (artifact id: '08fa66dfcacb5e5c2d9c53177db326b6') in 0.009272 seconds
Number of updated asset objects reloaded before import = 0
Number of asset objects unloaded after import = 1
========================================================================
Received Import Request.
  Time since last request: 0.000013 seconds.
  path: Assets/NGUI/Scripts/Editor/UIRectEditor.cs
  artifactKey: Guid(aa5b1144562b4be4a839a476a014319c) Importer(2089858483,0ecaa5967403d082aa24f35e1b516d23)
Start importing Assets/NGUI/Scripts/Editor/UIRectEditor.cs using Guid(aa5b1144562b4be4a839a476a014319c) Importer(2089858483,0ecaa5967403d082aa24f35e1b516d23) [PhysX] Initialized MultithreadedTaskDispatcher with 32 workers.
 -> (artifact id: '6195aa855c133a98e47ed2a16fc76de4') in 0.014494 seconds
Number of updated asset objects reloaded before import = 0
Number of asset objects unloaded after import = 1
========================================================================
Received Import Request.
  Time since last request: 0.000038 seconds.
  path: Assets/NGUI/Scripts/Interaction/UIScrollView.cs
  artifactKey: Guid(d81807633ea807d4c8e3fff7e10c6000) Importer(2089858483,0ecaa5967403d082aa24f35e1b516d23)
Start importing Assets/NGUI/Scripts/Interaction/UIScrollView.cs using Guid(d81807633ea807d4c8e3fff7e10c6000) Importer(2089858483,0ecaa5967403d082aa24f35e1b516d23) [PhysX] Initialized MultithreadedTaskDispatcher with 32 workers.
 -> (artifact id: 'd34cad4eb8edc32fc0af741dfcf585c4') in 0.009399 seconds
Number of updated asset objects reloaded before import = 0
Number of asset objects unloaded after import = 1
========================================================================
Received Import Request.
  Time since last request: 0.000019 seconds.
  path: Assets/NGUI/Scripts/Interaction/UIButtonActivate.cs
  artifactKey: Guid(2e1a147c24165da4b8936f4a453da17e) Importer(2089858483,0ecaa5967403d082aa24f35e1b516d23)
Start importing Assets/NGUI/Scripts/Interaction/UIButtonActivate.cs using Guid(2e1a147c24165da4b8936f4a453da17e) Importer(2089858483,0ecaa5967403d082aa24f35e1b516d23) [PhysX] Initialized MultithreadedTaskDispatcher with 32 workers.
 -> (artifact id: '1629da4e3d3fd91695c7872cfcbfd7a5') in 0.008394 seconds
Number of updated asset objects reloaded before import = 0
Number of asset objects unloaded after import = 1
========================================================================
Received Import Request.
  Time since last request: 0.000035 seconds.
  path: Assets/NGUI/Scripts/Editor/UIColorPickerEditor.cs
  artifactKey: Guid(ad4bb028f6b2a704bb8a0fc75f6b0652) Importer(2089858483,0ecaa5967403d082aa24f35e1b516d23)
Start importing Assets/NGUI/Scripts/Editor/UIColorPickerEditor.cs using Guid(ad4bb028f6b2a704bb8a0fc75f6b0652) Importer(2089858483,0ecaa5967403d082aa24f35e1b516d23) [PhysX] Initialized MultithreadedTaskDispatcher with 32 workers.
 -> (artifact id: '16d6be8ffdaf8aef2215446a5e11d531') in 0.008477 seconds
Number of updated asset objects reloaded before import = 0
Number of asset objects unloaded after import = 1
========================================================================
Received Import Request.
  Time since last request: 0.000013 seconds.
  path: Assets/NGUI/Scripts/Editor/NGUIEditorTools.cs
  artifactKey: Guid(4e758c1de6cfd8b498cd2526d5b629df) Importer(2089858483,0ecaa5967403d082aa24f35e1b516d23)
Start importing Assets/NGUI/Scripts/Editor/NGUIEditorTools.cs using Guid(4e758c1de6cfd8b498cd2526d5b629df) Importer(2089858483,0ecaa5967403d082aa24f35e1b516d23) [PhysX] Initialized MultithreadedTaskDispatcher with 32 workers.
 -> (artifact id: '25e49e9c13a77df404a116eca442ddbe') in 0.007457 seconds
Number of updated asset objects reloaded before import = 0
Number of asset objects unloaded after import = 1
========================================================================
Received Import Request.
  Time since last request: 0.000008 seconds.
  path: Assets/NGUI/Scripts/Editor/TweenPositionEditor.cs
  artifactKey: Guid(5c3ed7d7dc3fe434d8fbe43ba848c7de) Importer(2089858483,0ecaa5967403d082aa24f35e1b516d23)
Start importing Assets/NGUI/Scripts/Editor/TweenPositionEditor.cs using Guid(5c3ed7d7dc3fe434d8fbe43ba848c7de) Importer(2089858483,0ecaa5967403d082aa24f35e1b516d23) [PhysX] Initialized MultithreadedTaskDispatcher with 32 workers.
 -> (artifact id: 'c69fbc33878630e37610a0aec8b28bf8') in 0.007373 seconds
Number of updated asset objects reloaded before import = 0
Number of asset objects unloaded after import = 1
========================================================================
Received Import Request.
  Time since last request: 0.000013 seconds.
  path: Assets/NGUI/Scripts/Editor/UIRootEditor.cs
  artifactKey: Guid(167e85d0ec2d26c4e9d862a87e678254) Importer(2089858483,0ecaa5967403d082aa24f35e1b516d23)
Start importing Assets/NGUI/Scripts/Editor/UIRootEditor.cs using Guid(167e85d0ec2d26c4e9d862a87e678254) Importer(2089858483,0ecaa5967403d082aa24f35e1b516d23) [PhysX] Initialized MultithreadedTaskDispatcher with 32 workers.
 -> (artifact id: '6b5331a7cd0b327711a692f0102c22c9') in 0.006621 seconds
Number of updated asset objects reloaded before import = 0
Number of asset objects unloaded after import = 1
========================================================================
Received Import Request.
  Time since last request: 0.000008 seconds.
  path: Assets/NGUI/Scripts/Editor/UIWidgetContainerEditor.cs
  artifactKey: Guid(74b00d61990c33f4cb5a79a77af61196) Importer(2089858483,0ecaa5967403d082aa24f35e1b516d23)
Start importing Assets/NGUI/Scripts/Editor/UIWidgetContainerEditor.cs using Guid(74b00d61990c33f4cb5a79a77af61196) Importer(2089858483,0ecaa5967403d082aa24f35e1b516d23) [PhysX] Initialized MultithreadedTaskDispatcher with 32 workers.
 -> (artifact id: '648b768f14b5af93a65ccdf14fdc4148') in 0.008332 seconds
Number of updated asset objects reloaded before import = 0
Number of asset objects unloaded after import = 1
========================================================================
Received Import Request.
  Time since last request: 0.000021 seconds.
  path: Assets/NGUI/Scripts/Editor/UIButtonEditor.cs
  artifactKey: Guid(f5c5298e1d742444a84b57652af46ff8) Importer(2089858483,0ecaa5967403d082aa24f35e1b516d23)
Start importing Assets/NGUI/Scripts/Editor/UIButtonEditor.cs using Guid(f5c5298e1d742444a84b57652af46ff8) Importer(2089858483,0ecaa5967403d082aa24f35e1b516d23) [PhysX] Initialized MultithreadedTaskDispatcher with 32 workers.
 -> (artifact id: '2e8815bdfe97cf9566d2c15b5fe61d45') in 0.007891 seconds
Number of updated asset objects reloaded before import = 0
Number of asset objects unloaded after import = 1
========================================================================
Received Import Request.
  Time since last request: 0.000024 seconds.
  path: Assets/NGUI/Scripts/Interaction/UICenterOnChild.cs
  artifactKey: Guid(d35d721694fa0ee48a2d14bddfcbf4a4) Importer(2089858483,0ecaa5967403d082aa24f35e1b516d23)
Start importing Assets/NGUI/Scripts/Interaction/UICenterOnChild.cs using Guid(d35d721694fa0ee48a2d14bddfcbf4a4) Importer(2089858483,0ecaa5967403d082aa24f35e1b516d23) [PhysX] Initialized MultithreadedTaskDispatcher with 32 workers.
 -> (artifact id: '9d7fff4681a484c762f8ef10a282429b') in 0.007278 seconds
Number of updated asset objects reloaded before import = 0
Number of asset objects unloaded after import = 1
========================================================================
Received Import Request.
  Time since last request: 0.000039 seconds.
  path: Assets/NGUI/Scripts/Editor/UISpriteAnimationInspector.cs
  artifactKey: Guid(0691e062d343d1b41b435e34db5d467f) Importer(2089858483,0ecaa5967403d082aa24f35e1b516d23)
Start importing Assets/NGUI/Scripts/Editor/UISpriteAnimationInspector.cs using Guid(0691e062d343d1b41b435e34db5d467f) Importer(2089858483,0ecaa5967403d082aa24f35e1b516d23) [PhysX] Initialized MultithreadedTaskDispatcher with 32 workers.
 -> (artifact id: 'f0862000f303feeed5ccf654278eee5f') in 0.006909 seconds
Number of updated asset objects reloaded before import = 0
Number of asset objects unloaded after import = 1
========================================================================
Received Import Request.
  Time since last request: 0.000016 seconds.
  path: Assets/NGUI/Scripts/Editor/UIGridEditor.cs
  artifactKey: Guid(25768f77ff311df4280e5930a00c6a2a) Importer(2089858483,0ecaa5967403d082aa24f35e1b516d23)
Start importing Assets/NGUI/Scripts/Editor/UIGridEditor.cs using Guid(25768f77ff311df4280e5930a00c6a2a) Importer(2089858483,0ecaa5967403d082aa24f35e1b516d23) [PhysX] Initialized MultithreadedTaskDispatcher with 32 workers.
 -> (artifact id: '560c1c6d3cf76d2e811e1578bd4cc189') in 0.007362 seconds
Number of updated asset objects reloaded before import = 0
Number of asset objects unloaded after import = 1
========================================================================
Received Import Request.
  Time since last request: 0.000008 seconds.
  path: Assets/NGUI/Scripts/Interaction/UIForwardEvents.cs
  artifactKey: Guid(48ae3b1123bedc6429fcbcd3f1548030) Importer(2089858483,0ecaa5967403d082aa24f35e1b516d23)
Start importing Assets/NGUI/Scripts/Interaction/UIForwardEvents.cs using Guid(48ae3b1123bedc6429fcbcd3f1548030) Importer(2089858483,0ecaa5967403d082aa24f35e1b516d23) [PhysX] Initialized MultithreadedTaskDispatcher with 32 workers.
 -> (artifact id: '8e04ef8c04d5e9ac89d441207d3ab912') in 0.006705 seconds
Number of updated asset objects reloaded before import = 0
Number of asset objects unloaded after import = 1
========================================================================
Received Import Request.
  Time since last request: 0.000037 seconds.
  path: Assets/NGUI/Scripts/Editor/UI2DSpriteEditor.cs
  artifactKey: Guid(3b58c690fc6247742b470d68991b0b45) Importer(2089858483,0ecaa5967403d082aa24f35e1b516d23)
Start importing Assets/NGUI/Scripts/Editor/UI2DSpriteEditor.cs using Guid(3b58c690fc6247742b470d68991b0b45) Importer(2089858483,0ecaa5967403d082aa24f35e1b516d23) [PhysX] Initialized MultithreadedTaskDispatcher with 32 workers.
 -> (artifact id: '170c1593376a2ae02045b7293b601a60') in 0.007459 seconds
Number of updated asset objects reloaded before import = 0
Number of asset objects unloaded after import = 1
========================================================================
Received Import Request.
  Time since last request: 0.000014 seconds.
  path: Assets/NGUI/Scripts/Editor/UIPrefabTool.cs
  artifactKey: Guid(3eb1f93f938c768488aabc5c498e5f86) Importer(2089858483,0ecaa5967403d082aa24f35e1b516d23)
Start importing Assets/NGUI/Scripts/Editor/UIPrefabTool.cs using Guid(3eb1f93f938c768488aabc5c498e5f86) Importer(2089858483,0ecaa5967403d082aa24f35e1b516d23) [PhysX] Initialized MultithreadedTaskDispatcher with 32 workers.
 -> (artifact id: '43e14f33a2471967555a6590371bf216') in 0.007272 seconds
Number of updated asset objects reloaded before import = 0
Number of asset objects unloaded after import = 1
========================================================================
Received Import Request.
  Time since last request: 0.000009 seconds.
  path: Assets/NGUI/Scripts/Editor/PropertyBindingEditor.cs
  artifactKey: Guid(e580c777427c3a64983b83b4858c68e1) Importer(2089858483,0ecaa5967403d082aa24f35e1b516d23)
Start importing Assets/NGUI/Scripts/Editor/PropertyBindingEditor.cs using Guid(e580c777427c3a64983b83b4858c68e1) Importer(2089858483,0ecaa5967403d082aa24f35e1b516d23) [PhysX] Initialized MultithreadedTaskDispatcher with 32 workers.
 -> (artifact id: 'e7465575e8e6c45aa8002f21b299b5bf') in 0.007228 seconds
Number of updated asset objects reloaded before import = 0
Number of asset objects unloaded after import = 1
========================================================================
Received Import Request.
  Time since last request: 0.000016 seconds.
  path: Assets/NGUI/Scripts/Interaction/UIKeyBinding.cs
  artifactKey: Guid(049a2bcd8df653c4d9cb9d39404363a9) Importer(2089858483,0ecaa5967403d082aa24f35e1b516d23)
Start importing Assets/NGUI/Scripts/Interaction/UIKeyBinding.cs using Guid(049a2bcd8df653c4d9cb9d39404363a9) Importer(2089858483,0ecaa5967403d082aa24f35e1b516d23) [PhysX] Initialized MultithreadedTaskDispatcher with 32 workers.
 -> (artifact id: '5597311a475dd006175cb95df3d96b1b') in 0.006338 seconds
Number of updated asset objects reloaded before import = 0
Number of asset objects unloaded after import = 1
========================================================================
Received Import Request.
  Time since last request: 0.000014 seconds.
  path: Assets/NGUI/Scripts/Interaction/UIDragScrollView.cs
  artifactKey: Guid(f02842fa4878db54f9587ff4de7d9f2d) Importer(2089858483,0ecaa5967403d082aa24f35e1b516d23)
Start importing Assets/NGUI/Scripts/Interaction/UIDragScrollView.cs using Guid(f02842fa4878db54f9587ff4de7d9f2d) Importer(2089858483,0ecaa5967403d082aa24f35e1b516d23) [PhysX] Initialized MultithreadedTaskDispatcher with 32 workers.
 -> (artifact id: 'dd962d1864bd1f51a13c13263f8e30f9') in 0.007946 seconds
Number of updated asset objects reloaded before import = 0
Number of asset objects unloaded after import = 1
========================================================================
Received Import Request.
  Time since last request: 0.000025 seconds.
  path: Assets/NGUI/Resources/Shaders/Unlit - Transparent Colored.shader
  artifactKey: Guid(e75727d9555d9d14ca51d91908c681bc) Importer(2089858483,0ecaa5967403d082aa24f35e1b516d23)
Start importing Assets/NGUI/Resources/Shaders/Unlit - Transparent Colored.shader using Guid(e75727d9555d9d14ca51d91908c681bc) Importer(2089858483,0ecaa5967403d082aa24f35e1b516d23) [PhysX] Initialized MultithreadedTaskDispatcher with 32 workers.
 -> (artifact id: '94980a8cf2d9707754088226da0100e4') in 0.006757 seconds
Number of updated asset objects reloaded before import = 0
Number of asset objects unloaded after import = 1
========================================================================
Received Import Request.
  Time since last request: 0.000018 seconds.
  path: Assets/NGUI/Resources/Shaders/Unlit - Transparent Packed 1.shader
  artifactKey: Guid(182695e850938314fa6675a8926ad9ee) Importer(2089858483,0ecaa5967403d082aa24f35e1b516d23)
Start importing Assets/NGUI/Resources/Shaders/Unlit - Transparent Packed 1.shader using Guid(182695e850938314fa6675a8926ad9ee) Importer(2089858483,0ecaa5967403d082aa24f35e1b516d23) [PhysX] Initialized MultithreadedTaskDispatcher with 32 workers.
 -> (artifact id: '12835bad1a5dce8ef0cdf325646787d7') in 0.006330 seconds
Number of updated asset objects reloaded before import = 0
Number of asset objects unloaded after import = 1
========================================================================
Received Import Request.
  Time since last request: 0.000014 seconds.
  path: Assets/NGUI/Scripts/Editor/UISliderEditor.cs
  artifactKey: Guid(a43764fe69e698d40b5024e16213c5cc) Importer(2089858483,0ecaa5967403d082aa24f35e1b516d23)
Start importing Assets/NGUI/Scripts/Editor/UISliderEditor.cs using Guid(a43764fe69e698d40b5024e16213c5cc) Importer(2089858483,0ecaa5967403d082aa24f35e1b516d23) [PhysX] Initialized MultithreadedTaskDispatcher with 32 workers.
 -> (artifact id: 'd320d5409293da023129c53aee0b9b5f') in 0.007124 seconds
Number of updated asset objects reloaded before import = 0
Number of asset objects unloaded after import = 1
========================================================================
Received Import Request.
  Time since last request: 0.000033 seconds.
  path: Assets/NGUI/Scripts/Editor/UITexturePacker.cs
  artifactKey: Guid(c3212969823f62c4f90c010c49b4d816) Importer(2089858483,0ecaa5967403d082aa24f35e1b516d23)
Start importing Assets/NGUI/Scripts/Editor/UITexturePacker.cs using Guid(c3212969823f62c4f90c010c49b4d816) Importer(2089858483,0ecaa5967403d082aa24f35e1b516d23) [PhysX] Initialized MultithreadedTaskDispatcher with 32 workers.
 -> (artifact id: '16f005f786401a574317017cfe1da654') in 0.006878 seconds
Number of updated asset objects reloaded before import = 0
Number of asset objects unloaded after import = 1
========================================================================
Received Import Request.
  Time since last request: 0.000019 seconds.
  path: Assets/NGUI/Scripts/Interaction/UIScrollBar.cs
  artifactKey: Guid(3c8d596c16f05d949922ef16347e4cc9) Importer(2089858483,0ecaa5967403d082aa24f35e1b516d23)
Start importing Assets/NGUI/Scripts/Interaction/UIScrollBar.cs using Guid(3c8d596c16f05d949922ef16347e4cc9) Importer(2089858483,0ecaa5967403d082aa24f35e1b516d23) [PhysX] Initialized MultithreadedTaskDispatcher with 32 workers.
 -> (artifact id: '0f7acbd7d6b34246bdb86cd43098c353') in 0.008385 seconds
Number of updated asset objects reloaded before import = 0
Number of asset objects unloaded after import = 1
========================================================================
Received Import Request.
  Time since last request: 0.000008 seconds.
  path: Assets/NGUI/Scripts/Interaction/UIWrapContent.cs
  artifactKey: Guid(7151fd3c05c1b4c499d4d972a6b88b50) Importer(2089858483,0ecaa5967403d082aa24f35e1b516d23)
Start importing Assets/NGUI/Scripts/Interaction/UIWrapContent.cs using Guid(7151fd3c05c1b4c499d4d972a6b88b50) Importer(2089858483,0ecaa5967403d082aa24f35e1b516d23) [PhysX] Initialized MultithreadedTaskDispatcher with 32 workers.
 -> (artifact id: '38767230bb18f0b8ae21a5b5016c0aa8') in 0.006674 seconds
Number of updated asset objects reloaded before import = 0
Number of asset objects unloaded after import = 1
========================================================================
Received Import Request.
  Time since last request: 0.000026 seconds.
  path: Assets/NGUI/Scripts/Interaction/UIDragCamera.cs
  artifactKey: Guid(6be1c23e94a0ec847bf5784666c3432d) Importer(2089858483,0ecaa5967403d082aa24f35e1b516d23)
Start importing Assets/NGUI/Scripts/Interaction/UIDragCamera.cs using Guid(6be1c23e94a0ec847bf5784666c3432d) Importer(2089858483,0ecaa5967403d082aa24f35e1b516d23) [PhysX] Initialized MultithreadedTaskDispatcher with 32 workers.
 -> (artifact id: 'df7f710c98250a3e91eb76d75ac2c2bf') in 0.008409 seconds
Number of updated asset objects reloaded before import = 0
Number of asset objects unloaded after import = 1
========================================================================
Received Import Request.
  Time since last request: 0.000013 seconds.
  path: Assets/NGUI/Scripts/Editor/NGUIHandles.cs
  artifactKey: Guid(4102545b85744ff4d933400e48405407) Importer(2089858483,0ecaa5967403d082aa24f35e1b516d23)
Start importing Assets/NGUI/Scripts/Editor/NGUIHandles.cs using Guid(4102545b85744ff4d933400e48405407) Importer(2089858483,0ecaa5967403d082aa24f35e1b516d23) [PhysX] Initialized MultithreadedTaskDispatcher with 32 workers.
 -> (artifact id: 'a7fdfb276638105d766dc7c66425d8a8') in 0.007790 seconds
Number of updated asset objects reloaded before import = 0
Number of asset objects unloaded after import = 1
========================================================================
Received Import Request.
  Time since last request: 0.000010 seconds.
  path: Assets/NGUI/Scripts/Editor/BMFontReader.cs
  artifactKey: Guid(8e158bb7b8285214086ac67290f0cecd) Importer(2089858483,0ecaa5967403d082aa24f35e1b516d23)
Start importing Assets/NGUI/Scripts/Editor/BMFontReader.cs using Guid(8e158bb7b8285214086ac67290f0cecd) Importer(2089858483,0ecaa5967403d082aa24f35e1b516d23) [PhysX] Initialized MultithreadedTaskDispatcher with 32 workers.
 -> (artifact id: 'd3fe5831f38f73259c970c0682e3b1f7') in 0.007571 seconds
Number of updated asset objects reloaded before import = 0
Number of asset objects unloaded after import = 1
========================================================================
Received Import Request.
  Time since last request: 0.000012 seconds.
  path: Assets/NGUI/Scripts/Editor/UIButtonKeysEditor.cs
  artifactKey: Guid(ebef6265308ce534dbdb180b5240c568) Importer(2089858483,0ecaa5967403d082aa24f35e1b516d23)
Start importing Assets/NGUI/Scripts/Editor/UIButtonKeysEditor.cs using Guid(ebef6265308ce534dbdb180b5240c568) Importer(2089858483,0ecaa5967403d082aa24f35e1b516d23) [PhysX] Initialized MultithreadedTaskDispatcher with 32 workers.
 -> (artifact id: 'e6fc3ee772b4e4f13af08ed6e822ecbe') in 0.009299 seconds
Number of updated asset objects reloaded before import = 0
Number of asset objects unloaded after import = 1
========================================================================
Received Import Request.
  Time since last request: 0.000033 seconds.
  path: Assets/NGUI/Resources/Shaders/Unlit - Transparent Masked 3.shader
  artifactKey: Guid(222c64d503379884db00185ebbe08590) Importer(2089858483,0ecaa5967403d082aa24f35e1b516d23)
Start importing Assets/NGUI/Resources/Shaders/Unlit - Transparent Masked 3.shader using Guid(222c64d503379884db00185ebbe08590) Importer(2089858483,0ecaa5967403d082aa24f35e1b516d23) [PhysX] Initialized MultithreadedTaskDispatcher with 32 workers.
 -> (artifact id: '5bee34baf3d6c72e47543a479f9187a0') in 0.010006 seconds
Number of updated asset objects reloaded before import = 0
Number of asset objects unloaded after import = 1
========================================================================
Received Import Request.
  Time since last request: 0.000011 seconds.
  path: Assets/NGUI/Scripts/Interaction/TypewriterEffect.cs
  artifactKey: Guid(e5e1210a659c71f49b09ec14c4d40e77) Importer(2089858483,0ecaa5967403d082aa24f35e1b516d23)
Start importing Assets/NGUI/Scripts/Interaction/TypewriterEffect.cs using Guid(e5e1210a659c71f49b09ec14c4d40e77) Importer(2089858483,0ecaa5967403d082aa24f35e1b516d23) [PhysX] Initialized MultithreadedTaskDispatcher with 32 workers.
 -> (artifact id: '1cc7c6972e06f70662641fc0ddcfcfd3') in 0.009387 seconds
Number of updated asset objects reloaded before import = 0
Number of asset objects unloaded after import = 1
========================================================================
Received Import Request.
  Time since last request: 0.000012 seconds.
  path: Assets/NGUI/Scripts/Interaction/UIGrid.cs
  artifactKey: Guid(07c4de3b4b6fe9045b059ee627c100df) Importer(2089858483,0ecaa5967403d082aa24f35e1b516d23)
Start importing Assets/NGUI/Scripts/Interaction/UIGrid.cs using Guid(07c4de3b4b6fe9045b059ee627c100df) Importer(2089858483,0ecaa5967403d082aa24f35e1b516d23) [PhysX] Initialized MultithreadedTaskDispatcher with 32 workers.
 -> (artifact id: '58d2417805ba648108b8353379e05c3d') in 0.011468 seconds
Number of updated asset objects reloaded before import = 0
Number of asset objects unloaded after import = 1
========================================================================
Received Import Request.
  Time since last request: 0.000021 seconds.
  path: Assets/NGUI/Scripts/Interaction/UIToggledObjects.cs
  artifactKey: Guid(b5f48ecc218d2db49baa9ac1bfe73ba9) Importer(2089858483,0ecaa5967403d082aa24f35e1b516d23)
Start importing Assets/NGUI/Scripts/Interaction/UIToggledObjects.cs using Guid(b5f48ecc218d2db49baa9ac1bfe73ba9) Importer(2089858483,0ecaa5967403d082aa24f35e1b516d23) [PhysX] Initialized MultithreadedTaskDispatcher with 32 workers.
 -> (artifact id: 'a00a14aaa66287966a85c35f076d5f8d') in 0.011988 seconds
Number of updated asset objects reloaded before import = 0
Number of asset objects unloaded after import = 1
========================================================================
Received Import Request.
  Time since last request: 0.000028 seconds.
  path: Assets/NGUI/Scripts/Editor/UIPanelTool.cs
  artifactKey: Guid(c8ec094592868d540af38cb278cc80ce) Importer(2089858483,0ecaa5967403d082aa24f35e1b516d23)
Start importing Assets/NGUI/Scripts/Editor/UIPanelTool.cs using Guid(c8ec094592868d540af38cb278cc80ce) Importer(2089858483,0ecaa5967403d082aa24f35e1b516d23) [PhysX] Initialized MultithreadedTaskDispatcher with 32 workers.
 -> (artifact id: '7c2b8a5f7e96f4032e9f287c21b52af1') in 0.011939 seconds
Number of updated asset objects reloaded before import = 0
Number of asset objects unloaded after import = 1
========================================================================
Received Import Request.
  Time since last request: 0.000012 seconds.
  path: Assets/NGUI/Scripts/Editor/TweenOrthoSizeEditor.cs
  artifactKey: Guid(37cda4ddb333a6d469473d36a439d20e) Importer(2089858483,0ecaa5967403d082aa24f35e1b516d23)
Start importing Assets/NGUI/Scripts/Editor/TweenOrthoSizeEditor.cs using Guid(37cda4ddb333a6d469473d36a439d20e) Importer(2089858483,0ecaa5967403d082aa24f35e1b516d23) [PhysX] Initialized MultithreadedTaskDispatcher with 32 workers.
 -> (artifact id: 'febb383a573f07cfce2f28ec75b26cd7') in 0.008712 seconds
Number of updated asset objects reloaded before import = 0
Number of asset objects unloaded after import = 1
========================================================================
Received Import Request.
  Time since last request: 0.000031 seconds.
  path: Assets/NGUI/Resources/Shaders/Unlit - Transparent Masked 2.shader
  artifactKey: Guid(c6f11eb0ceeb5e044b3199208e1a99bf) Importer(2089858483,0ecaa5967403d082aa24f35e1b516d23)
Start importing Assets/NGUI/Resources/Shaders/Unlit - Transparent Masked 2.shader using Guid(c6f11eb0ceeb5e044b3199208e1a99bf) Importer(2089858483,0ecaa5967403d082aa24f35e1b516d23) [PhysX] Initialized MultithreadedTaskDispatcher with 32 workers.
 -> (artifact id: 'feccb0e18868a0d15b5d4da5c2b6bfad') in 0.009256 seconds
Number of updated asset objects reloaded before import = 0
Number of asset objects unloaded after import = 1
========================================================================
Received Import Request.
  Time since last request: 0.000018 seconds.
  path: Assets/NGUI/Scripts/Interaction/UIButtonMessage.cs
  artifactKey: Guid(e4c4ff40739c7904ca26c14ffbdc4176) Importer(2089858483,0ecaa5967403d082aa24f35e1b516d23)
Start importing Assets/NGUI/Scripts/Interaction/UIButtonMessage.cs using Guid(e4c4ff40739c7904ca26c14ffbdc4176) Importer(2089858483,0ecaa5967403d082aa24f35e1b516d23) [PhysX] Initialized MultithreadedTaskDispatcher with 32 workers.
 -> (artifact id: '9b5c4831e40b39c5155580404d513673') in 0.008834 seconds
Number of updated asset objects reloaded before import = 0
Number of asset objects unloaded after import = 1
========================================================================
Received Import Request.
  Time since last request: 0.000029 seconds.
  path: Assets/NGUI/Scripts/Editor/TweenHeightEditor.cs
  artifactKey: Guid(4c135e5506eb921409b47fa6543134ec) Importer(2089858483,0ecaa5967403d082aa24f35e1b516d23)
Start importing Assets/NGUI/Scripts/Editor/TweenHeightEditor.cs using Guid(4c135e5506eb921409b47fa6543134ec) Importer(2089858483,0ecaa5967403d082aa24f35e1b516d23) [PhysX] Initialized MultithreadedTaskDispatcher with 32 workers.
 -> (artifact id: '824777e2d0c2dc3d8033a42437a1712e') in 0.011168 seconds
Number of updated asset objects reloaded before import = 0
Number of asset objects unloaded after import = 1
========================================================================
Received Import Request.
  Time since last request: 0.000024 seconds.
  path: Assets/NGUI/Scripts/Interaction/UIEventTrigger.cs
  artifactKey: Guid(e862f287df53bb64db191162f851a296) Importer(2089858483,0ecaa5967403d082aa24f35e1b516d23)
Start importing Assets/NGUI/Scripts/Interaction/UIEventTrigger.cs using Guid(e862f287df53bb64db191162f851a296) Importer(2089858483,0ecaa5967403d082aa24f35e1b516d23) [PhysX] Initialized MultithreadedTaskDispatcher with 32 workers.
 -> (artifact id: '9c0ceb570a42b9d87d4b90374b3663fc') in 0.009286 seconds
Number of updated asset objects reloaded before import = 0
Number of asset objects unloaded after import = 1
========================================================================
Received Import Request.
  Time since last request: 0.000019 seconds.
  path: Assets/NGUI/Scripts/Interaction/UITable.cs
  artifactKey: Guid(66ca9c6e5cbd4544ab22016a27d817a4) Importer(2089858483,0ecaa5967403d082aa24f35e1b516d23)
Start importing Assets/NGUI/Scripts/Interaction/UITable.cs using Guid(66ca9c6e5cbd4544ab22016a27d817a4) Importer(2089858483,0ecaa5967403d082aa24f35e1b516d23) [PhysX] Initialized MultithreadedTaskDispatcher with 32 workers.
 -> (artifact id: '07c5d8ab13313798d40364afcbc27923') in 0.010617 seconds
Number of updated asset objects reloaded before import = 0
Number of asset objects unloaded after import = 1
========================================================================
Received Import Request.
  Time since last request: 0.000011 seconds.
  path: Assets/NGUI/Scripts/Interaction/UISlider.cs
  artifactKey: Guid(6c20815eb3063c24290a61b7020a1836) Importer(2089858483,0ecaa5967403d082aa24f35e1b516d23)
Start importing Assets/NGUI/Scripts/Interaction/UISlider.cs using Guid(6c20815eb3063c24290a61b7020a1836) Importer(2089858483,0ecaa5967403d082aa24f35e1b516d23) [PhysX] Initialized MultithreadedTaskDispatcher with 32 workers.
 -> (artifact id: 'ef6a18a486ddf2e22da546c2b592691d') in 0.009545 seconds
Number of updated asset objects reloaded before import = 0
Number of asset objects unloaded after import = 1
========================================================================
Received Import Request.
  Time since last request: 0.000010 seconds.
  path: Assets/NGUI/Scripts/Editor/UIToggleInspector.cs
  artifactKey: Guid(7cb80309e29808443ae0cd9dc7de36db) Importer(2089858483,0ecaa5967403d082aa24f35e1b516d23)
Start importing Assets/NGUI/Scripts/Editor/UIToggleInspector.cs using Guid(7cb80309e29808443ae0cd9dc7de36db) Importer(2089858483,0ecaa5967403d082aa24f35e1b516d23) [PhysX] Initialized MultithreadedTaskDispatcher with 32 workers.
 -> (artifact id: '9ad53dc3b26bf9d49c394492ca8dc402') in 0.008748 seconds
Number of updated asset objects reloaded before import = 0
Number of asset objects unloaded after import = 1
========================================================================
Received Import Request.
  Time since last request: 0.000010 seconds.
  path: Assets/NGUI/Scripts/Interaction/UIProgressBar.cs
  artifactKey: Guid(9b202fea542cfac43b87ef5b4ebda358) Importer(2089858483,0ecaa5967403d082aa24f35e1b516d23)
Start importing Assets/NGUI/Scripts/Interaction/UIProgressBar.cs using Guid(9b202fea542cfac43b87ef5b4ebda358) Importer(2089858483,0ecaa5967403d082aa24f35e1b516d23) [PhysX] Initialized MultithreadedTaskDispatcher with 32 workers.
 -> (artifact id: '75beff390ce8ab103e40d9b312b129c5') in 0.007947 seconds
Number of updated asset objects reloaded before import = 0
Number of asset objects unloaded after import = 1
========================================================================
Received Import Request.
  Time since last request: 0.000015 seconds.
  path: Assets/NGUI/Scripts/Editor/UIPanelInspector.cs
  artifactKey: Guid(0b826b69ae58db24e94e9e2441b5bde8) Importer(2089858483,0ecaa5967403d082aa24f35e1b516d23)
Start importing Assets/NGUI/Scripts/Editor/UIPanelInspector.cs using Guid(0b826b69ae58db24e94e9e2441b5bde8) Importer(2089858483,0ecaa5967403d082aa24f35e1b516d23) [PhysX] Initialized MultithreadedTaskDispatcher with 32 workers.
 -> (artifact id: '172b2d3fd516f5f5a599364f83fde0b7') in 0.007363 seconds
Number of updated asset objects reloaded before import = 0
Number of asset objects unloaded after import = 1
========================================================================
Received Import Request.
  Time since last request: 0.000022 seconds.
  path: Assets/NGUI/Scripts/Editor/UIDragObjectEditor.cs
  artifactKey: Guid(7b214795e1e6ed049b4f9679743d48fe) Importer(2089858483,0ecaa5967403d082aa24f35e1b516d23)
Start importing Assets/NGUI/Scripts/Editor/UIDragObjectEditor.cs using Guid(7b214795e1e6ed049b4f9679743d48fe) Importer(2089858483,0ecaa5967403d082aa24f35e1b516d23) [PhysX] Initialized MultithreadedTaskDispatcher with 32 workers.
 -> (artifact id: 'c9314bb06a493e19102e782110cb638f') in 0.007229 seconds
Number of updated asset objects reloaded before import = 0
Number of asset objects unloaded after import = 1
========================================================================
Received Import Request.
  Time since last request: 0.000012 seconds.
  path: Assets/NGUI/Scripts/Editor/NGUIHelp.cs
  artifactKey: Guid(4be77d5f0fc53034eb1f99be556de17f) Importer(2089858483,0ecaa5967403d082aa24f35e1b516d23)
Start importing Assets/NGUI/Scripts/Editor/NGUIHelp.cs using Guid(4be77d5f0fc53034eb1f99be556de17f) Importer(2089858483,0ecaa5967403d082aa24f35e1b516d23) [PhysX] Initialized MultithreadedTaskDispatcher with 32 workers.
 -> (artifact id: '50ada2ae479547c4c5c6a9dab5e5e95c') in 0.007474 seconds
Number of updated asset objects reloaded before import = 0
Number of asset objects unloaded after import = 1
========================================================================
Received Import Request.
  Time since last request: 0.000021 seconds.
  path: Assets/NGUI/Scripts/Internal/ActiveAnimation.cs
  artifactKey: Guid(65ee607e1177db1479c3cbf94cac327e) Importer(2089858483,0ecaa5967403d082aa24f35e1b516d23)
Start importing Assets/NGUI/Scripts/Internal/ActiveAnimation.cs using Guid(65ee607e1177db1479c3cbf94cac327e) Importer(2089858483,0ecaa5967403d082aa24f35e1b516d23) [PhysX] Initialized MultithreadedTaskDispatcher with 32 workers.
 -> (artifact id: 'a23c8994196fe8cb9c8376ecec2e496a') in 0.006795 seconds
Number of updated asset objects reloaded before import = 0
Number of asset objects unloaded after import = 1
========================================================================
Received Import Request.
  Time since last request: 0.000021 seconds.
  path: Assets/NGUI/Resources/Shaders/Unlit - Transparent Colored 3.shader
  artifactKey: Guid(7c0a1aa668787ad42a48d1a535825520) Importer(2089858483,0ecaa5967403d082aa24f35e1b516d23)
Start importing Assets/NGUI/Resources/Shaders/Unlit - Transparent Colored 3.shader using Guid(7c0a1aa668787ad42a48d1a535825520) Importer(2089858483,0ecaa5967403d082aa24f35e1b516d23) [PhysX] Initialized MultithreadedTaskDispatcher with 32 workers.
 -> (artifact id: 'df7bc7dba2581b3d825b402979068e82') in 0.007646 seconds
Number of updated asset objects reloaded before import = 0
Number of asset objects unloaded after import = 1
========================================================================
Received Import Request.
  Time since last request: 0.000007 seconds.
  path: Assets/NGUI/Scripts/Interaction/UIImageButton.cs
  artifactKey: Guid(4271d0dec29cc9845a75627e88f762af) Importer(2089858483,0ecaa5967403d082aa24f35e1b516d23)
Start importing Assets/NGUI/Scripts/Interaction/UIImageButton.cs using Guid(4271d0dec29cc9845a75627e88f762af) Importer(2089858483,0ecaa5967403d082aa24f35e1b516d23) [PhysX] Initialized MultithreadedTaskDispatcher with 32 workers.
 -> (artifact id: '99e89e8fe6020ea980c7f99cd74230d8') in 0.007512 seconds
Number of updated asset objects reloaded before import = 0
Number of asset objects unloaded after import = 1
========================================================================
Received Import Request.
  Time since last request: 0.000036 seconds.
  path: Assets/NGUI/Scripts/Editor/TweenVolumeEditor.cs
  artifactKey: Guid(023e6404a70e48148b315cf9737211af) Importer(2089858483,0ecaa5967403d082aa24f35e1b516d23)
Start importing Assets/NGUI/Scripts/Editor/TweenVolumeEditor.cs using Guid(023e6404a70e48148b315cf9737211af) Importer(2089858483,0ecaa5967403d082aa24f35e1b516d23) [PhysX] Initialized MultithreadedTaskDispatcher with 32 workers.
 -> (artifact id: '6dd2be73bdc920df63ace722fa923871') in 0.007335 seconds
Number of updated asset objects reloaded before import = 0
Number of asset objects unloaded after import = 1
========================================================================
Received Import Request.
  Time since last request: 0.000032 seconds.
  path: Assets/NGUI/Scripts/Editor/UITableEditor.cs
  artifactKey: Guid(2cf395759d6024f4e953788182f97a84) Importer(2089858483,0ecaa5967403d082aa24f35e1b516d23)
Start importing Assets/NGUI/Scripts/Editor/UITableEditor.cs using Guid(2cf395759d6024f4e953788182f97a84) Importer(2089858483,0ecaa5967403d082aa24f35e1b516d23) [PhysX] Initialized MultithreadedTaskDispatcher with 32 workers.
 -> (artifact id: 'd04862983f3eb15ccbcbb0502acf4a4d') in 0.007230 seconds
Number of updated asset objects reloaded before import = 0
Number of asset objects unloaded after import = 1
========================================================================
Received Import Request.
  Time since last request: 0.000022 seconds.
  path: Assets/NGUI/Scripts/Editor/UIAnchorEditor.cs
  artifactKey: Guid(0ea085d118cd5e4419b53cd2a6037c70) Importer(2089858483,0ecaa5967403d082aa24f35e1b516d23)
Start importing Assets/NGUI/Scripts/Editor/UIAnchorEditor.cs using Guid(0ea085d118cd5e4419b53cd2a6037c70) Importer(2089858483,0ecaa5967403d082aa24f35e1b516d23) [PhysX] Initialized MultithreadedTaskDispatcher with 32 workers.
 -> (artifact id: '0e43098ebf2282efe37ed493cc733e3d') in 0.007368 seconds
Number of updated asset objects reloaded before import = 0
Number of asset objects unloaded after import = 1
========================================================================
Received Import Request.
  Time since last request: 0.000015 seconds.
  path: Assets/NGUI/Scripts/Editor/UIKeyNavigationEditor.cs
  artifactKey: Guid(7bd6e95688f06384c9b0c964d1a95dc2) Importer(2089858483,0ecaa5967403d082aa24f35e1b516d23)
Start importing Assets/NGUI/Scripts/Editor/UIKeyNavigationEditor.cs using Guid(7bd6e95688f06384c9b0c964d1a95dc2) Importer(2089858483,0ecaa5967403d082aa24f35e1b516d23) [PhysX] Initialized MultithreadedTaskDispatcher with 32 workers.
 -> (artifact id: 'a3442dd1716fe7df37f9fe26d4c81f08') in 0.007326 seconds
Number of updated asset objects reloaded before import = 0
Number of asset objects unloaded after import = 1
========================================================================
Received Import Request.
  Time since last request: 0.000019 seconds.
  path: Assets/NGUI/Scripts/Interaction/UIPlaySound.cs
  artifactKey: Guid(7d44bc69c2ca5f943b845318866dc1bd) Importer(2089858483,0ecaa5967403d082aa24f35e1b516d23)
Start importing Assets/NGUI/Scripts/Interaction/UIPlaySound.cs using Guid(7d44bc69c2ca5f943b845318866dc1bd) Importer(2089858483,0ecaa5967403d082aa24f35e1b516d23) [PhysX] Initialized MultithreadedTaskDispatcher with 32 workers.
 -> (artifact id: 'c3e6b078be1fb591b7a96b9dc1d0c8e9') in 0.006624 seconds
Number of updated asset objects reloaded before import = 0
Number of asset objects unloaded after import = 1
========================================================================
Received Import Request.
  Time since last request: 0.009043 seconds.
  path: Assets/NGUI/Scripts/Internal/BMGlyph.cs
  artifactKey: Guid(43133e037305160469507743bfeb73fa) Importer(2089858483,0ecaa5967403d082aa24f35e1b516d23)
Start importing Assets/NGUI/Scripts/Internal/BMGlyph.cs using Guid(43133e037305160469507743bfeb73fa) Importer(2089858483,0ecaa5967403d082aa24f35e1b516d23) [PhysX] Initialized MultithreadedTaskDispatcher with 32 workers.
 -> (artifact id: '6819dc4de624d6eca154a30189578153') in 0.009422 seconds
Number of updated asset objects reloaded before import = 0
Number of asset objects unloaded after import = 1
========================================================================
Received Import Request.
  Time since last request: 0.000010 seconds.
  path: Assets/NGUI/Scripts/UI/UIStretch.cs
  artifactKey: Guid(94b5bd8d2e1bcbe4580036799fb6ca41) Importer(2089858483,0ecaa5967403d082aa24f35e1b516d23)
Start importing Assets/NGUI/Scripts/UI/UIStretch.cs using Guid(94b5bd8d2e1bcbe4580036799fb6ca41) Importer(2089858483,0ecaa5967403d082aa24f35e1b516d23) [PhysX] Initialized MultithreadedTaskDispatcher with 32 workers.
 -> (artifact id: 'da1d57b89c01f699477b2fb535d6e69f') in 0.008371 seconds
Number of updated asset objects reloaded before import = 0
Number of asset objects unloaded after import = 1
========================================================================
Received Import Request.
  Time since last request: 0.000021 seconds.
  path: Assets/NGUI/Scripts/UI/UI2DSprite.cs
  artifactKey: Guid(e96b31ce75e592f45a1cff563a4869db) Importer(2089858483,0ecaa5967403d082aa24f35e1b516d23)
Start importing Assets/NGUI/Scripts/UI/UI2DSprite.cs using Guid(e96b31ce75e592f45a1cff563a4869db) Importer(2089858483,0ecaa5967403d082aa24f35e1b516d23) [PhysX] Initialized MultithreadedTaskDispatcher with 32 workers.
 -> (artifact id: 'f422125c5d07bfe9f60e9158fd97c3c4') in 0.008257 seconds
Number of updated asset objects reloaded before import = 0
Number of asset objects unloaded after import = 1
========================================================================
Received Import Request.
  Time since last request: 0.000029 seconds.
  path: Assets/NGUI/Scripts/UI/UICamera.cs
  artifactKey: Guid(2a92b5d748695fd44aac9feef17ba415) Importer(2089858483,0ecaa5967403d082aa24f35e1b516d23)
Start importing Assets/NGUI/Scripts/UI/UICamera.cs using Guid(2a92b5d748695fd44aac9feef17ba415) Importer(2089858483,0ecaa5967403d082aa24f35e1b516d23) [PhysX] Initialized MultithreadedTaskDispatcher with 32 workers.
 -> (artifact id: '159ec9b56924490b469c3b1d0a627683') in 0.009914 seconds
Number of updated asset objects reloaded before import = 0
Number of asset objects unloaded after import = 1
========================================================================
Received Import Request.
  Time since last request: 0.000013 seconds.
  path: Assets/NGUI/Scripts/UI/UIAnchor.cs
  artifactKey: Guid(c8077b76001d36d489868d20d28bddb9) Importer(2089858483,0ecaa5967403d082aa24f35e1b516d23)
Start importing Assets/NGUI/Scripts/UI/UIAnchor.cs using Guid(c8077b76001d36d489868d20d28bddb9) Importer(2089858483,0ecaa5967403d082aa24f35e1b516d23) [PhysX] Initialized MultithreadedTaskDispatcher with 32 workers.
 -> (artifact id: '0faac49014a52b7d90c6eb50c5fc528b') in 0.009235 seconds
Number of updated asset objects reloaded before import = 0
Number of asset objects unloaded after import = 1
========================================================================
Received Import Request.
  Time since last request: 0.000039 seconds.
  path: Assets/Plugins/Android/google-play-services_lib/res/drawable-hdpi/cast_ic_notification_on.png
  artifactKey: Guid(4e569acf34546944dbf1625190f58f3f) Importer(2089858483,0ecaa5967403d082aa24f35e1b516d23)
Start importing Assets/Plugins/Android/google-play-services_lib/res/drawable-hdpi/cast_ic_notification_on.png using Guid(4e569acf34546944dbf1625190f58f3f) Importer(2089858483,0ecaa5967403d082aa24f35e1b516d23) [PhysX] Initialized MultithreadedTaskDispatcher with 32 workers.
 -> (artifact id: 'e2d38e336e4672a09abe477a783a0e7d') in 0.009620 seconds
Number of updated asset objects reloaded before import = 0
Number of asset objects unloaded after import = 1
========================================================================
Received Import Request.
  Time since last request: 0.000048 seconds.
  path: Assets/NGUI/Scripts/Tweening/SpringPosition.cs
  artifactKey: Guid(9b07b9d136934c04b965f9adb7054484) Importer(2089858483,0ecaa5967403d082aa24f35e1b516d23)
Start importing Assets/NGUI/Scripts/Tweening/SpringPosition.cs using Guid(9b07b9d136934c04b965f9adb7054484) Importer(2089858483,0ecaa5967403d082aa24f35e1b516d23) [PhysX] Initialized MultithreadedTaskDispatcher with 32 workers.
 -> (artifact id: '7570ec2728b5e3bc10926428b075afb4') in 0.012160 seconds
Number of updated asset objects reloaded before import = 0
Number of asset objects unloaded after import = 1
========================================================================
Received Import Request.
  Time since last request: 0.000050 seconds.
  path: Assets/Plugins/OpenIAB/Prefabs/OpenIABEventManager.prefab
  artifactKey: Guid(90e394b0ec6b04c40a2ae2ae5977cd91) Importer(2089858483,0ecaa5967403d082aa24f35e1b516d23)
Start importing Assets/Plugins/OpenIAB/Prefabs/OpenIABEventManager.prefab using Guid(90e394b0ec6b04c40a2ae2ae5977cd91) Importer(2089858483,0ecaa5967403d082aa24f35e1b516d23) [PhysX] Initialized MultithreadedTaskDispatcher with 32 workers.
 -> (artifact id: 'adc08495267ea769b6c360c3b229092c') in 0.019189 seconds
Number of updated asset objects reloaded before import = 0
Number of asset objects unloaded after import = 5
========================================================================
Received Import Request.
  Time since last request: 0.000015 seconds.
  path: Assets/Plugins/Android/google-play-services_lib/res/drawable-hdpi/ic_plusone_small_off_client.png
  artifactKey: Guid(dfd3c8cba25ec2046a257f14182b059e) Importer(2089858483,0ecaa5967403d082aa24f35e1b516d23)
Start importing Assets/Plugins/Android/google-play-services_lib/res/drawable-hdpi/ic_plusone_small_off_client.png using Guid(dfd3c8cba25ec2046a257f14182b059e) Importer(2089858483,0ecaa5967403d082aa24f35e1b516d23) [PhysX] Initialized MultithreadedTaskDispatcher with 32 workers.
 -> (artifact id: 'e679ebd855059ac78af73de2421108d0') in 0.010106 seconds
Number of updated asset objects reloaded before import = 0
Number of asset objects unloaded after import = 1
========================================================================
Received Import Request.
  Time since last request: 0.000046 seconds.
  path: Assets/Plugins/Android/google-play-services_lib/res/color/wallet_primary_text_holo_light.xml
  artifactKey: Guid(505aa5d68916e39499f1bbdd701bf7b1) Importer(2089858483,0ecaa5967403d082aa24f35e1b516d23)
Start importing Assets/Plugins/Android/google-play-services_lib/res/color/wallet_primary_text_holo_light.xml using Guid(505aa5d68916e39499f1bbdd701bf7b1) Importer(2089858483,0ecaa5967403d082aa24f35e1b516d23) [PhysX] Initialized MultithreadedTaskDispatcher with 32 workers.
 -> (artifact id: 'dd782cb971c0fa47fcd49d769f20d507') in 0.009513 seconds
Number of updated asset objects reloaded before import = 0
Number of asset objects unloaded after import = 1
========================================================================
Received Import Request.
  Time since last request: 0.000032 seconds.
  path: Assets/Images/Meta/iOS/App Icon [Squared]/Icon-Small-40.png
  artifactKey: Guid(e1cb55506677ac24295bc236b3bb01ac) Importer(2089858483,0ecaa5967403d082aa24f35e1b516d23)
Start importing Assets/Images/Meta/iOS/App Icon [Squared]/Icon-Small-40.png using Guid(e1cb55506677ac24295bc236b3bb01ac) Importer(2089858483,0ecaa5967403d082aa24f35e1b516d23) [PhysX] Initialized MultithreadedTaskDispatcher with 32 workers.
 -> (artifact id: '178ce0167ebed7e2119cd0eb8ba5a0ad') in 0.020733 seconds
Number of updated asset objects reloaded before import = 0
Number of asset objects unloaded after import = 1
========================================================================
Received Import Request.
  Time since last request: 0.000046 seconds.
  path: Assets/NGUI/Scripts/Internal/NGUIMath.cs
  artifactKey: Guid(24438193675d223439c8b044419aab8c) Importer(2089858483,0ecaa5967403d082aa24f35e1b516d23)
Start importing Assets/NGUI/Scripts/Internal/NGUIMath.cs using Guid(24438193675d223439c8b044419aab8c) Importer(2089858483,0ecaa5967403d082aa24f35e1b516d23) [PhysX] Initialized MultithreadedTaskDispatcher with 32 workers.
 -> (artifact id: '3b113436968651968f980f0f73c0221b') in 0.009441 seconds
Number of updated asset objects reloaded before import = 0
Number of asset objects unloaded after import = 1
========================================================================
Received Import Request.
  Time since last request: 0.000031 seconds.
  path: Assets/NGUI/Scripts/Internal/SpringPanel.cs
  artifactKey: Guid(be10cbaaf1096094ca8285024d49002e) Importer(2089858483,0ecaa5967403d082aa24f35e1b516d23)
Start importing Assets/NGUI/Scripts/Internal/SpringPanel.cs using Guid(be10cbaaf1096094ca8285024d49002e) Importer(2089858483,0ecaa5967403d082aa24f35e1b516d23) [PhysX] Initialized MultithreadedTaskDispatcher with 32 workers.
 -> (artifact id: '317604b653957c70ecf133d8393088e8') in 0.008681 seconds
Number of updated asset objects reloaded before import = 0
Number of asset objects unloaded after import = 1
========================================================================
Received Import Request.
  Time since last request: 0.000014 seconds.
  path: Assets/Plugins/Android/google-play-services_lib/res/drawable-hdpi/common_signin_btn_icon_disabled_light.9.png
  artifactKey: Guid(230045f336a85024aa2b6f6385a01e63) Importer(2089858483,0ecaa5967403d082aa24f35e1b516d23)
Start importing Assets/Plugins/Android/google-play-services_lib/res/drawable-hdpi/common_signin_btn_icon_disabled_light.9.png using Guid(230045f336a85024aa2b6f6385a01e63) Importer(2089858483,0ecaa5967403d082aa24f35e1b516d23) [PhysX] Initialized MultithreadedTaskDispatcher with 32 workers.
 -> (artifact id: '725a71963626ab6c387f79053665a1b7') in 0.010698 seconds
Number of updated asset objects reloaded before import = 0
Number of asset objects unloaded after import = 1
========================================================================
Received Import Request.
  Time since last request: 0.000031 seconds.
  path: Assets/Plugins/Android/google-play-services_lib/res/drawable-hdpi/common_signin_btn_text_pressed_light.9.png
  artifactKey: Guid(0e627dde1d1d0334a9ff60ddd3d80894) Importer(2089858483,0ecaa5967403d082aa24f35e1b516d23)
Start importing Assets/Plugins/Android/google-play-services_lib/res/drawable-hdpi/common_signin_btn_text_pressed_light.9.png using Guid(0e627dde1d1d0334a9ff60ddd3d80894) Importer(2089858483,0ecaa5967403d082aa24f35e1b516d23) [PhysX] Initialized MultithreadedTaskDispatcher with 32 workers.
 -> (artifact id: '60d03f420e854638578282eb3df13fc0') in 0.007365 seconds
Number of updated asset objects reloaded before import = 0
Number of asset objects unloaded after import = 1
========================================================================
Received Import Request.
  Time since last request: 0.000057 seconds.
  path: Assets/NGUI/Scripts/UI/UIAtlas.cs
  artifactKey: Guid(4d0c51bb0b6e93049af5e88f93826e3b) Importer(2089858483,0ecaa5967403d082aa24f35e1b516d23)
Start importing Assets/NGUI/Scripts/UI/UIAtlas.cs using Guid(4d0c51bb0b6e93049af5e88f93826e3b) Importer(2089858483,0ecaa5967403d082aa24f35e1b516d23) [PhysX] Initialized MultithreadedTaskDispatcher with 32 workers.
 -> (artifact id: '1bff4c17d597501a7f43202b440d1100') in 0.008319 seconds
Number of updated asset objects reloaded before import = 0
Number of asset objects unloaded after import = 1
========================================================================
Received Import Request.
  Time since last request: 0.000044 seconds.
  path: Assets/Images/Meta/iOS/App Icon [Squared]/Icon-Small-50.png
  artifactKey: Guid(b1b4d2a99c40f36438679dfa12aa9c9b) Importer(2089858483,0ecaa5967403d082aa24f35e1b516d23)
Start importing Assets/Images/Meta/iOS/App Icon [Squared]/Icon-Small-50.png using Guid(b1b4d2a99c40f36438679dfa12aa9c9b) Importer(2089858483,0ecaa5967403d082aa24f35e1b516d23) [PhysX] Initialized MultithreadedTaskDispatcher with 32 workers.
 -> (artifact id: '8efa76ed784f19643af2096977cef933') in 0.019049 seconds
Number of updated asset objects reloaded before import = 0
Number of asset objects unloaded after import = 1
========================================================================
Received Import Request.
  Time since last request: 0.000014 seconds.
  path: Assets/Images/Meta/iOS/App Icon [Squared]/Icon-72@2x.png
  artifactKey: Guid(fe6ed3febccf0df4ebaae32ec1aa5e22) Importer(2089858483,0ecaa5967403d082aa24f35e1b516d23)
Start importing Assets/Images/Meta/iOS/App Icon [Squared]/Icon-72@2x.png using Guid(fe6ed3febccf0df4ebaae32ec1aa5e22) Importer(2089858483,0ecaa5967403d082aa24f35e1b516d23) [PhysX] Initialized MultithreadedTaskDispatcher with 32 workers.
 -> (artifact id: '0fa56208c95ccb847b9fc1659593d5da') in 0.020436 seconds
Number of updated asset objects reloaded before import = 0
Number of asset objects unloaded after import = 1
========================================================================
Received Import Request.
  Time since last request: 0.000019 seconds.
  path: Assets/Images/Meta/iOS/App Icon [Squared]/iTunesArtwork@2x.png
  artifactKey: Guid(dfa0d8a22080c0541b3651b387b0120c) Importer(2089858483,0ecaa5967403d082aa24f35e1b516d23)
Start importing Assets/Images/Meta/iOS/App Icon [Squared]/iTunesArtwork@2x.png using Guid(dfa0d8a22080c0541b3651b387b0120c) Importer(2089858483,0ecaa5967403d082aa24f35e1b516d23) [PhysX] Initialized MultithreadedTaskDispatcher with 32 workers.
 -> (artifact id: '151234c9379b69e8829b5d68ade50824') in 0.034369 seconds
Number of updated asset objects reloaded before import = 0
Number of asset objects unloaded after import = 1
========================================================================
Received Import Request.
  Time since last request: 0.000049 seconds.
  path: Assets/Plugins/Android/google-play-services_lib/res/drawable-hdpi/common_signin_btn_text_disabled_focus_light.9.png
  artifactKey: Guid(e35fae54aad26934a96bef55dacd285f) Importer(2089858483,0ecaa5967403d082aa24f35e1b516d23)
Start importing Assets/Plugins/Android/google-play-services_lib/res/drawable-hdpi/common_signin_btn_text_disabled_focus_light.9.png using Guid(e35fae54aad26934a96bef55dacd285f) Importer(2089858483,0ecaa5967403d082aa24f35e1b516d23) [PhysX] Initialized MultithreadedTaskDispatcher with 32 workers.
 -> (artifact id: '469b23e2a781e2ca38ebab39865ca544') in 0.008074 seconds
Number of updated asset objects reloaded before import = 0
Number of asset objects unloaded after import = 1
========================================================================
Received Import Request.
  Time since last request: 0.000036 seconds.
  path: Assets/Images/Meta/iOS/Splash/iPhone 3.5.png
  artifactKey: Guid(c00c2fa1bf5036c429ecfddadcb048a5) Importer(2089858483,0ecaa5967403d082aa24f35e1b516d23)
Start importing Assets/Images/Meta/iOS/Splash/iPhone 3.5.png using Guid(c00c2fa1bf5036c429ecfddadcb048a5) Importer(2089858483,0ecaa5967403d082aa24f35e1b516d23) [PhysX] Initialized MultithreadedTaskDispatcher with 32 workers.
 -> (artifact id: '45fc920acda525c17f5d809d3b74731f') in 0.023279 seconds
Number of updated asset objects reloaded before import = 0
Number of asset objects unloaded after import = 1
========================================================================
Received Import Request.
  Time since last request: 0.017506 seconds.
  path: Assets/Images/Meta/iOS/App Icon [Squared]/Icon-76.png
  artifactKey: Guid(54031a1c536801b41b546c7a239398a7) Importer(2089858483,0ecaa5967403d082aa24f35e1b516d23)
Start importing Assets/Images/Meta/iOS/App Icon [Squared]/Icon-76.png using Guid(54031a1c536801b41b546c7a239398a7) Importer(2089858483,0ecaa5967403d082aa24f35e1b516d23) [PhysX] Initialized MultithreadedTaskDispatcher with 32 workers.
 -> (artifact id: 'fdc9a301b6c239227923e3018e36a6f8') in 0.023491 seconds
Number of updated asset objects reloaded before import = 0
Number of asset objects unloaded after import = 1
========================================================================
Received Import Request.
  Time since last request: 0.000017 seconds.
  path: Assets/Images/Meta/iOS/App Icon [Squared]/Icon-76@2x.png
  artifactKey: Guid(bb78982b422233d429c247f869b4888d) Importer(2089858483,0ecaa5967403d082aa24f35e1b516d23)
Start importing Assets/Images/Meta/iOS/App Icon [Squared]/Icon-76@2x.png using Guid(bb78982b422233d429c247f869b4888d) Importer(2089858483,0ecaa5967403d082aa24f35e1b516d23) [PhysX] Initialized MultithreadedTaskDispatcher with 32 workers.
 -> (artifact id: '1c2d6a0bbce03b4db615c67e93cfadae') in 0.021311 seconds
Number of updated asset objects reloaded before import = 0
Number of asset objects unloaded after import = 1
========================================================================
Received Import Request.
  Time since last request: 0.000028 seconds.
  path: Assets/Plugins/Android/google-play-services_lib/res/drawable-hdpi/common_signin_btn_text_normal_dark.9.png
  artifactKey: Guid(1071cfd2d7eeba840966abfcc54ad547) Importer(2089858483,0ecaa5967403d082aa24f35e1b516d23)
Start importing Assets/Plugins/Android/google-play-services_lib/res/drawable-hdpi/common_signin_btn_text_normal_dark.9.png using Guid(1071cfd2d7eeba840966abfcc54ad547) Importer(2089858483,0ecaa5967403d082aa24f35e1b516d23) [PhysX] Initialized MultithreadedTaskDispatcher with 32 workers.
 -> (artifact id: 'f7f3bfc1a6d8436dc322a95a3fb63b2c') in 0.009434 seconds
Number of updated asset objects reloaded before import = 0
Number of asset objects unloaded after import = 1
========================================================================
Received Import Request.
  Time since last request: 0.000036 seconds.
  path: Assets/Plugins/Android/google-play-services_lib/res/drawable-hdpi/cast_ic_notification_2.png
  artifactKey: Guid(199e71b0d8c9f9748a7e1a10243d02f1) Importer(2089858483,0ecaa5967403d082aa24f35e1b516d23)
Start importing Assets/Plugins/Android/google-play-services_lib/res/drawable-hdpi/cast_ic_notification_2.png using Guid(199e71b0d8c9f9748a7e1a10243d02f1) Importer(2089858483,0ecaa5967403d082aa24f35e1b516d23) [PhysX] Initialized MultithreadedTaskDispatcher with 32 workers.
 -> (artifact id: '2f5efa22746a61887d6047bc8145e23f') in 0.007431 seconds
Number of updated asset objects reloaded before import = 0
Number of asset objects unloaded after import = 1
========================================================================
Received Import Request.
  Time since last request: 0.000012 seconds.
  path: Assets/NGUI/Scripts/Internal/PropertyBinding.cs
  artifactKey: Guid(501d3db605fb18e43bfa0d782ccf1586) Importer(2089858483,0ecaa5967403d082aa24f35e1b516d23)
Start importing Assets/NGUI/Scripts/Internal/PropertyBinding.cs using Guid(501d3db605fb18e43bfa0d782ccf1586) Importer(2089858483,0ecaa5967403d082aa24f35e1b516d23) [PhysX] Initialized MultithreadedTaskDispatcher with 32 workers.
 -> (artifact id: '9979e0bf691b7885a0062397041ef11b') in 0.007691 seconds
Number of updated asset objects reloaded before import = 0
Number of asset objects unloaded after import = 1
========================================================================
Received Import Request.
  Time since last request: 0.000018 seconds.
  path: Assets/Plugins/Android/google-play-services_lib/res/drawable-hdpi/cast_ic_notification_1.png
  artifactKey: Guid(d03f90064cd10b546afaec2da50fdc67) Importer(2089858483,0ecaa5967403d082aa24f35e1b516d23)
Start importing Assets/Plugins/Android/google-play-services_lib/res/drawable-hdpi/cast_ic_notification_1.png using Guid(d03f90064cd10b546afaec2da50fdc67) Importer(2089858483,0ecaa5967403d082aa24f35e1b516d23) [PhysX] Initialized MultithreadedTaskDispatcher with 32 workers.
 -> (artifact id: 'e041cf34fa0b87995ae865d7f38ee42c') in 0.007643 seconds
Number of updated asset objects reloaded before import = 0
Number of asset objects unloaded after import = 1
========================================================================
Received Import Request.
  Time since last request: 0.000033 seconds.
  path: Assets/Plugins/Android/google-play-services_lib/res/drawable-hdpi/common_signin_btn_text_disabled_focus_dark.9.png
  artifactKey: Guid(31cd8c3fd1332774494af538f8c7a778) Importer(2089858483,0ecaa5967403d082aa24f35e1b516d23)
Start importing Assets/Plugins/Android/google-play-services_lib/res/drawable-hdpi/common_signin_btn_text_disabled_focus_dark.9.png using Guid(31cd8c3fd1332774494af538f8c7a778) Importer(2089858483,0ecaa5967403d082aa24f35e1b516d23) [PhysX] Initialized MultithreadedTaskDispatcher with 32 workers.
 -> (artifact id: 'b8c92dad3f1758b240d388c55a5ead4c') in 0.009265 seconds
Number of updated asset objects reloaded before import = 0
Number of asset objects unloaded after import = 1
========================================================================
Received Import Request.
  Time since last request: 0.000021 seconds.
  path: Assets/NGUI/Scripts/Tweening/TweenFill.cs
  artifactKey: Guid(6ba7f59a1f412544f85ac3e66f0b5227) Importer(2089858483,0ecaa5967403d082aa24f35e1b516d23)
Start importing Assets/NGUI/Scripts/Tweening/TweenFill.cs using Guid(6ba7f59a1f412544f85ac3e66f0b5227) Importer(2089858483,0ecaa5967403d082aa24f35e1b516d23) [PhysX] Initialized MultithreadedTaskDispatcher with 32 workers.
 -> (artifact id: '6f826473d141d89a71f59bcf4359a47a') in 0.008049 seconds
Number of updated asset objects reloaded before import = 0
Number of asset objects unloaded after import = 1
========================================================================
Received Import Request.
  Time since last request: 0.000015 seconds.
  path: Assets/NGUI/Scripts/Internal/UIWidget.cs
  artifactKey: Guid(858a20c1b21a3f94bb5b2d3b901c9aaf) Importer(2089858483,0ecaa5967403d082aa24f35e1b516d23)
Start importing Assets/NGUI/Scripts/Internal/UIWidget.cs using Guid(858a20c1b21a3f94bb5b2d3b901c9aaf) Importer(2089858483,0ecaa5967403d082aa24f35e1b516d23) [PhysX] Initialized MultithreadedTaskDispatcher with 32 workers.
 -> (artifact id: 'c2c6f7dee43e2c20f8a99fa6077ba868') in 0.008341 seconds
Number of updated asset objects reloaded before import = 0
Number of asset objects unloaded after import = 1
========================================================================
Received Import Request.
  Time since last request: 0.000053 seconds.
  path: Assets/Images/Meta/iOS/App Icon [Squared]/Icon-Small@3x.png
  artifactKey: Guid(f58087239366974438f55cf545b4a58a) Importer(2089858483,0ecaa5967403d082aa24f35e1b516d23)
Start importing Assets/Images/Meta/iOS/App Icon [Squared]/Icon-Small@3x.png using Guid(f58087239366974438f55cf545b4a58a) Importer(2089858483,0ecaa5967403d082aa24f35e1b516d23) [PhysX] Initialized MultithreadedTaskDispatcher with 32 workers.
 -> (artifact id: '24ee1df79568627807c46536858ffad9') in 0.020948 seconds
Number of updated asset objects reloaded before import = 0
Number of asset objects unloaded after import = 1
========================================================================
Received Import Request.
  Time since last request: 0.000027 seconds.
  path: Assets/Images/Meta/iOS/App Icon [Squared]/Icon@2x.png
  artifactKey: Guid(70eca63b46282a343bbdada76ee45a15) Importer(2089858483,0ecaa5967403d082aa24f35e1b516d23)
Start importing Assets/Images/Meta/iOS/App Icon [Squared]/Icon@2x.png using Guid(70eca63b46282a343bbdada76ee45a15) Importer(2089858483,0ecaa5967403d082aa24f35e1b516d23) [PhysX] Initialized MultithreadedTaskDispatcher with 32 workers.
 -> (artifact id: '327e274268f498f06ab3891012427845') in 0.018703 seconds
Number of updated asset objects reloaded before import = 0
Number of asset objects unloaded after import = 1
========================================================================
Received Import Request.
  Time since last request: 0.000019 seconds.
  path: Assets/Images/Meta/iOS/Splash/iPhone 4.7.png
  artifactKey: Guid(08e065069e0855e4dad58b77ee521ec2) Importer(2089858483,0ecaa5967403d082aa24f35e1b516d23)
Start importing Assets/Images/Meta/iOS/Splash/iPhone 4.7.png using Guid(08e065069e0855e4dad58b77ee521ec2) Importer(2089858483,0ecaa5967403d082aa24f35e1b516d23) [PhysX] Initialized MultithreadedTaskDispatcher with 32 workers.
 -> (artifact id: 'ee538fba93f4f2677db06a16934a4736') in 0.027592 seconds
Number of updated asset objects reloaded before import = 0
Number of asset objects unloaded after import = 1
========================================================================
Received Import Request.
  Time since last request: 0.000013 seconds.
  path: Assets/NGUI/Scripts/Internal/ByteReader.cs
  artifactKey: Guid(69381003764fe1547ae1574f92908a15) Importer(2089858483,0ecaa5967403d082aa24f35e1b516d23)
Start importing Assets/NGUI/Scripts/Internal/ByteReader.cs using Guid(69381003764fe1547ae1574f92908a15) Importer(2089858483,0ecaa5967403d082aa24f35e1b516d23) [PhysX] Initialized MultithreadedTaskDispatcher with 32 workers.
 -> (artifact id: '0b52cdc1207ecbe5af1795dd32332f4c') in 0.009741 seconds
Number of updated asset objects reloaded before import = 0
Number of asset objects unloaded after import = 1
========================================================================
Received Import Request.
  Time since last request: 0.000023 seconds.
  path: Assets/NGUI/Scripts/Tweening/TweenColor.cs
  artifactKey: Guid(cfa4a4a103e4fed43a7e9e9df4a6915c) Importer(2089858483,0ecaa5967403d082aa24f35e1b516d23)
Start importing Assets/NGUI/Scripts/Tweening/TweenColor.cs using Guid(cfa4a4a103e4fed43a7e9e9df4a6915c) Importer(2089858483,0ecaa5967403d082aa24f35e1b516d23) [PhysX] Initialized MultithreadedTaskDispatcher with 32 workers.
 -> (artifact id: 'f3e90711a29e7416463a77c803b4584a') in 0.009294 seconds
Number of updated asset objects reloaded before import = 0
Number of asset objects unloaded after import = 1
========================================================================
Received Import Request.
  Time since last request: 0.000023 seconds.
  path: Assets/Images/Meta/iOS/App Icon [Squared]/Icon-Small-40@2x.png
  artifactKey: Guid(2a7ec95cec3e07a44938ba2176686570) Importer(2089858483,0ecaa5967403d082aa24f35e1b516d23)
Start importing Assets/Images/Meta/iOS/App Icon [Squared]/Icon-Small-40@2x.png using Guid(2a7ec95cec3e07a44938ba2176686570) Importer(2089858483,0ecaa5967403d082aa24f35e1b516d23) [PhysX] Initialized MultithreadedTaskDispatcher with 32 workers.
 -> (artifact id: '9286f5fcc283bd6ab0407c41794795a7') in 0.021493 seconds
Number of updated asset objects reloaded before import = 0
Number of asset objects unloaded after import = 1
========================================================================
Received Import Request.
  Time since last request: 0.000017 seconds.
  path: Assets/Images/Meta/iOS/Splash/iPhone 4.png
  artifactKey: Guid(299f111e01eb1ff4e83bfbcc4402d2c3) Importer(2089858483,0ecaa5967403d082aa24f35e1b516d23)
Start importing Assets/Images/Meta/iOS/Splash/iPhone 4.png using Guid(299f111e01eb1ff4e83bfbcc4402d2c3) Importer(2089858483,0ecaa5967403d082aa24f35e1b516d23) [PhysX] Initialized MultithreadedTaskDispatcher with 32 workers.
 -> (artifact id: '93cf9c6b342f291af80236a217431b5a') in 0.026551 seconds
Number of updated asset objects reloaded before import = 0
Number of asset objects unloaded after import = 1
========================================================================
Received Import Request.
  Time since last request: 0.000041 seconds.
  path: Assets/Plugins/Android/google-play-services_lib/res/drawable-xxhdpi/common_signin_btn_text_focus_dark.9.png
  artifactKey: Guid(d78c51865ba070c4eb9e5f608771b965) Importer(2089858483,0ecaa5967403d082aa24f35e1b516d23)
Start importing Assets/Plugins/Android/google-play-services_lib/res/drawable-xxhdpi/common_signin_btn_text_focus_dark.9.png using Guid(d78c51865ba070c4eb9e5f608771b965) Importer(2089858483,0ecaa5967403d082aa24f35e1b516d23) [PhysX] Initialized MultithreadedTaskDispatcher with 32 workers.
 -> (artifact id: '8ccc80d2819e7decb2868e5a9f766734') in 0.010011 seconds
Number of updated asset objects reloaded before import = 0
Number of asset objects unloaded after import = 1
========================================================================
Received Import Request.
  Time since last request: 0.000029 seconds.
  path: Assets/Plugins/Android/google-play-services_lib/res/drawable-mdpi/common_signin_btn_icon_normal_light.9.png
  artifactKey: Guid(5d64bb2a97b749a4da3b86346f9d99e0) Importer(2089858483,0ecaa5967403d082aa24f35e1b516d23)
Start importing Assets/Plugins/Android/google-play-services_lib/res/drawable-mdpi/common_signin_btn_icon_normal_light.9.png using Guid(5d64bb2a97b749a4da3b86346f9d99e0) Importer(2089858483,0ecaa5967403d082aa24f35e1b516d23) [PhysX] Initialized MultithreadedTaskDispatcher with 32 workers.
 -> (artifact id: 'ed96fffeee11507e99d92193a3d307b0') in 0.009569 seconds
Number of updated asset objects reloaded before import = 0
Number of asset objects unloaded after import = 1
========================================================================
Received Import Request.
  Time since last request: 0.000037 seconds.
  path: Assets/Plugins/Android/google-play-services_lib/res/drawable-mdpi/ic_plusone_standard_off_client.png
  artifactKey: Guid(4bf6b0d62e24f5445bd2eb451f83b50d) Importer(2089858483,0ecaa5967403d082aa24f35e1b516d23)
Start importing Assets/Plugins/Android/google-play-services_lib/res/drawable-mdpi/ic_plusone_standard_off_client.png using Guid(4bf6b0d62e24f5445bd2eb451f83b50d) Importer(2089858483,0ecaa5967403d082aa24f35e1b516d23) [PhysX] Initialized MultithreadedTaskDispatcher with 32 workers.
 -> (artifact id: '5c723d4204112b5adf8234cbaa0cb576') in 0.010545 seconds
Number of updated asset objects reloaded before import = 0
Number of asset objects unloaded after import = 1
========================================================================
Received Import Request.
  Time since last request: 0.000040 seconds.
  path: Assets/Plugins/Android/google-play-services_lib/res/drawable-mdpi/cast_ic_notification_on.png
  artifactKey: Guid(4a48511694178db45b2c9d535870d133) Importer(2089858483,0ecaa5967403d082aa24f35e1b516d23)
Start importing Assets/Plugins/Android/google-play-services_lib/res/drawable-mdpi/cast_ic_notification_on.png using Guid(4a48511694178db45b2c9d535870d133) Importer(2089858483,0ecaa5967403d082aa24f35e1b516d23) [PhysX] Initialized MultithreadedTaskDispatcher with 32 workers.
 -> (artifact id: '79f0a194131ea5570ec4b5898ce73036') in 0.010238 seconds
Number of updated asset objects reloaded before import = 0
Number of asset objects unloaded after import = 1
========================================================================
Received Import Request.
  Time since last request: 0.000027 seconds.
  path: Assets/Plugins/Android/google-play-services_lib/res/drawable-mdpi/common_signin_btn_text_pressed_light.9.png
  artifactKey: Guid(9a51e6ab889846146af77d4da2244732) Importer(2089858483,0ecaa5967403d082aa24f35e1b516d23)
Start importing Assets/Plugins/Android/google-play-services_lib/res/drawable-mdpi/common_signin_btn_text_pressed_light.9.png using Guid(9a51e6ab889846146af77d4da2244732) Importer(2089858483,0ecaa5967403d082aa24f35e1b516d23) [PhysX] Initialized MultithreadedTaskDispatcher with 32 workers.
 -> (artifact id: '79edfc9e84c26632e493ced700cd11d2') in 0.009208 seconds
Number of updated asset objects reloaded before import = 0
Number of asset objects unloaded after import = 1
========================================================================
Received Import Request.
  Time since last request: 0.000027 seconds.
  path: Assets/Plugins/Android/google-play-services_lib/res/drawable-xxhdpi/common_signin_btn_icon_focus_dark.9.png
  artifactKey: Guid(2fc25e34933087c4c8bc174e0db18ea9) Importer(2089858483,0ecaa5967403d082aa24f35e1b516d23)
Start importing Assets/Plugins/Android/google-play-services_lib/res/drawable-xxhdpi/common_signin_btn_icon_focus_dark.9.png using Guid(2fc25e34933087c4c8bc174e0db18ea9) Importer(2089858483,0ecaa5967403d082aa24f35e1b516d23) [PhysX] Initialized MultithreadedTaskDispatcher with 32 workers.
 -> (artifact id: 'f4384cfb50ec655f57eea503015a5fc7') in 0.013643 seconds
Number of updated asset objects reloaded before import = 0
Number of asset objects unloaded after import = 1
========================================================================
Received Import Request.
  Time since last request: 0.000013 seconds.
  path: Assets/Plugins/Android/google-play-services_lib/res/drawable-mdpi/ic_plusone_medium_off_client.png
  artifactKey: Guid(3cd54e5f81ffb974eb5e3b9ad3a84e49) Importer(2089858483,0ecaa5967403d082aa24f35e1b516d23)
Start importing Assets/Plugins/Android/google-play-services_lib/res/drawable-mdpi/ic_plusone_medium_off_client.png using Guid(3cd54e5f81ffb974eb5e3b9ad3a84e49) Importer(2089858483,0ecaa5967403d082aa24f35e1b516d23) [PhysX] Initialized MultithreadedTaskDispatcher with 32 workers.
 -> (artifact id: '12d2303ff08a8f994f1b9aaefd4a6541') in 0.009620 seconds
Number of updated asset objects reloaded before import = 0
Number of asset objects unloaded after import = 1
========================================================================
Received Import Request.
  Time since last request: 0.000022 seconds.
  path: Assets/Plugins/Android/google-play-services_lib/res/drawable-xxhdpi/common_full_open_on_phone.png
  artifactKey: Guid(fe9e52200ed9a2f44a84c0d7adb77890) Importer(2089858483,0ecaa5967403d082aa24f35e1b516d23)
Start importing Assets/Plugins/Android/google-play-services_lib/res/drawable-xxhdpi/common_full_open_on_phone.png using Guid(fe9e52200ed9a2f44a84c0d7adb77890) Importer(2089858483,0ecaa5967403d082aa24f35e1b516d23) [PhysX] Initialized MultithreadedTaskDispatcher with 32 workers.
 -> (artifact id: '5f89d95c06b7cbca4542946e65caf90b') in 0.008071 seconds
Number of updated asset objects reloaded before import = 0
Number of asset objects unloaded after import = 1
========================================================================
Received Import Request.
  Time since last request: 0.000015 seconds.
  path: Assets/Plugins/Android/google-play-services_lib/res/drawable-mdpi/common_signin_btn_text_focus_dark.9.png
  artifactKey: Guid(cdbc351efcbd4e74eb1763564afa10c2) Importer(2089858483,0ecaa5967403d082aa24f35e1b516d23)
Start importing Assets/Plugins/Android/google-play-services_lib/res/drawable-mdpi/common_signin_btn_text_focus_dark.9.png using Guid(cdbc351efcbd4e74eb1763564afa10c2) Importer(2089858483,0ecaa5967403d082aa24f35e1b516d23) [PhysX] Initialized MultithreadedTaskDispatcher with 32 workers.
 -> (artifact id: '7247ed09a44bb71ac6c0b6b43fae6788') in 0.008493 seconds
Number of updated asset objects reloaded before import = 0
Number of asset objects unloaded after import = 1
========================================================================
Received Import Request.
  Time since last request: 0.000013 seconds.
  path: Assets/Plugins/Android/google-play-services_lib/res/values-bg/wallet_strings.xml
  artifactKey: Guid(e3c45a487275a2a4c81b7b61ed86136a) Importer(2089858483,0ecaa5967403d082aa24f35e1b516d23)
Start importing Assets/Plugins/Android/google-play-services_lib/res/values-bg/wallet_strings.xml using Guid(e3c45a487275a2a4c81b7b61ed86136a) Importer(2089858483,0ecaa5967403d082aa24f35e1b516d23) [PhysX] Initialized MultithreadedTaskDispatcher with 32 workers.
 -> (artifact id: '67e7edbc103a2b46f526a5c2ec9f0d79') in 0.008958 seconds
Number of updated asset objects reloaded before import = 0
Number of asset objects unloaded after import = 1
========================================================================
Received Import Request.
  Time since last request: 0.000023 seconds.
  path: Assets/Plugins/Android/google-play-services_lib/res/drawable-hdpi/powered_by_google_dark.png
  artifactKey: Guid(7b39c2997ce71e446806524e43a735b6) Importer(2089858483,0ecaa5967403d082aa24f35e1b516d23)
Start importing Assets/Plugins/Android/google-play-services_lib/res/drawable-hdpi/powered_by_google_dark.png using Guid(7b39c2997ce71e446806524e43a735b6) Importer(2089858483,0ecaa5967403d082aa24f35e1b516d23) [PhysX] Initialized MultithreadedTaskDispatcher with 32 workers.
 -> (artifact id: 'baff6bc533b90029051fc57fe180d968') in 0.007320 seconds
Number of updated asset objects reloaded before import = 0
Number of asset objects unloaded after import = 1
========================================================================
Received Import Request.
  Time since last request: 0.000021 seconds.
  path: Assets/Plugins/Android/google-play-services_lib/res/drawable-xhdpi/common_signin_btn_icon_focus_dark.9.png
  artifactKey: Guid(2e37c59287c7bf945a2abc730af299c6) Importer(2089858483,0ecaa5967403d082aa24f35e1b516d23)
Start importing Assets/Plugins/Android/google-play-services_lib/res/drawable-xhdpi/common_signin_btn_icon_focus_dark.9.png using Guid(2e37c59287c7bf945a2abc730af299c6) Importer(2089858483,0ecaa5967403d082aa24f35e1b516d23) [PhysX] Initialized MultithreadedTaskDispatcher with 32 workers.
 -> (artifact id: 'bfba1d200c94f7bfc2f5aa471ab70655') in 0.007442 seconds
Number of updated asset objects reloaded before import = 0
Number of asset objects unloaded after import = 1
========================================================================
Received Import Request.
  Time since last request: 0.000039 seconds.
  path: Assets/Plugins/Android/google-play-services_lib/res/drawable-xxhdpi/powered_by_google_light.png
  artifactKey: Guid(80484e550192d114e80e2084ca847d85) Importer(2089858483,0ecaa5967403d082aa24f35e1b516d23)
Start importing Assets/Plugins/Android/google-play-services_lib/res/drawable-xxhdpi/powered_by_google_light.png using Guid(80484e550192d114e80e2084ca847d85) Importer(2089858483,0ecaa5967403d082aa24f35e1b516d23) [PhysX] Initialized MultithreadedTaskDispatcher with 32 workers.
 -> (artifact id: '0deeb8df19b3759355356df5ec37392d') in 0.007306 seconds
Number of updated asset objects reloaded before import = 0
Number of asset objects unloaded after import = 1
========================================================================
Received Import Request.
  Time since last request: 0.000056 seconds.
  path: Assets/Plugins/Android/google-play-services_lib/res/drawable-xxhdpi/common_signin_btn_text_pressed_light.9.png
  artifactKey: Guid(aeda4a746682b3841aa3b929efd4d128) Importer(2089858483,0ecaa5967403d082aa24f35e1b516d23)
Start importing Assets/Plugins/Android/google-play-services_lib/res/drawable-xxhdpi/common_signin_btn_text_pressed_light.9.png using Guid(aeda4a746682b3841aa3b929efd4d128) Importer(2089858483,0ecaa5967403d082aa24f35e1b516d23) [PhysX] Initialized MultithreadedTaskDispatcher with 32 workers.
 -> (artifact id: '6f10774a851555eda5e268c88f708ceb') in 0.008381 seconds
Number of updated asset objects reloaded before import = 0
Number of asset objects unloaded after import = 1
========================================================================
Received Import Request.
  Time since last request: 0.000028 seconds.
  path: Assets/Plugins/Android/google-play-services_lib/res/values/common_attrs.xml
  artifactKey: Guid(a00f45fdbc433284b92eb4e7ac1bdf6b) Importer(2089858483,0ecaa5967403d082aa24f35e1b516d23)
Start importing Assets/Plugins/Android/google-play-services_lib/res/values/common_attrs.xml using Guid(a00f45fdbc433284b92eb4e7ac1bdf6b) Importer(2089858483,0ecaa5967403d082aa24f35e1b516d23) [PhysX] Initialized MultithreadedTaskDispatcher with 32 workers.
 -> (artifact id: 'bf89687d4b7a0253fc1fe02fdee65b10') in 0.007526 seconds
Number of updated asset objects reloaded before import = 0
Number of asset objects unloaded after import = 1
========================================================================
Received Import Request.
  Time since last request: 0.000037 seconds.
  path: Assets/Plugins/Android/google-play-services_lib/res/drawable-hdpi/ic_plusone_standard_off_client.png
  artifactKey: Guid(41035684586c3234183132510b90d618) Importer(2089858483,0ecaa5967403d082aa24f35e1b516d23)
Start importing Assets/Plugins/Android/google-play-services_lib/res/drawable-hdpi/ic_plusone_standard_off_client.png using Guid(41035684586c3234183132510b90d618) Importer(2089858483,0ecaa5967403d082aa24f35e1b516d23) [PhysX] Initialized MultithreadedTaskDispatcher with 32 workers.
 -> (artifact id: '6bda2f7349d5ef9dd816d3fb80d65cd3') in 0.006862 seconds
Number of updated asset objects reloaded before import = 0
Number of asset objects unloaded after import = 1
========================================================================
Received Import Request.
  Time since last request: 0.000027 seconds.
  path: Assets/Plugins/Android/google-play-services_lib/res/drawable-xhdpi/common_signin_btn_text_normal_light.9.png
  artifactKey: Guid(addd200b06ad8354aaee24c318731423) Importer(2089858483,0ecaa5967403d082aa24f35e1b516d23)
Start importing Assets/Plugins/Android/google-play-services_lib/res/drawable-xhdpi/common_signin_btn_text_normal_light.9.png using Guid(addd200b06ad8354aaee24c318731423) Importer(2089858483,0ecaa5967403d082aa24f35e1b516d23) [PhysX] Initialized MultithreadedTaskDispatcher with 32 workers.
 -> (artifact id: 'fa4a50ec23b4b3d10d713f2ab9140685') in 0.006925 seconds
Number of updated asset objects reloaded before import = 0
Number of asset objects unloaded after import = 1
========================================================================
Received Import Request.
  Time since last request: 0.000055 seconds.
  path: Assets/Plugins/Android/google-play-services_lib/res/values-bg/common_strings.xml
  artifactKey: Guid(bc81bd168f0d9a9429c074d0928e9e0b) Importer(2089858483,0ecaa5967403d082aa24f35e1b516d23)
Start importing Assets/Plugins/Android/google-play-services_lib/res/values-bg/common_strings.xml using Guid(bc81bd168f0d9a9429c074d0928e9e0b) Importer(2089858483,0ecaa5967403d082aa24f35e1b516d23) [PhysX] Initialized MultithreadedTaskDispatcher with 32 workers.
 -> (artifact id: '14450cb25e0ec229fcd8270718f13082') in 0.008373 seconds
Number of updated asset objects reloaded before import = 0
Number of asset objects unloaded after import = 1
========================================================================
Received Import Request.
  Time since last request: 0.000045 seconds.
  path: Assets/Plugins/Android/google-play-services_lib/res/drawable-tvdpi/common_full_open_on_phone.png
  artifactKey: Guid(21932aa1388d28b48aa5c674656b7222) Importer(2089858483,0ecaa5967403d082aa24f35e1b516d23)
Start importing Assets/Plugins/Android/google-play-services_lib/res/drawable-tvdpi/common_full_open_on_phone.png using Guid(21932aa1388d28b48aa5c674656b7222) Importer(2089858483,0ecaa5967403d082aa24f35e1b516d23) [PhysX] Initialized MultithreadedTaskDispatcher with 32 workers.
 -> (artifact id: 'd072db0e605efba4b71569e09f1e6af2') in 0.007620 seconds
Number of updated asset objects reloaded before import = 0
Number of asset objects unloaded after import = 1
========================================================================
Received Import Request.
  Time since last request: 0.000027 seconds.
  path: Assets/Plugins/Android/google-play-services_lib/res/values-ca/common_strings.xml
  artifactKey: Guid(a64608fc0b570cb4e87fc9c70f124b39) Importer(2089858483,0ecaa5967403d082aa24f35e1b516d23)
Start importing Assets/Plugins/Android/google-play-services_lib/res/values-ca/common_strings.xml using Guid(a64608fc0b570cb4e87fc9c70f124b39) Importer(2089858483,0ecaa5967403d082aa24f35e1b516d23) [PhysX] Initialized MultithreadedTaskDispatcher with 32 workers.
 -> (artifact id: '96060f0cedc45f8efe991550514c3544') in 0.006794 seconds
Number of updated asset objects reloaded before import = 0
Number of asset objects unloaded after import = 1
========================================================================
Received Import Request.
  Time since last request: 0.000031 seconds.
  path: Assets/Plugins/Android/google-play-services_lib/res/drawable-xhdpi/common_signin_btn_icon_disabled_focus_dark.9.png
  artifactKey: Guid(faafaea83c2e44c4d817953f8ce84bd0) Importer(2089858483,0ecaa5967403d082aa24f35e1b516d23)
Start importing Assets/Plugins/Android/google-play-services_lib/res/drawable-xhdpi/common_signin_btn_icon_disabled_focus_dark.9.png using Guid(faafaea83c2e44c4d817953f8ce84bd0) Importer(2089858483,0ecaa5967403d082aa24f35e1b516d23) [PhysX] Initialized MultithreadedTaskDispatcher with 32 workers.
 -> (artifact id: '76d28624afaa355856ea7bffa35ae609') in 0.008143 seconds
Number of updated asset objects reloaded before import = 0
Number of asset objects unloaded after import = 1
========================================================================
Received Import Request.
  Time since last request: 0.000014 seconds.
  path: Assets/Plugins/Android/google-play-services_lib/res/values-en-rAU/common_strings.xml
  artifactKey: Guid(bc4748418a4c00249b3da99faa5e6af5) Importer(2089858483,0ecaa5967403d082aa24f35e1b516d23)
Start importing Assets/Plugins/Android/google-play-services_lib/res/values-en-rAU/common_strings.xml using Guid(bc4748418a4c00249b3da99faa5e6af5) Importer(2089858483,0ecaa5967403d082aa24f35e1b516d23) [PhysX] Initialized MultithreadedTaskDispatcher with 32 workers.
 -> (artifact id: '21009dffd3b513008bfa00ebaa81d466') in 0.008681 seconds
Number of updated asset objects reloaded before import = 0
Number of asset objects unloaded after import = 1
========================================================================
Received Import Request.
  Time since last request: 0.000012 seconds.
  path: Assets/Images/Meta/iOS/Splash/iPad Landscape.png
  artifactKey: Guid(8ab66ff0ea94d5f41830b3c33de2d4c3) Importer(2089858483,0ecaa5967403d082aa24f35e1b516d23)
Start importing Assets/Images/Meta/iOS/Splash/iPad Landscape.png using Guid(8ab66ff0ea94d5f41830b3c33de2d4c3) Importer(2089858483,0ecaa5967403d082aa24f35e1b516d23) [PhysX] Initialized MultithreadedTaskDispatcher with 32 workers.
 -> (artifact id: '25e21da26c497b7810366cb87a02cd2d') in 0.021385 seconds
Number of updated asset objects reloaded before import = 0
Number of asset objects unloaded after import = 1
========================================================================
Received Import Request.
  Time since last request: 0.000037 seconds.
  path: Assets/Plugins/OpenIAB/iOS/OpenIAB_iOS.cs
  artifactKey: Guid(e0fdad166734e3840a72593c39a67638) Importer(2089858483,0ecaa5967403d082aa24f35e1b516d23)
Start importing Assets/Plugins/OpenIAB/iOS/OpenIAB_iOS.cs using Guid(e0fdad166734e3840a72593c39a67638) Importer(2089858483,0ecaa5967403d082aa24f35e1b516d23) [PhysX] Initialized MultithreadedTaskDispatcher with 32 workers.
 -> (artifact id: '97e7c3e7287c9dc0424a75eeef8a0323') in 0.009040 seconds
Number of updated asset objects reloaded before import = 0
Number of asset objects unloaded after import = 1
========================================================================
Received Import Request.
  Time since last request: 0.000015 seconds.
  path: Assets/Plugins/Android/google-play-services_lib/res/drawable-mdpi/ic_plusone_tall_off_client.png
  artifactKey: Guid(6d74a00900d2d7249a924cb0cb86337a) Importer(2089858483,0ecaa5967403d082aa24f35e1b516d23)
Start importing Assets/Plugins/Android/google-play-services_lib/res/drawable-mdpi/ic_plusone_tall_off_client.png using Guid(6d74a00900d2d7249a924cb0cb86337a) Importer(2089858483,0ecaa5967403d082aa24f35e1b516d23) [PhysX] Initialized MultithreadedTaskDispatcher with 32 workers.
 -> (artifact id: '666b916bc78221e3d1133378cfc54d30') in 0.007112 seconds
Number of updated asset objects reloaded before import = 0
Number of asset objects unloaded after import = 1
========================================================================
Received Import Request.
  Time since last request: 0.000029 seconds.
  path: Assets/Plugins/Android/google-play-services_lib/res/drawable-xhdpi/common_signin_btn_text_focus_dark.9.png
  artifactKey: Guid(21fe6d660c260d74e98b4c7830fec236) Importer(2089858483,0ecaa5967403d082aa24f35e1b516d23)
Start importing Assets/Plugins/Android/google-play-services_lib/res/drawable-xhdpi/common_signin_btn_text_focus_dark.9.png using Guid(21fe6d660c260d74e98b4c7830fec236) Importer(2089858483,0ecaa5967403d082aa24f35e1b516d23) [PhysX] Initialized MultithreadedTaskDispatcher with 32 workers.
 -> (artifact id: '39c34288de2cfd603afdba2af7b645dc') in 0.007050 seconds
Number of updated asset objects reloaded before import = 0
Number of asset objects unloaded after import = 1
========================================================================
Received Import Request.
  Time since last request: 0.000013 seconds.
  path: Assets/Plugins/Android/google-play-services_lib/res/drawable-xxhdpi/common_signin_btn_text_disabled_focus_dark.9.png
  artifactKey: Guid(56b9c780042c0ac46b049073b0dcc1af) Importer(2089858483,0ecaa5967403d082aa24f35e1b516d23)
Start importing Assets/Plugins/Android/google-play-services_lib/res/drawable-xxhdpi/common_signin_btn_text_disabled_focus_dark.9.png using Guid(56b9c780042c0ac46b049073b0dcc1af) Importer(2089858483,0ecaa5967403d082aa24f35e1b516d23) [PhysX] Initialized MultithreadedTaskDispatcher with 32 workers.
 -> (artifact id: '60551d98e2543b20d415b73f244853d1') in 0.007363 seconds
Number of updated asset objects reloaded before import = 0
Number of asset objects unloaded after import = 1
========================================================================
Received Import Request.
  Time since last request: 0.000035 seconds.
  path: Assets/Plugins/Android/google-play-services_lib/res/drawable-hdpi/common_signin_btn_icon_pressed_light.9.png
  artifactKey: Guid(b82f092d4c0631a48ae859a315d4c1a4) Importer(2089858483,0ecaa5967403d082aa24f35e1b516d23)
Start importing Assets/Plugins/Android/google-play-services_lib/res/drawable-hdpi/common_signin_btn_icon_pressed_light.9.png using Guid(b82f092d4c0631a48ae859a315d4c1a4) Importer(2089858483,0ecaa5967403d082aa24f35e1b516d23) [PhysX] Initialized MultithreadedTaskDispatcher with 32 workers.
 -> (artifact id: 'f36a0449ee9b040fe167f1adcad1c322') in 0.007004 seconds
Number of updated asset objects reloaded before import = 0
Number of asset objects unloaded after import = 1
========================================================================
Received Import Request.
  Time since last request: 0.000022 seconds.
  path: Assets/Plugins/Android/google-play-services_lib/res/drawable-xhdpi/ic_plusone_tall_off_client.png
  artifactKey: Guid(b5aae8a23c067044ea530e507fcf27a4) Importer(2089858483,0ecaa5967403d082aa24f35e1b516d23)
Start importing Assets/Plugins/Android/google-play-services_lib/res/drawable-xhdpi/ic_plusone_tall_off_client.png using Guid(b5aae8a23c067044ea530e507fcf27a4) Importer(2089858483,0ecaa5967403d082aa24f35e1b516d23) [PhysX] Initialized MultithreadedTaskDispatcher with 32 workers.
 -> (artifact id: '14118f08389e914efbbc3640d15718dd') in 0.007050 seconds
Number of updated asset objects reloaded before import = 0
Number of asset objects unloaded after import = 1
========================================================================
Received Import Request.
  Time since last request: 0.000027 seconds.
  path: Assets/Images/Meta/iOS/App Icon [Squared]/Icon-Small-40@3x.png
  artifactKey: Guid(3de0ceece0a3ac443ae2ded3b2669cdc) Importer(2089858483,0ecaa5967403d082aa24f35e1b516d23)
Start importing Assets/Images/Meta/iOS/App Icon [Squared]/Icon-Small-40@3x.png using Guid(3de0ceece0a3ac443ae2ded3b2669cdc) Importer(2089858483,0ecaa5967403d082aa24f35e1b516d23) [PhysX] Initialized MultithreadedTaskDispatcher with 32 workers.
 -> (artifact id: '6cdd28c2e18b0eef0a27b1f0d296b6aa') in 0.019165 seconds
Number of updated asset objects reloaded before import = 0
Number of asset objects unloaded after import = 1
========================================================================
Received Import Request.
  Time since last request: 0.000028 seconds.
  path: Assets/NGUI/Scripts/Internal/RealTime.cs
  artifactKey: Guid(19247bef9e8504440bfc43d9529e4515) Importer(2089858483,0ecaa5967403d082aa24f35e1b516d23)
Start importing Assets/NGUI/Scripts/Internal/RealTime.cs using Guid(19247bef9e8504440bfc43d9529e4515) Importer(2089858483,0ecaa5967403d082aa24f35e1b516d23) [PhysX] Initialized MultithreadedTaskDispatcher with 32 workers.
 -> (artifact id: '937acccddd886897034acdffd62e7fe6') in 0.009463 seconds
Number of updated asset objects reloaded before import = 0
Number of asset objects unloaded after import = 1
========================================================================
Received Import Request.
  Time since last request: 0.000033 seconds.
  path: Assets/Plugins/Android/google-play-services_lib/res/values-af/common_strings.xml
  artifactKey: Guid(2cd22def64605644187b70c0bb5bc309) Importer(2089858483,0ecaa5967403d082aa24f35e1b516d23)
Start importing Assets/Plugins/Android/google-play-services_lib/res/values-af/common_strings.xml using Guid(2cd22def64605644187b70c0bb5bc309) Importer(2089858483,0ecaa5967403d082aa24f35e1b516d23) [PhysX] Initialized MultithreadedTaskDispatcher with 32 workers.
 -> (artifact id: '95fe196ff845c07e9d564595b104d336') in 0.006672 seconds
Number of updated asset objects reloaded before import = 0
Number of asset objects unloaded after import = 1
========================================================================
Received Import Request.
  Time since last request: 0.000065 seconds.
  path: Assets/Plugins/Android/google-play-services_lib/res/color/wallet_secondary_text_holo_dark.xml
  artifactKey: Guid(6b7b23c52a16ce746a7e81b04e721fde) Importer(2089858483,0ecaa5967403d082aa24f35e1b516d23)
Start importing Assets/Plugins/Android/google-play-services_lib/res/color/wallet_secondary_text_holo_dark.xml using Guid(6b7b23c52a16ce746a7e81b04e721fde) Importer(2089858483,0ecaa5967403d082aa24f35e1b516d23) [PhysX] Initialized MultithreadedTaskDispatcher with 32 workers.
 -> (artifact id: 'b00724cccddd8388fc4c8e894b4b524d') in 0.007283 seconds
Number of updated asset objects reloaded before import = 0
Number of asset objects unloaded after import = 1
========================================================================
Received Import Request.
  Time since last request: 0.000058 seconds.
  path: Assets/NGUI/Scripts/Tweening/TweenFOV.cs
  artifactKey: Guid(0153adb55685cee4d97c4ee2d52124e5) Importer(2089858483,0ecaa5967403d082aa24f35e1b516d23)
Start importing Assets/NGUI/Scripts/Tweening/TweenFOV.cs using Guid(0153adb55685cee4d97c4ee2d52124e5) Importer(2089858483,0ecaa5967403d082aa24f35e1b516d23) [PhysX] Initialized MultithreadedTaskDispatcher with 32 workers.
 -> (artifact id: 'f7a60206fcc009406688c85044a2a887') in 0.009541 seconds
Number of updated asset objects reloaded before import = 0
Number of asset objects unloaded after import = 1
========================================================================
Received Import Request.
  Time since last request: 0.000013 seconds.
  path: Assets/Plugins/Android/google-play-services_lib/res/drawable-xhdpi/powered_by_google_light.png
  artifactKey: Guid(a96cc72b39941934c92c2b58d57395fd) Importer(2089858483,0ecaa5967403d082aa24f35e1b516d23)
Start importing Assets/Plugins/Android/google-play-services_lib/res/drawable-xhdpi/powered_by_google_light.png using Guid(a96cc72b39941934c92c2b58d57395fd) Importer(2089858483,0ecaa5967403d082aa24f35e1b516d23) [PhysX] Initialized MultithreadedTaskDispatcher with 32 workers.
 -> (artifact id: 'adac4791922d1bb8aac947da0e4d9f63') in 0.009555 seconds
Number of updated asset objects reloaded before import = 0
Number of asset objects unloaded after import = 1
========================================================================
Received Import Request.
  Time since last request: 0.000010 seconds.
  path: Assets/Plugins/Android/google-play-services_lib/res/drawable-xhdpi/common_full_open_on_phone.png
  artifactKey: Guid(aa7e99a09d9d7eb448a7b5915029af68) Importer(2089858483,0ecaa5967403d082aa24f35e1b516d23)
Start importing Assets/Plugins/Android/google-play-services_lib/res/drawable-xhdpi/common_full_open_on_phone.png using Guid(aa7e99a09d9d7eb448a7b5915029af68) Importer(2089858483,0ecaa5967403d082aa24f35e1b516d23) [PhysX] Initialized MultithreadedTaskDispatcher with 32 workers.
 -> (artifact id: 'c1a994c3d89049adb224f8a9b6dface2') in 0.007800 seconds
Number of updated asset objects reloaded before import = 0
Number of asset objects unloaded after import = 1
========================================================================
Received Import Request.
  Time since last request: 0.000013 seconds.
  path: Assets/Plugins/Android/google-play-services_lib/res/drawable-hdpi/common_ic_googleplayservices.png
  artifactKey: Guid(89c4c518e547fdf4783a2e4bbaaf54b9) Importer(2089858483,0ecaa5967403d082aa24f35e1b516d23)
Start importing Assets/Plugins/Android/google-play-services_lib/res/drawable-hdpi/common_ic_googleplayservices.png using Guid(89c4c518e547fdf4783a2e4bbaaf54b9) Importer(2089858483,0ecaa5967403d082aa24f35e1b516d23) [PhysX] Initialized MultithreadedTaskDispatcher with 32 workers.
 -> (artifact id: '4034b2cc47e6e0cd1524bd619231c45d') in 0.009590 seconds
Number of updated asset objects reloaded before import = 0
Number of asset objects unloaded after import = 1
========================================================================
Received Import Request.
  Time since last request: 0.000013 seconds.
  path: Assets/Plugins/Android/google-play-services_lib/res/drawable-xhdpi/common_signin_btn_text_disabled_focus_dark.9.png
  artifactKey: Guid(e082d27d31b79b145a4ef932916c3436) Importer(2089858483,0ecaa5967403d082aa24f35e1b516d23)
Start importing Assets/Plugins/Android/google-play-services_lib/res/drawable-xhdpi/common_signin_btn_text_disabled_focus_dark.9.png using Guid(e082d27d31b79b145a4ef932916c3436) Importer(2089858483,0ecaa5967403d082aa24f35e1b516d23) [PhysX] Initialized MultithreadedTaskDispatcher with 32 workers.
 -> (artifact id: 'c1a5c133d69c8fed33c79aeee0b3d101') in 0.008047 seconds
Number of updated asset objects reloaded before import = 0
Number of asset objects unloaded after import = 1
========================================================================
Received Import Request.
  Time since last request: 0.000029 seconds.
  path: Assets/Plugins/Android/google-play-services_lib/res/drawable/common_signin_btn_text_dark.xml
  artifactKey: Guid(5907d216390396a4eb6e83a5727e24fd) Importer(2089858483,0ecaa5967403d082aa24f35e1b516d23)
Start importing Assets/Plugins/Android/google-play-services_lib/res/drawable/common_signin_btn_text_dark.xml using Guid(5907d216390396a4eb6e83a5727e24fd) Importer(2089858483,0ecaa5967403d082aa24f35e1b516d23) [PhysX] Initialized MultithreadedTaskDispatcher with 32 workers.
 -> (artifact id: 'b9a6964befe09aa01beb9e54fb044594') in 0.008360 seconds
Number of updated asset objects reloaded before import = 0
Number of asset objects unloaded after import = 1
========================================================================
Received Import Request.
  Time since last request: 0.000043 seconds.
  path: Assets/Plugins/Android/google-play-services_lib/res/drawable/common_signin_btn_icon_light.xml
  artifactKey: Guid(921e18e78eec1184bb3c012e93214241) Importer(2089858483,0ecaa5967403d082aa24f35e1b516d23)
Start importing Assets/Plugins/Android/google-play-services_lib/res/drawable/common_signin_btn_icon_light.xml using Guid(921e18e78eec1184bb3c012e93214241) Importer(2089858483,0ecaa5967403d082aa24f35e1b516d23) [PhysX] Initialized MultithreadedTaskDispatcher with 32 workers.
 -> (artifact id: '88ee01df20412ba498a9c0d1e75a17ba') in 0.007042 seconds
Number of updated asset objects reloaded before import = 0
Number of asset objects unloaded after import = 1
========================================================================
Received Import Request.
  Time since last request: 0.000044 seconds.
  path: Assets/Plugins/Android/google-play-services_lib/res/drawable-xxhdpi/common_signin_btn_icon_normal_dark.9.png
  artifactKey: Guid(5bd4af37ced3a014d8edc58fc0010f8c) Importer(2089858483,0ecaa5967403d082aa24f35e1b516d23)
Start importing Assets/Plugins/Android/google-play-services_lib/res/drawable-xxhdpi/common_signin_btn_icon_normal_dark.9.png using Guid(5bd4af37ced3a014d8edc58fc0010f8c) Importer(2089858483,0ecaa5967403d082aa24f35e1b516d23) [PhysX] Initialized MultithreadedTaskDispatcher with 32 workers.
 -> (artifact id: '60d7f60418fb9b3154e332cb1355fce2') in 0.007198 seconds
Number of updated asset objects reloaded before import = 0
Number of asset objects unloaded after import = 1
========================================================================
Received Import Request.
  Time since last request: 0.000027 seconds.
  path: Assets/Images/Meta/Android/App Icon [Rounded]/96.png
  artifactKey: Guid(da74de4280e1fdc4ca977de921d3045f) Importer(2089858483,0ecaa5967403d082aa24f35e1b516d23)
Start importing Assets/Images/Meta/Android/App Icon [Rounded]/96.png using Guid(da74de4280e1fdc4ca977de921d3045f) Importer(2089858483,0ecaa5967403d082aa24f35e1b516d23) [PhysX] Initialized MultithreadedTaskDispatcher with 32 workers.
 -> (artifact id: '58d459a563d2b6070f93bb2c0ad929d3') in 0.019123 seconds
Number of updated asset objects reloaded before import = 0
Number of asset objects unloaded after import = 1
========================================================================
Received Import Request.
  Time since last request: 0.000010 seconds.
  path: Assets/Plugins/Android/libs/armeabi-v7a/libgpg.so
  artifactKey: Guid(6ebaac6f6ed3744e3bf9f695f2aa2180) Importer(2089858483,0ecaa5967403d082aa24f35e1b516d23)
Start importing Assets/Plugins/Android/libs/armeabi-v7a/libgpg.so using Guid(6ebaac6f6ed3744e3bf9f695f2aa2180) Importer(2089858483,0ecaa5967403d082aa24f35e1b516d23) [PhysX] Initialized MultithreadedTaskDispatcher with 32 workers.
 -> (artifact id: '38c8e71d90da07745792e6bbe10bdb50') in 0.009744 seconds
Number of updated asset objects reloaded before import = 0
Number of asset objects unloaded after import = 1
========================================================================
Received Import Request.
  Time since last request: 0.000015 seconds.
  path: Assets/Plugins/Android/google-play-services_lib/res/values-en-rGB/common_strings.xml
  artifactKey: Guid(1e9dfa0d6f6c4404db954e057f13aa92) Importer(2089858483,0ecaa5967403d082aa24f35e1b516d23)
Start importing Assets/Plugins/Android/google-play-services_lib/res/values-en-rGB/common_strings.xml using Guid(1e9dfa0d6f6c4404db954e057f13aa92) Importer(2089858483,0ecaa5967403d082aa24f35e1b516d23) [PhysX] Initialized MultithreadedTaskDispatcher with 32 workers.
 -> (artifact id: '768edeae0c94012d699ef43fdc770062') in 0.007268 seconds
Number of updated asset objects reloaded before import = 0
Number of asset objects unloaded after import = 1
========================================================================
Received Import Request.
  Time since last request: 0.000044 seconds.
  path: Assets/Plugins/Android/google-play-services_lib/res/drawable-mdpi/common_signin_btn_icon_disabled_light.9.png
  artifactKey: Guid(71496351fa10db843ac9d759bc943481) Importer(2089858483,0ecaa5967403d082aa24f35e1b516d23)
Start importing Assets/Plugins/Android/google-play-services_lib/res/drawable-mdpi/common_signin_btn_icon_disabled_light.9.png using Guid(71496351fa10db843ac9d759bc943481) Importer(2089858483,0ecaa5967403d082aa24f35e1b516d23) [PhysX] Initialized MultithreadedTaskDispatcher with 32 workers.
 -> (artifact id: '0edd8b9d672c7d5fbdf4517aa8d1d58f') in 0.008104 seconds
Number of updated asset objects reloaded before import = 0
Number of asset objects unloaded after import = 1
========================================================================
Received Import Request.
  Time since last request: 0.000021 seconds.
  path: Assets/Images/Meta/Android/App Icon [Rounded]/48.png
  artifactKey: Guid(de7adb0855870ad429c5f8c05942145d) Importer(2089858483,0ecaa5967403d082aa24f35e1b516d23)
Start importing Assets/Images/Meta/Android/App Icon [Rounded]/48.png using Guid(de7adb0855870ad429c5f8c05942145d) Importer(2089858483,0ecaa5967403d082aa24f35e1b516d23) [PhysX] Initialized MultithreadedTaskDispatcher with 32 workers.
 -> (artifact id: '3b6a81e7a3d45f31ef767c6a8763dbfd') in 0.019310 seconds
Number of updated asset objects reloaded before import = 0
Number of asset objects unloaded after import = 1
========================================================================
Received Import Request.
  Time since last request: 0.000017 seconds.
  path: Assets/Plugins/Android/google-play-services_lib/res/drawable-xhdpi/cast_ic_notification_1.png
  artifactKey: Guid(059b15abf35bea2499f1efdb90fee40b) Importer(2089858483,0ecaa5967403d082aa24f35e1b516d23)
Start importing Assets/Plugins/Android/google-play-services_lib/res/drawable-xhdpi/cast_ic_notification_1.png using Guid(059b15abf35bea2499f1efdb90fee40b) Importer(2089858483,0ecaa5967403d082aa24f35e1b516d23) [PhysX] Initialized MultithreadedTaskDispatcher with 32 workers.
 -> (artifact id: 'a426a9e54a9eaa58056b7bc9bd3fa19b') in 0.007033 seconds
Number of updated asset objects reloaded before import = 0
Number of asset objects unloaded after import = 1
========================================================================
Received Import Request.
  Time since last request: 0.000021 seconds.
  path: Assets/Plugins/Android/google-play-services_lib/res/values/wallet_styles.xml
  artifactKey: Guid(0815234d6c91bb449b3b2bd5846202ff) Importer(2089858483,0ecaa5967403d082aa24f35e1b516d23)
Start importing Assets/Plugins/Android/google-play-services_lib/res/values/wallet_styles.xml using Guid(0815234d6c91bb449b3b2bd5846202ff) Importer(2089858483,0ecaa5967403d082aa24f35e1b516d23) [PhysX] Initialized MultithreadedTaskDispatcher with 32 workers.
 -> (artifact id: 'b2a6e6f4289e406168e0ee48a4021643') in 0.008120 seconds
Number of updated asset objects reloaded before import = 0
Number of asset objects unloaded after import = 1
========================================================================
Received Import Request.
  Time since last request: 0.000021 seconds.
  path: Assets/Plugins/Android/google-play-services_lib/res/values-en-rIN/common_strings.xml
  artifactKey: Guid(85519dfb5cd56a640bfe04b536330001) Importer(2089858483,0ecaa5967403d082aa24f35e1b516d23)
Start importing Assets/Plugins/Android/google-play-services_lib/res/values-en-rIN/common_strings.xml using Guid(85519dfb5cd56a640bfe04b536330001) Importer(2089858483,0ecaa5967403d082aa24f35e1b516d23) [PhysX] Initialized MultithreadedTaskDispatcher with 32 workers.
 -> (artifact id: 'a33124484e468b1b750e9bcff8302e5e') in 0.006831 seconds
Number of updated asset objects reloaded before import = 0
Number of asset objects unloaded after import = 1
========================================================================
Received Import Request.
  Time since last request: 0.000017 seconds.
  path: Assets/Plugins/Android/google-play-services_lib/res/drawable-xxhdpi/cast_ic_notification_1.png
  artifactKey: Guid(c8a5e941340969a4d920ace806eafa23) Importer(2089858483,0ecaa5967403d082aa24f35e1b516d23)
Start importing Assets/Plugins/Android/google-play-services_lib/res/drawable-xxhdpi/cast_ic_notification_1.png using Guid(c8a5e941340969a4d920ace806eafa23) Importer(2089858483,0ecaa5967403d082aa24f35e1b516d23) [PhysX] Initialized MultithreadedTaskDispatcher with 32 workers.
 -> (artifact id: '56d2f65725347c8a94b7273fd6bb5f78') in 0.006231 seconds
Number of updated asset objects reloaded before import = 0
Number of asset objects unloaded after import = 1
========================================================================
Received Import Request.
  Time since last request: 0.000023 seconds.
  path: Assets/Plugins/Android/google-play-services_lib/proguard.txt
  artifactKey: Guid(6c1aafbb248fb4542b3304c25f9d2c00) Importer(2089858483,0ecaa5967403d082aa24f35e1b516d23)
Start importing Assets/Plugins/Android/google-play-services_lib/proguard.txt using Guid(6c1aafbb248fb4542b3304c25f9d2c00) Importer(2089858483,0ecaa5967403d082aa24f35e1b516d23) [PhysX] Initialized MultithreadedTaskDispatcher with 32 workers.
 -> (artifact id: 'a28f670f9a18f26ace23b95b15d51164') in 0.012440 seconds
Number of updated asset objects reloaded before import = 0
Number of asset objects unloaded after import = 1
========================================================================
Received Import Request.
  Time since last request: 0.000015 seconds.
  path: Assets/Plugins/Android/google-play-services_lib/res/values-de/common_strings.xml
  artifactKey: Guid(4e1865e2a7dc37441b5975f087fab761) Importer(2089858483,0ecaa5967403d082aa24f35e1b516d23)
Start importing Assets/Plugins/Android/google-play-services_lib/res/values-de/common_strings.xml using Guid(4e1865e2a7dc37441b5975f087fab761) Importer(2089858483,0ecaa5967403d082aa24f35e1b516d23) [PhysX] Initialized MultithreadedTaskDispatcher with 32 workers.
 -> (artifact id: '27ef50c6db39b78399c232ac9bf097f8') in 0.006708 seconds
Number of updated asset objects reloaded before import = 0
Number of asset objects unloaded after import = 1
========================================================================
Received Import Request.
  Time since last request: 0.000022 seconds.
  path: Assets/Plugins/Android/google-play-services_lib/res/drawable-xhdpi/common_signin_btn_text_pressed_dark.9.png
  artifactKey: Guid(f974b9459bc9a86428e89cfdb6a33d21) Importer(2089858483,0ecaa5967403d082aa24f35e1b516d23)
Start importing Assets/Plugins/Android/google-play-services_lib/res/drawable-xhdpi/common_signin_btn_text_pressed_dark.9.png using Guid(f974b9459bc9a86428e89cfdb6a33d21) Importer(2089858483,0ecaa5967403d082aa24f35e1b516d23) [PhysX] Initialized MultithreadedTaskDispatcher with 32 workers.
 -> (artifact id: 'bdcfc6ea17a493e25a019b8a97d5215e') in 0.007555 seconds
Number of updated asset objects reloaded before import = 0
Number of asset objects unloaded after import = 1
========================================================================
Received Import Request.
  Time since last request: 0.000025 seconds.
  path: Assets/Plugins/Android/google-play-services_lib/res/values/auth_strings.xml
  artifactKey: Guid(32b6ed7e4672a9044a79ec1104057144) Importer(2089858483,0ecaa5967403d082aa24f35e1b516d23)
Start importing Assets/Plugins/Android/google-play-services_lib/res/values/auth_strings.xml using Guid(32b6ed7e4672a9044a79ec1104057144) Importer(2089858483,0ecaa5967403d082aa24f35e1b516d23) [PhysX] Initialized MultithreadedTaskDispatcher with 32 workers.
 -> (artifact id: '4fa19f4aedb06fdca9d902a6be95791e') in 0.007663 seconds
Number of updated asset objects reloaded before import = 0
Number of asset objects unloaded after import = 1
========================================================================
Received Import Request.
  Time since last request: 0.000087 seconds.
  path: Assets/Plugins/Android/google-play-services_lib/res/values-en-rAU/wallet_strings.xml
  artifactKey: Guid(b60a5dc190ec06d43b2001b59ad86c8d) Importer(2089858483,0ecaa5967403d082aa24f35e1b516d23)
Start importing Assets/Plugins/Android/google-play-services_lib/res/values-en-rAU/wallet_strings.xml using Guid(b60a5dc190ec06d43b2001b59ad86c8d) Importer(2089858483,0ecaa5967403d082aa24f35e1b516d23) [PhysX] Initialized MultithreadedTaskDispatcher with 32 workers.
 -> (artifact id: 'de9ab1091d13fe711727f84d7e9db5d7') in 0.006620 seconds
Number of updated asset objects reloaded before import = 0
Number of asset objects unloaded after import = 1
========================================================================
Received Import Request.
  Time since last request: 0.000054 seconds.
  path: Assets/Plugins/Android/google-play-services_lib/res/drawable-xhdpi/common_signin_btn_icon_pressed_dark.9.png
  artifactKey: Guid(48d6bf3a20b81d74db68b1ebddc5decf) Importer(2089858483,0ecaa5967403d082aa24f35e1b516d23)
Start importing Assets/Plugins/Android/google-play-services_lib/res/drawable-xhdpi/common_signin_btn_icon_pressed_dark.9.png using Guid(48d6bf3a20b81d74db68b1ebddc5decf) Importer(2089858483,0ecaa5967403d082aa24f35e1b516d23) [PhysX] Initialized MultithreadedTaskDispatcher with 32 workers.
 -> (artifact id: '851299e1cea888c00e4d2d433536d894') in 0.008797 seconds
Number of updated asset objects reloaded before import = 0
Number of asset objects unloaded after import = 1
========================================================================
Received Import Request.
  Time since last request: 0.000029 seconds.
  path: Assets/Plugins/Android/google-play-services_lib/res/drawable-xhdpi/common_signin_btn_text_focus_light.9.png
  artifactKey: Guid(3a19642a1abfd5744aaff1066920ff11) Importer(2089858483,0ecaa5967403d082aa24f35e1b516d23)
Start importing Assets/Plugins/Android/google-play-services_lib/res/drawable-xhdpi/common_signin_btn_text_focus_light.9.png using Guid(3a19642a1abfd5744aaff1066920ff11) Importer(2089858483,0ecaa5967403d082aa24f35e1b516d23) [PhysX] Initialized MultithreadedTaskDispatcher with 32 workers.
 -> (artifact id: '259b802e35a39b3acf0e4703938e21a7') in 0.007022 seconds
Number of updated asset objects reloaded before import = 0
Number of asset objects unloaded after import = 1
========================================================================
Received Import Request.
  Time since last request: 0.000044 seconds.
  path: Assets/Plugins/Android/google-play-services_lib/res/drawable-mdpi/common_signin_btn_icon_disabled_focus_light.9.png
  artifactKey: Guid(e024749175a56c54fa4562921185f08c) Importer(2089858483,0ecaa5967403d082aa24f35e1b516d23)
Start importing Assets/Plugins/Android/google-play-services_lib/res/drawable-mdpi/common_signin_btn_icon_disabled_focus_light.9.png using Guid(e024749175a56c54fa4562921185f08c) Importer(2089858483,0ecaa5967403d082aa24f35e1b516d23) [PhysX] Initialized MultithreadedTaskDispatcher with 32 workers.
 -> (artifact id: 'd5f5cf6d3413c46b190ba43f87f0c548') in 0.006711 seconds
Number of updated asset objects reloaded before import = 0
Number of asset objects unloaded after import = 1
========================================================================
Received Import Request.
  Time since last request: 0.000038 seconds.
  path: Assets/Plugins/Android/google-play-services_lib/res/drawable-hdpi/powered_by_google_light.png
  artifactKey: Guid(b06509667d8820a418de797510e67148) Importer(2089858483,0ecaa5967403d082aa24f35e1b516d23)
Start importing Assets/Plugins/Android/google-play-services_lib/res/drawable-hdpi/powered_by_google_light.png using Guid(b06509667d8820a418de797510e67148) Importer(2089858483,0ecaa5967403d082aa24f35e1b516d23) [PhysX] Initialized MultithreadedTaskDispatcher with 32 workers.
 -> (artifact id: 'c993acd6221768b4c393c31175c2e38e') in 0.006445 seconds
Number of updated asset objects reloaded before import = 0
Number of asset objects unloaded after import = 1
========================================================================
Received Import Request.
  Time since last request: 0.000020 seconds.
  path: Assets/Plugins/Android/google-play-services_lib/res/drawable-xhdpi/common_signin_btn_text_disabled_light.9.png
  artifactKey: Guid(6f3a18d7e32f6a94d9d98722385a61b3) Importer(2089858483,0ecaa5967403d082aa24f35e1b516d23)
Start importing Assets/Plugins/Android/google-play-services_lib/res/drawable-xhdpi/common_signin_btn_text_disabled_light.9.png using Guid(6f3a18d7e32f6a94d9d98722385a61b3) Importer(2089858483,0ecaa5967403d082aa24f35e1b516d23) [PhysX] Initialized MultithreadedTaskDispatcher with 32 workers.
 -> (artifact id: '15da90f741b10dc49d60744e93bd7ff1') in 0.006115 seconds
Number of updated asset objects reloaded before import = 0
Number of asset objects unloaded after import = 1
========================================================================
Received Import Request.
  Time since last request: 0.000030 seconds.
  path: Assets/Plugins/Android/google-play-services_lib/res/drawable-xxhdpi/common_signin_btn_text_disabled_light.9.png
  artifactKey: Guid(e9bf024e25d065e48bd7e88928f476fc) Importer(2089858483,0ecaa5967403d082aa24f35e1b516d23)
Start importing Assets/Plugins/Android/google-play-services_lib/res/drawable-xxhdpi/common_signin_btn_text_disabled_light.9.png using Guid(e9bf024e25d065e48bd7e88928f476fc) Importer(2089858483,0ecaa5967403d082aa24f35e1b516d23) [PhysX] Initialized MultithreadedTaskDispatcher with 32 workers.
 -> (artifact id: '7143e036a2b5c0b035f800e0ca5ae26a') in 0.005892 seconds
Number of updated asset objects reloaded before import = 0
Number of asset objects unloaded after import = 1
========================================================================
Received Import Request.
  Time since last request: 0.000033 seconds.
  path: Assets/Plugins/Android/google-play-services_lib/res/drawable-mdpi/common_signin_btn_text_disabled_focus_dark.9.png
  artifactKey: Guid(753c6031b38dd4443abe3ab1067524bb) Importer(2089858483,0ecaa5967403d082aa24f35e1b516d23)
Start importing Assets/Plugins/Android/google-play-services_lib/res/drawable-mdpi/common_signin_btn_text_disabled_focus_dark.9.png using Guid(753c6031b38dd4443abe3ab1067524bb) Importer(2089858483,0ecaa5967403d082aa24f35e1b516d23) [PhysX] Initialized MultithreadedTaskDispatcher with 32 workers.
 -> (artifact id: '3d77eac6c647ad78904fe6a9ea6bb924') in 0.008684 seconds
Number of updated asset objects reloaded before import = 0
Number of asset objects unloaded after import = 1
========================================================================
Received Import Request.
  Time since last request: 0.000027 seconds.
  path: Assets/Plugins/Android/google-play-services_lib/res/drawable-xhdpi/common_signin_btn_icon_normal_dark.9.png
  artifactKey: Guid(d4448f892e6a9444bb5b8a3804096f8b) Importer(2089858483,0ecaa5967403d082aa24f35e1b516d23)
Start importing Assets/Plugins/Android/google-play-services_lib/res/drawable-xhdpi/common_signin_btn_icon_normal_dark.9.png using Guid(d4448f892e6a9444bb5b8a3804096f8b) Importer(2089858483,0ecaa5967403d082aa24f35e1b516d23) [PhysX] Initialized MultithreadedTaskDispatcher with 32 workers.
 -> (artifact id: 'f6d628247e1456695a9ba4f9ac2ea8a9') in 0.006186 seconds
Number of updated asset objects reloaded before import = 0
Number of asset objects unloaded after import = 1
========================================================================
Received Import Request.
  Time since last request: 0.000029 seconds.
  path: Assets/Plugins/Android/google-play-services_lib/res/drawable-mdpi/common_signin_btn_icon_focus_light.9.png
  artifactKey: Guid(1279a45bae64ef8459dec4061403b80f) Importer(2089858483,0ecaa5967403d082aa24f35e1b516d23)
Start importing Assets/Plugins/Android/google-play-services_lib/res/drawable-mdpi/common_signin_btn_icon_focus_light.9.png using Guid(1279a45bae64ef8459dec4061403b80f) Importer(2089858483,0ecaa5967403d082aa24f35e1b516d23) [PhysX] Initialized MultithreadedTaskDispatcher with 32 workers.
 -> (artifact id: 'fc24a3dcde6bdeca04bf6b2fe1b7f9e5') in 0.008187 seconds
Number of updated asset objects reloaded before import = 0
Number of asset objects unloaded after import = 1
========================================================================
Received Import Request.
  Time since last request: 0.000028 seconds.
  path: Assets/Plugins/Android/google-play-services_lib/res/drawable-mdpi/common_signin_btn_text_normal_dark.9.png
  artifactKey: Guid(d3a62d19d906d6a4490372252323e378) Importer(2089858483,0ecaa5967403d082aa24f35e1b516d23)
Start importing Assets/Plugins/Android/google-play-services_lib/res/drawable-mdpi/common_signin_btn_text_normal_dark.9.png using Guid(d3a62d19d906d6a4490372252323e378) Importer(2089858483,0ecaa5967403d082aa24f35e1b516d23) [PhysX] Initialized MultithreadedTaskDispatcher with 32 workers.
 -> (artifact id: '50e637d58c6037a19de2599607032a99') in 0.006294 seconds
Number of updated asset objects reloaded before import = 0
Number of asset objects unloaded after import = 1
========================================================================
Received Import Request.
  Time since last request: 0.000039 seconds.
  path: Assets/Plugins/Android/google-play-services_lib/res/drawable-xhdpi/powered_by_google_dark.png
  artifactKey: Guid(5da45b03a6ecbc6478ff0873f3ae526a) Importer(2089858483,0ecaa5967403d082aa24f35e1b516d23)
Start importing Assets/Plugins/Android/google-play-services_lib/res/drawable-xhdpi/powered_by_google_dark.png using Guid(5da45b03a6ecbc6478ff0873f3ae526a) Importer(2089858483,0ecaa5967403d082aa24f35e1b516d23) [PhysX] Initialized MultithreadedTaskDispatcher with 32 workers.
 -> (artifact id: 'eb294f8c0d42368079f5a2c8e5cd5fb4') in 0.007003 seconds
Number of updated asset objects reloaded before import = 0
Number of asset objects unloaded after import = 1
========================================================================
Received Import Request.
  Time since last request: 0.000023 seconds.
  path: Assets/Plugins/Android/google-play-services_lib/res/drawable-xhdpi/cast_ic_notification_on.png
  artifactKey: Guid(eb6c3c131f06b3445b211c251a1b0fda) Importer(2089858483,0ecaa5967403d082aa24f35e1b516d23)
Start importing Assets/Plugins/Android/google-play-services_lib/res/drawable-xhdpi/cast_ic_notification_on.png using Guid(eb6c3c131f06b3445b211c251a1b0fda) Importer(2089858483,0ecaa5967403d082aa24f35e1b516d23) [PhysX] Initialized MultithreadedTaskDispatcher with 32 workers.
 -> (artifact id: '0f2f7c4c3f032abcabd579c5f26431a3') in 0.006908 seconds
Number of updated asset objects reloaded before import = 0
Number of asset objects unloaded after import = 1
========================================================================
Received Import Request.
  Time since last request: 0.000021 seconds.
  path: Assets/Plugins/Android/google-play-services_lib/res/values/wallet_colors.xml
  artifactKey: Guid(925d45cfc20d75a4db025a689d762953) Importer(2089858483,0ecaa5967403d082aa24f35e1b516d23)
Start importing Assets/Plugins/Android/google-play-services_lib/res/values/wallet_colors.xml using Guid(925d45cfc20d75a4db025a689d762953) Importer(2089858483,0ecaa5967403d082aa24f35e1b516d23) [PhysX] Initialized MultithreadedTaskDispatcher with 32 workers.
 -> (artifact id: '9f1efc3a21066edcd017f2b150b19804') in 0.006270 seconds
Number of updated asset objects reloaded before import = 0
Number of asset objects unloaded after import = 1
========================================================================
Received Import Request.
  Time since last request: 0.000040 seconds.
  path: Assets/Plugins/Android/google-play-services_lib/res/values/wallet_strings.xml
  artifactKey: Guid(6ee13b8ee278c65418400d6e2c35bd42) Importer(2089858483,0ecaa5967403d082aa24f35e1b516d23)
Start importing Assets/Plugins/Android/google-play-services_lib/res/values/wallet_strings.xml using Guid(6ee13b8ee278c65418400d6e2c35bd42) Importer(2089858483,0ecaa5967403d082aa24f35e1b516d23) [PhysX] Initialized MultithreadedTaskDispatcher with 32 workers.
 -> (artifact id: '9015f90b9c35ed56e1acae93e16931e3') in 0.006334 seconds
Number of updated asset objects reloaded before import = 0
Number of asset objects unloaded after import = 1
========================================================================
Received Import Request.
  Time since last request: 0.000014 seconds.
  path: Assets/Plugins/Android/google-play-services_lib/res/values-sv/common_strings.xml
  artifactKey: Guid(7aee25d9056584347a2e99f2c19615dc) Importer(2089858483,0ecaa5967403d082aa24f35e1b516d23)
Start importing Assets/Plugins/Android/google-play-services_lib/res/values-sv/common_strings.xml using Guid(7aee25d9056584347a2e99f2c19615dc) Importer(2089858483,0ecaa5967403d082aa24f35e1b516d23) [PhysX] Initialized MultithreadedTaskDispatcher with 32 workers.
 -> (artifact id: '6cb8f41fb989eb95fb98608d3f135d3f') in 0.007089 seconds
Number of updated asset objects reloaded before import = 0
Number of asset objects unloaded after import = 1
========================================================================
Received Import Request.
  Time since last request: 0.000017 seconds.
  path: Assets/Plugins/Android/google-play-services_lib/res/values-it/common_strings.xml
  artifactKey: Guid(8e77a38300935394186d8df336a904fe) Importer(2089858483,0ecaa5967403d082aa24f35e1b516d23)
Start importing Assets/Plugins/Android/google-play-services_lib/res/values-it/common_strings.xml using Guid(8e77a38300935394186d8df336a904fe) Importer(2089858483,0ecaa5967403d082aa24f35e1b516d23) [PhysX] Initialized MultithreadedTaskDispatcher with 32 workers.
 -> (artifact id: '99b7542a2adcc6ac17deba7984b11789') in 0.007781 seconds
Number of updated asset objects reloaded before import = 0
Number of asset objects unloaded after import = 1
========================================================================
Received Import Request.
  Time since last request: 0.000023 seconds.
  path: Assets/Plugins/Android/google-play-services_lib/res/values-hr/common_strings.xml
  artifactKey: Guid(c8cae87b227e0fc439e402dca3a575b1) Importer(2089858483,0ecaa5967403d082aa24f35e1b516d23)
Start importing Assets/Plugins/Android/google-play-services_lib/res/values-hr/common_strings.xml using Guid(c8cae87b227e0fc439e402dca3a575b1) Importer(2089858483,0ecaa5967403d082aa24f35e1b516d23) [PhysX] Initialized MultithreadedTaskDispatcher with 32 workers.
 -> (artifact id: 'd3badf4589659a7623db17a318c46c3b') in 0.006913 seconds
Number of updated asset objects reloaded before import = 0
Number of asset objects unloaded after import = 1
========================================================================
Received Import Request.
  Time since last request: 0.000018 seconds.
  path: Assets/Plugins/Android/google-play-services_lib/res/values-uk/common_strings.xml
  artifactKey: Guid(4c21e9186197a8446b942c390771ddd2) Importer(2089858483,0ecaa5967403d082aa24f35e1b516d23)
Start importing Assets/Plugins/Android/google-play-services_lib/res/values-uk/common_strings.xml using Guid(4c21e9186197a8446b942c390771ddd2) Importer(2089858483,0ecaa5967403d082aa24f35e1b516d23) [PhysX] Initialized MultithreadedTaskDispatcher with 32 workers.
 -> (artifact id: '6021c1fb2ec5e8f112a5c7eff527f0eb') in 0.008730 seconds
Number of updated asset objects reloaded before import = 0
Number of asset objects unloaded after import = 1
========================================================================
Received Import Request.
  Time since last request: 0.000063 seconds.
  path: Assets/Plugins/Android/google-play-services_lib/res/values-mr-rIN/common_strings.xml
  artifactKey: Guid(1486c475b945bae4bad8c082047b8bf8) Importer(2089858483,0ecaa5967403d082aa24f35e1b516d23)
Start importing Assets/Plugins/Android/google-play-services_lib/res/values-mr-rIN/common_strings.xml using Guid(1486c475b945bae4bad8c082047b8bf8) Importer(2089858483,0ecaa5967403d082aa24f35e1b516d23) [PhysX] Initialized MultithreadedTaskDispatcher with 32 workers.
 -> (artifact id: 'd06aa9e717c7c2208946e081def88380') in 0.012641 seconds
Number of updated asset objects reloaded before import = 0
Number of asset objects unloaded after import = 1
========================================================================
Received Import Request.
  Time since last request: 0.000026 seconds.
  path: Assets/Plugins/Android/google-play-services_lib/res/values-si-rLK/common_strings.xml
  artifactKey: Guid(74442ef55eeb3cb48970e1962914e44c) Importer(2089858483,0ecaa5967403d082aa24f35e1b516d23)
Start importing Assets/Plugins/Android/google-play-services_lib/res/values-si-rLK/common_strings.xml using Guid(74442ef55eeb3cb48970e1962914e44c) Importer(2089858483,0ecaa5967403d082aa24f35e1b516d23) [PhysX] Initialized MultithreadedTaskDispatcher with 32 workers.
 -> (artifact id: 'cc96b42e1605176091f552e6cc6b3046') in 0.008962 seconds
Number of updated asset objects reloaded before import = 0
Number of asset objects unloaded after import = 1
========================================================================
Received Import Request.
  Time since last request: 0.000010 seconds.
  path: Assets/Plugins/Android/google-play-services_lib/res/values-is-rIS/common_strings.xml
  artifactKey: Guid(fb68345d925f5914fa3e85c6c25163a5) Importer(2089858483,0ecaa5967403d082aa24f35e1b516d23)
Start importing Assets/Plugins/Android/google-play-services_lib/res/values-is-rIS/common_strings.xml using Guid(fb68345d925f5914fa3e85c6c25163a5) Importer(2089858483,0ecaa5967403d082aa24f35e1b516d23) [PhysX] Initialized MultithreadedTaskDispatcher with 32 workers.
 -> (artifact id: 'd36761b57485723288a5ff78a1a107bb') in 0.006938 seconds
Number of updated asset objects reloaded before import = 0
Number of asset objects unloaded after import = 1
========================================================================
Received Import Request.
  Time since last request: 0.000011 seconds.
  path: Assets/GooglePlayGames/Editor/m2repository/com/google/games/gpgs-plugin-support/0.10.14/gpgs-plugin-support-0.10.14.pom
  artifactKey: Guid(37f0b1d1febf4448e812dd902f5bef21) Importer(2089858483,0ecaa5967403d082aa24f35e1b516d23)
Start importing Assets/GooglePlayGames/Editor/m2repository/com/google/games/gpgs-plugin-support/0.10.14/gpgs-plugin-support-0.10.14.pom using Guid(37f0b1d1febf4448e812dd902f5bef21) Importer(2089858483,0ecaa5967403d082aa24f35e1b516d23) [PhysX] Initialized MultithreadedTaskDispatcher with 32 workers.
 -> (artifact id: '97260ce6f5f39a3d05103c481aa1658b') in 0.006829 seconds
Number of updated asset objects reloaded before import = 0
Number of asset objects unloaded after import = 1
========================================================================
Received Import Request.
  Time since last request: 0.000015 seconds.
  path: Assets/Plugins/Android/google-play-services_lib/res/values-pt/common_strings.xml
  artifactKey: Guid(a9f2e007c2488b248b81b52f5cf7345a) Importer(2089858483,0ecaa5967403d082aa24f35e1b516d23)
Start importing Assets/Plugins/Android/google-play-services_lib/res/values-pt/common_strings.xml using Guid(a9f2e007c2488b248b81b52f5cf7345a) Importer(2089858483,0ecaa5967403d082aa24f35e1b516d23) [PhysX] Initialized MultithreadedTaskDispatcher with 32 workers.
 -> (artifact id: '45f8a9fffdfef925b8818fd7bbeb25f9') in 0.008421 seconds
Number of updated asset objects reloaded before import = 0
Number of asset objects unloaded after import = 1
========================================================================
Received Import Request.
  Time since last request: 0.000037 seconds.
  path: Assets/Plugins/Android/google-play-services_lib/res/values-fa/common_strings.xml
  artifactKey: Guid(1789e2e26e231334ca2810be14c0a2e7) Importer(2089858483,0ecaa5967403d082aa24f35e1b516d23)
Start importing Assets/Plugins/Android/google-play-services_lib/res/values-fa/common_strings.xml using Guid(1789e2e26e231334ca2810be14c0a2e7) Importer(2089858483,0ecaa5967403d082aa24f35e1b516d23) [PhysX] Initialized MultithreadedTaskDispatcher with 32 workers.
 -> (artifact id: '0e0600f098a8cdb20ea991c72bd12180') in 0.007089 seconds
Number of updated asset objects reloaded before import = 0
Number of asset objects unloaded after import = 1
========================================================================
Received Import Request.
  Time since last request: 0.000023 seconds.
  path: Assets/Plugins/Android/google-play-services_lib/res/values-hy-rAM/common_strings.xml
  artifactKey: Guid(8ab599427db342a41b539cc0315fde56) Importer(2089858483,0ecaa5967403d082aa24f35e1b516d23)
Start importing Assets/Plugins/Android/google-play-services_lib/res/values-hy-rAM/common_strings.xml using Guid(8ab599427db342a41b539cc0315fde56) Importer(2089858483,0ecaa5967403d082aa24f35e1b516d23) [PhysX] Initialized MultithreadedTaskDispatcher with 32 workers.
 -> (artifact id: '02e7fc23486552ba413504ab0969c873') in 0.006700 seconds
Number of updated asset objects reloaded before import = 0
Number of asset objects unloaded after import = 1
========================================================================
Received Import Request.
  Time since last request: 0.000032 seconds.
  path: Assets/GooglePlayGames/Editor/m2repository/com/google/games/gpgs-plugin-support/0.10.14/gpgs-plugin-support-0.10.14.srcaar
  artifactKey: Guid(f2faf9dac08e790f295fe0f165096469) Importer(2089858483,0ecaa5967403d082aa24f35e1b516d23)
Start importing Assets/GooglePlayGames/Editor/m2repository/com/google/games/gpgs-plugin-support/0.10.14/gpgs-plugin-support-0.10.14.srcaar using Guid(f2faf9dac08e790f295fe0f165096469) Importer(2089858483,0ecaa5967403d082aa24f35e1b516d23) [PhysX] Initialized MultithreadedTaskDispatcher with 32 workers.
 -> (artifact id: '634648ff8104d68131e9ed8a5d4e9897') in 0.007056 seconds
Number of updated asset objects reloaded before import = 0
Number of asset objects unloaded after import = 1
========================================================================
Received Import Request.
  Time since last request: 0.000016 seconds.
  path: Assets/Plugins/Android/google-play-services_lib/res/values-tl/wallet_strings.xml
  artifactKey: Guid(6dc0bd417a9d1304f9b9d6581d8c8bd7) Importer(2089858483,0ecaa5967403d082aa24f35e1b516d23)
Start importing Assets/Plugins/Android/google-play-services_lib/res/values-tl/wallet_strings.xml using Guid(6dc0bd417a9d1304f9b9d6581d8c8bd7) Importer(2089858483,0ecaa5967403d082aa24f35e1b516d23) [PhysX] Initialized MultithreadedTaskDispatcher with 32 workers.
 -> (artifact id: 'fa3067adae220c2ae9a5546d31bc8ed7') in 0.008170 seconds
Number of updated asset objects reloaded before import = 0
Number of asset objects unloaded after import = 1
========================================================================
Received Import Request.
  Time since last request: 0.000011 seconds.
  path: Assets/Plugins/Android/google-play-services_lib/res/values-pa-rIN/common_strings.xml
  artifactKey: Guid(34e5f10ca5a80ed409432fb86dab05c8) Importer(2089858483,0ecaa5967403d082aa24f35e1b516d23)
Start importing Assets/Plugins/Android/google-play-services_lib/res/values-pa-rIN/common_strings.xml using Guid(34e5f10ca5a80ed409432fb86dab05c8) Importer(2089858483,0ecaa5967403d082aa24f35e1b516d23) [PhysX] Initialized MultithreadedTaskDispatcher with 32 workers.
 -> (artifact id: 'feaab1794c8e08d20589197322553916') in 0.007073 seconds
Number of updated asset objects reloaded before import = 0
Number of asset objects unloaded after import = 1
========================================================================
Received Import Request.
  Time since last request: 0.000010 seconds.
  path: Assets/GooglePlayGames/Editor/m2repository/com/google/games/gpgs-plugin-support/0.10.14/gpgs-plugin-support-0.10.14.srcaar.md5
  artifactKey: Guid(663b0f6cc34f86986a626a1e42ed0c34) Importer(2089858483,0ecaa5967403d082aa24f35e1b516d23)
Start importing Assets/GooglePlayGames/Editor/m2repository/com/google/games/gpgs-plugin-support/0.10.14/gpgs-plugin-support-0.10.14.srcaar.md5 using Guid(663b0f6cc34f86986a626a1e42ed0c34) Importer(2089858483,0ecaa5967403d082aa24f35e1b516d23) [PhysX] Initialized MultithreadedTaskDispatcher with 32 workers.
 -> (artifact id: '9d8349f09bc183b84cd155daf5d8a5e2') in 0.006973 seconds
Number of updated asset objects reloaded before import = 0
Number of asset objects unloaded after import = 1
========================================================================
Received Import Request.
  Time since last request: 0.000038 seconds.
  path: Assets/Plugins/Android/google-play-services_lib/res/values-zh-rTW/wallet_strings.xml
  artifactKey: Guid(b56708c1305ef754fba092373e7d74eb) Importer(2089858483,0ecaa5967403d082aa24f35e1b516d23)
Start importing Assets/Plugins/Android/google-play-services_lib/res/values-zh-rTW/wallet_strings.xml using Guid(b56708c1305ef754fba092373e7d74eb) Importer(2089858483,0ecaa5967403d082aa24f35e1b516d23) [PhysX] Initialized MultithreadedTaskDispatcher with 32 workers.
 -> (artifact id: '03ca3939f212d936b8948d84b61fd8ea') in 0.007395 seconds
Number of updated asset objects reloaded before import = 0
Number of asset objects unloaded after import = 1
========================================================================
Received Import Request.
  Time since last request: 0.000022 seconds.
  path: Assets/Plugins/Android/google-play-services_lib/res/values-ms-rMY/common_strings.xml
  artifactKey: Guid(c4f5482280222a944b45906c5167911e) Importer(2089858483,0ecaa5967403d082aa24f35e1b516d23)
Start importing Assets/Plugins/Android/google-play-services_lib/res/values-ms-rMY/common_strings.xml using Guid(c4f5482280222a944b45906c5167911e) Importer(2089858483,0ecaa5967403d082aa24f35e1b516d23) [PhysX] Initialized MultithreadedTaskDispatcher with 32 workers.
 -> (artifact id: 'e2bca5f94fcf0b71c38c41b96fe54f67') in 0.006289 seconds
Number of updated asset objects reloaded before import = 0
Number of asset objects unloaded after import = 1
========================================================================
Received Import Request.
  Time since last request: 0.000028 seconds.
  path: Assets/Plugins/Android/google-play-services_lib/res/values-lv/wallet_strings.xml
  artifactKey: Guid(5d4d8f081dd1d3d44a18acfb25045db0) Importer(2089858483,0ecaa5967403d082aa24f35e1b516d23)
Start importing Assets/Plugins/Android/google-play-services_lib/res/values-lv/wallet_strings.xml using Guid(5d4d8f081dd1d3d44a18acfb25045db0) Importer(2089858483,0ecaa5967403d082aa24f35e1b516d23) [PhysX] Initialized MultithreadedTaskDispatcher with 32 workers.
 -> (artifact id: 'db3c91eb5ac17d92c3f02b3a689ed68d') in 0.006948 seconds
Number of updated asset objects reloaded before import = 0
Number of asset objects unloaded after import = 1
========================================================================
Received Import Request.
  Time since last request: 0.000038 seconds.
  path: Assets/Plugins/Android/google-play-services_lib/res/values-ro/wallet_strings.xml
  artifactKey: Guid(3067e7d8a1af018468e25c7b5f1bb802) Importer(2089858483,0ecaa5967403d082aa24f35e1b516d23)
Start importing Assets/Plugins/Android/google-play-services_lib/res/values-ro/wallet_strings.xml using Guid(3067e7d8a1af018468e25c7b5f1bb802) Importer(2089858483,0ecaa5967403d082aa24f35e1b516d23) [PhysX] Initialized MultithreadedTaskDispatcher with 32 workers.
 -> (artifact id: '9c4c2f11729698c09202867898dfa5d9') in 0.007037 seconds
Number of updated asset objects reloaded before import = 0
Number of asset objects unloaded after import = 1
========================================================================
Received Import Request.
  Time since last request: 0.000024 seconds.
  path: Assets/Plugins/Android/google-play-services_lib/res/values-lv/common_strings.xml
  artifactKey: Guid(3e07c3df23125054c9ae38932ed99246) Importer(2089858483,0ecaa5967403d082aa24f35e1b516d23)
Start importing Assets/Plugins/Android/google-play-services_lib/res/values-lv/common_strings.xml using Guid(3e07c3df23125054c9ae38932ed99246) Importer(2089858483,0ecaa5967403d082aa24f35e1b516d23) [PhysX] Initialized MultithreadedTaskDispatcher with 32 workers.
 -> (artifact id: '1c0a7abdc3db2b5665c5d4a5bfef82d1') in 0.007298 seconds
Number of updated asset objects reloaded before import = 0
Number of asset objects unloaded after import = 1
========================================================================
Received Import Request.
  Time since last request: 0.000034 seconds.
  path: Assets/Plugins/Android/google-play-services_lib/res/values-zh-rHK/wallet_strings.xml
  artifactKey: Guid(203962eeab7f97145af8951ba513e53f) Importer(2089858483,0ecaa5967403d082aa24f35e1b516d23)
Start importing Assets/Plugins/Android/google-play-services_lib/res/values-zh-rHK/wallet_strings.xml using Guid(203962eeab7f97145af8951ba513e53f) Importer(2089858483,0ecaa5967403d082aa24f35e1b516d23) [PhysX] Initialized MultithreadedTaskDispatcher with 32 workers.
 -> (artifact id: 'd6759a2470d58ea3ffbc79d50dfa3833') in 0.006805 seconds
Number of updated asset objects reloaded before import = 0
Number of asset objects unloaded after import = 1
========================================================================
Received Import Request.
  Time since last request: 0.000021 seconds.
  path: Assets/GeneratedLocalRepo/GooglePlayGames/Editor/m2repository/com/google/games/gpgs-plugin-support/0.10.14/gpgs-plugin-support-0.10.14.pom
  artifactKey: Guid(7af9442bdba14f04b8aedfb99c46229c) Importer(2089858483,0ecaa5967403d082aa24f35e1b516d23)
Start importing Assets/GeneratedLocalRepo/GooglePlayGames/Editor/m2repository/com/google/games/gpgs-plugin-support/0.10.14/gpgs-plugin-support-0.10.14.pom using Guid(7af9442bdba14f04b8aedfb99c46229c) Importer(2089858483,0ecaa5967403d082aa24f35e1b516d23) [PhysX] Initialized MultithreadedTaskDispatcher with 32 workers.
 -> (artifact id: 'f4ef9c944449f82e48f91d5f2a97881e') in 0.008078 seconds
Number of updated asset objects reloaded before import = 0
Number of asset objects unloaded after import = 1
========================================================================
Received Import Request.
  Time since last request: 0.000017 seconds.
  path: Assets/Plugins/Android/google-play-services_lib/res/values-pt-rBR/wallet_strings.xml
  artifactKey: Guid(2cef13c84fa058647958eb8c7e670454) Importer(2089858483,0ecaa5967403d082aa24f35e1b516d23)
Start importing Assets/Plugins/Android/google-play-services_lib/res/values-pt-rBR/wallet_strings.xml using Guid(2cef13c84fa058647958eb8c7e670454) Importer(2089858483,0ecaa5967403d082aa24f35e1b516d23) [PhysX] Initialized MultithreadedTaskDispatcher with 32 workers.
 -> (artifact id: 'e1dcea854ee6ec6ab80602ea161e77b8') in 0.007418 seconds
Number of updated asset objects reloaded before import = 0
Number of asset objects unloaded after import = 1
========================================================================
Received Import Request.
  Time since last request: 0.000042 seconds.
  path: Assets/Plugins/Android/google-play-services_lib/res/values-lo-rLA/common_strings.xml
  artifactKey: Guid(44a058b3826148648b7905bd15d92492) Importer(2089858483,0ecaa5967403d082aa24f35e1b516d23)
Start importing Assets/Plugins/Android/google-play-services_lib/res/values-lo-rLA/common_strings.xml using Guid(44a058b3826148648b7905bd15d92492) Importer(2089858483,0ecaa5967403d082aa24f35e1b516d23) [PhysX] Initialized MultithreadedTaskDispatcher with 32 workers.
 -> (artifact id: '2643fe4445eb884ee09209f4fd723035') in 0.006529 seconds
Number of updated asset objects reloaded before import = 0
Number of asset objects unloaded after import = 1
========================================================================
Received Import Request.
  Time since last request: 0.000033 seconds.
  path: Assets/Plugins/Android/google-play-services_lib/res/values-uk/wallet_strings.xml
  artifactKey: Guid(34b3569cb460bc74291e44c10aaad4b2) Importer(2089858483,0ecaa5967403d082aa24f35e1b516d23)
Start importing Assets/Plugins/Android/google-play-services_lib/res/values-uk/wallet_strings.xml using Guid(34b3569cb460bc74291e44c10aaad4b2) Importer(2089858483,0ecaa5967403d082aa24f35e1b516d23) [PhysX] Initialized MultithreadedTaskDispatcher with 32 workers.
 -> (artifact id: '011b51b08ad722f7b3b86e33af62af07') in 0.006515 seconds
Number of updated asset objects reloaded before import = 0
Number of asset objects unloaded after import = 1
========================================================================
Received Import Request.
  Time since last request: 0.000030 seconds.
  path: Assets/Plugins/Android/google-play-services_lib/res/values-pt/wallet_strings.xml
  artifactKey: Guid(3511a7e5c3524744f882fe4ca3c5c119) Importer(2089858483,0ecaa5967403d082aa24f35e1b516d23)
Start importing Assets/Plugins/Android/google-play-services_lib/res/values-pt/wallet_strings.xml using Guid(3511a7e5c3524744f882fe4ca3c5c119) Importer(2089858483,0ecaa5967403d082aa24f35e1b516d23) [PhysX] Initialized MultithreadedTaskDispatcher with 32 workers.
 -> (artifact id: '35cc485c037501ba7b31f5377689ba91') in 0.006573 seconds
Number of updated asset objects reloaded before import = 0
Number of asset objects unloaded after import = 1
========================================================================
Received Import Request.
  Time since last request: 0.000031 seconds.
  path: Assets/Plugins/Android/google-play-services_lib/res/values-th/common_strings.xml
  artifactKey: Guid(abcc308db0752134885df2be67b3b7fa) Importer(2089858483,0ecaa5967403d082aa24f35e1b516d23)
Start importing Assets/Plugins/Android/google-play-services_lib/res/values-th/common_strings.xml using Guid(abcc308db0752134885df2be67b3b7fa) Importer(2089858483,0ecaa5967403d082aa24f35e1b516d23) [PhysX] Initialized MultithreadedTaskDispatcher with 32 workers.
 -> (artifact id: 'b58edecee1b4c7eba049f1fe73f644d8') in 0.006674 seconds
Number of updated asset objects reloaded before import = 0
Number of asset objects unloaded after import = 1
========================================================================
Received Import Request.
  Time since last request: 0.000029 seconds.
  path: Assets/Plugins/Android/google-play-services_lib/res/values-kk-rKZ/common_strings.xml
  artifactKey: Guid(b6782731193ae8f4fa9a438fdfd060a5) Importer(2089858483,0ecaa5967403d082aa24f35e1b516d23)
Start importing Assets/Plugins/Android/google-play-services_lib/res/values-kk-rKZ/common_strings.xml using Guid(b6782731193ae8f4fa9a438fdfd060a5) Importer(2089858483,0ecaa5967403d082aa24f35e1b516d23) [PhysX] Initialized MultithreadedTaskDispatcher with 32 workers.
 -> (artifact id: '3b778fd687dc086d597d8e4f119d3179') in 0.007308 seconds
Number of updated asset objects reloaded before import = 0
Number of asset objects unloaded after import = 1
========================================================================
Received Import Request.
  Time since last request: 0.000030 seconds.
  path: Assets/Plugins/Android/google-play-services_lib/res/values-zh-rTW/common_strings.xml
  artifactKey: Guid(6c9b695c972411f4eb6ba863e465f760) Importer(2089858483,0ecaa5967403d082aa24f35e1b516d23)
Start importing Assets/Plugins/Android/google-play-services_lib/res/values-zh-rTW/common_strings.xml using Guid(6c9b695c972411f4eb6ba863e465f760) Importer(2089858483,0ecaa5967403d082aa24f35e1b516d23) [PhysX] Initialized MultithreadedTaskDispatcher with 32 workers.
 -> (artifact id: '479a555fba8f314d9a5a0b40b5340686') in 0.006777 seconds
Number of updated asset objects reloaded before import = 0
Number of asset objects unloaded after import = 1
========================================================================
Received Import Request.
  Time since last request: 0.000016 seconds.
  path: Assets/Plugins/Android/google-play-services_lib/res/values-sl/wallet_strings.xml
  artifactKey: Guid(f753dab20eebeed4c90ec90d072ba040) Importer(2089858483,0ecaa5967403d082aa24f35e1b516d23)
Start importing Assets/Plugins/Android/google-play-services_lib/res/values-sl/wallet_strings.xml using Guid(f753dab20eebeed4c90ec90d072ba040) Importer(2089858483,0ecaa5967403d082aa24f35e1b516d23) [PhysX] Initialized MultithreadedTaskDispatcher with 32 workers.
 -> (artifact id: '02de8dedfd987472a8b86937c26ac99c') in 0.006923 seconds
Number of updated asset objects reloaded before import = 0
Number of asset objects unloaded after import = 1
========================================================================
Received Import Request.
  Time since last request: 0.000023 seconds.
  path: Assets/Plugins/Android/google-play-services_lib/res/values-ml-rIN/common_strings.xml
  artifactKey: Guid(7f2356b5e18b4b94fb1d560c0dce7450) Importer(2089858483,0ecaa5967403d082aa24f35e1b516d23)
Start importing Assets/Plugins/Android/google-play-services_lib/res/values-ml-rIN/common_strings.xml using Guid(7f2356b5e18b4b94fb1d560c0dce7450) Importer(2089858483,0ecaa5967403d082aa24f35e1b516d23) [PhysX] Initialized MultithreadedTaskDispatcher with 32 workers.
 -> (artifact id: '4c13ae0ad3d7db2d3a8c188289849404') in 0.006480 seconds
Number of updated asset objects reloaded before import = 0
Number of asset objects unloaded after import = 1
========================================================================
Received Import Request.
  Time since last request: 0.000009 seconds.
  path: Assets/Plugins/Android/google-play-services_lib/res/values-lt/common_strings.xml
  artifactKey: Guid(1caf92e1436c2644aa1dae01866bf4c4) Importer(2089858483,0ecaa5967403d082aa24f35e1b516d23)
Start importing Assets/Plugins/Android/google-play-services_lib/res/values-lt/common_strings.xml using Guid(1caf92e1436c2644aa1dae01866bf4c4) Importer(2089858483,0ecaa5967403d082aa24f35e1b516d23) [PhysX] Initialized MultithreadedTaskDispatcher with 32 workers.
 -> (artifact id: 'dd0491b904c41df1d52516bd36d14083') in 0.007086 seconds
Number of updated asset objects reloaded before import = 0
Number of asset objects unloaded after import = 1
========================================================================
Received Import Request.
  Time since last request: 0.000018 seconds.
  path: Assets/Plugins/Android/google-play-services_lib/res/values-hu/common_strings.xml
  artifactKey: Guid(0ccecf2cc1ab5d54498c855b16a9f5c6) Importer(2089858483,0ecaa5967403d082aa24f35e1b516d23)
Start importing Assets/Plugins/Android/google-play-services_lib/res/values-hu/common_strings.xml using Guid(0ccecf2cc1ab5d54498c855b16a9f5c6) Importer(2089858483,0ecaa5967403d082aa24f35e1b516d23) [PhysX] Initialized MultithreadedTaskDispatcher with 32 workers.
 -> (artifact id: 'c11efa3b034fb937ab2f21056fc40342') in 0.006730 seconds
Number of updated asset objects reloaded before import = 0
Number of asset objects unloaded after import = 1
========================================================================
Received Import Request.
  Time since last request: 0.000016 seconds.
  path: Assets/Plugins/Android/google-play-services_lib/res/values-sr/wallet_strings.xml
  artifactKey: Guid(231229a102296fd4380514e35f17c05a) Importer(2089858483,0ecaa5967403d082aa24f35e1b516d23)
Start importing Assets/Plugins/Android/google-play-services_lib/res/values-sr/wallet_strings.xml using Guid(231229a102296fd4380514e35f17c05a) Importer(2089858483,0ecaa5967403d082aa24f35e1b516d23) [PhysX] Initialized MultithreadedTaskDispatcher with 32 workers.
 -> (artifact id: 'b247872592c2c5932a73f80615d155b0') in 0.006389 seconds
Number of updated asset objects reloaded before import = 0
Number of asset objects unloaded after import = 1
========================================================================
Received Import Request.
  Time since last request: 0.000016 seconds.
  path: Assets/Plugins/Android/google-play-services_lib/res/values-te-rIN/common_strings.xml
  artifactKey: Guid(6c23534e76491f4409dfd5b354ad451b) Importer(2089858483,0ecaa5967403d082aa24f35e1b516d23)
Start importing Assets/Plugins/Android/google-play-services_lib/res/values-te-rIN/common_strings.xml using Guid(6c23534e76491f4409dfd5b354ad451b) Importer(2089858483,0ecaa5967403d082aa24f35e1b516d23) [PhysX] Initialized MultithreadedTaskDispatcher with 32 workers.
 -> (artifact id: '3753ffc6f10eda8042e449685170e88c') in 0.006880 seconds
Number of updated asset objects reloaded before import = 0
Number of asset objects unloaded after import = 1
========================================================================
Received Import Request.
  Time since last request: 0.000029 seconds.
  path: Assets/Plugins/Android/google-play-services_lib/res/values-my-rMM/common_strings.xml
  artifactKey: Guid(3d6ac3e020e97ae4fbc90f62d4d625ee) Importer(2089858483,0ecaa5967403d082aa24f35e1b516d23)
Start importing Assets/Plugins/Android/google-play-services_lib/res/values-my-rMM/common_strings.xml using Guid(3d6ac3e020e97ae4fbc90f62d4d625ee) Importer(2089858483,0ecaa5967403d082aa24f35e1b516d23) [PhysX] Initialized MultithreadedTaskDispatcher with 32 workers.
 -> (artifact id: 'b285f3fb85cf5d9209f4c3f4f162fd61') in 0.008128 seconds
Number of updated asset objects reloaded before import = 0
Number of asset objects unloaded after import = 1
========================================================================
Received Import Request.
  Time since last request: 0.000008 seconds.
  path: Assets/Plugins/Android/google-play-services_lib/res/values-hi/common_strings.xml
  artifactKey: Guid(54dec4ae118e61247b5ceb896963ee2b) Importer(2089858483,0ecaa5967403d082aa24f35e1b516d23)
Start importing Assets/Plugins/Android/google-play-services_lib/res/values-hi/common_strings.xml using Guid(54dec4ae118e61247b5ceb896963ee2b) Importer(2089858483,0ecaa5967403d082aa24f35e1b516d23) [PhysX] Initialized MultithreadedTaskDispatcher with 32 workers.
 -> (artifact id: '33684291dc911bc75c6667e2e66b2d31') in 0.007200 seconds
Number of updated asset objects reloaded before import = 0
Number of asset objects unloaded after import = 1
========================================================================
Received Import Request.
  Time since last request: 0.000041 seconds.
  path: Assets/Plugins/Android/google-play-services_lib/res/values-tl/common_strings.xml
  artifactKey: Guid(d5f0faeae522da641accdc54a3679299) Importer(2089858483,0ecaa5967403d082aa24f35e1b516d23)
Start importing Assets/Plugins/Android/google-play-services_lib/res/values-tl/common_strings.xml using Guid(d5f0faeae522da641accdc54a3679299) Importer(2089858483,0ecaa5967403d082aa24f35e1b516d23) [PhysX] Initialized MultithreadedTaskDispatcher with 32 workers.
 -> (artifact id: '02c5db9029d57eea6d3b4349314f76bc') in 0.007248 seconds
Number of updated asset objects reloaded before import = 0
Number of asset objects unloaded after import = 1
========================================================================
Received Import Request.
  Time since last request: 0.000021 seconds.
  path: Assets/Plugins/Android/google-play-services_lib/res/values-uz-rUZ/common_strings.xml
  artifactKey: Guid(606bdca4d02eb4f47b815f200093e78e) Importer(2089858483,0ecaa5967403d082aa24f35e1b516d23)
Start importing Assets/Plugins/Android/google-play-services_lib/res/values-uz-rUZ/common_strings.xml using Guid(606bdca4d02eb4f47b815f200093e78e) Importer(2089858483,0ecaa5967403d082aa24f35e1b516d23) [PhysX] Initialized MultithreadedTaskDispatcher with 32 workers.
 -> (artifact id: '83d6e4871098762aae2b1b20f190607a') in 0.005910 seconds
Number of updated asset objects reloaded before import = 0
Number of asset objects unloaded after import = 1
========================================================================
Received Import Request.
  Time since last request: 0.000033 seconds.
  path: Assets/Plugins/Android/google-play-services_lib/res/values-sw/wallet_strings.xml
  artifactKey: Guid(d73de85d52223a142b2840caa18dedca) Importer(2089858483,0ecaa5967403d082aa24f35e1b516d23)
Start importing Assets/Plugins/Android/google-play-services_lib/res/values-sw/wallet_strings.xml using Guid(d73de85d52223a142b2840caa18dedca) Importer(2089858483,0ecaa5967403d082aa24f35e1b516d23) [PhysX] Initialized MultithreadedTaskDispatcher with 32 workers.
 -> (artifact id: '60143f620ad4d431880df4d9fcb69d6b') in 0.006090 seconds
Number of updated asset objects reloaded before import = 0
Number of asset objects unloaded after import = 1
========================================================================
Received Import Request.
  Time since last request: 0.000026 seconds.
  path: Assets/Plugins/Android/google-play-services_lib/res/values-fi/wallet_strings.xml
  artifactKey: Guid(5cde36c06fcfcbd4183226ae7ea79a58) Importer(2089858483,0ecaa5967403d082aa24f35e1b516d23)
Start importing Assets/Plugins/Android/google-play-services_lib/res/values-fi/wallet_strings.xml using Guid(5cde36c06fcfcbd4183226ae7ea79a58) Importer(2089858483,0ecaa5967403d082aa24f35e1b516d23) [PhysX] Initialized MultithreadedTaskDispatcher with 32 workers.
 -> (artifact id: 'fc78e0e00a656ddc72426a23e1fe791f') in 0.007132 seconds
Number of updated asset objects reloaded before import = 0
Number of asset objects unloaded after import = 1
========================================================================
Received Import Request.
  Time since last request: 0.000027 seconds.
  path: Assets/Plugins/Android/google-play-services_lib/res/values-mk-rMK/common_strings.xml
  artifactKey: Guid(67cd8eae2f09cec4982ec6667314c9fa) Importer(2089858483,0ecaa5967403d082aa24f35e1b516d23)
Start importing Assets/Plugins/Android/google-play-services_lib/res/values-mk-rMK/common_strings.xml using Guid(67cd8eae2f09cec4982ec6667314c9fa) Importer(2089858483,0ecaa5967403d082aa24f35e1b516d23) [PhysX] Initialized MultithreadedTaskDispatcher with 32 workers.
 -> (artifact id: 'd0a07afce6cd422cd22ddbea2825e05b') in 0.006569 seconds
Number of updated asset objects reloaded before import = 0
Number of asset objects unloaded after import = 1
========================================================================
Received Import Request.
  Time since last request: 0.000029 seconds.
  path: Assets/Plugins/Android/google-play-services_lib/res/values-sr/common_strings.xml
  artifactKey: Guid(6443558167645444488eb7618fc81cc1) Importer(2089858483,0ecaa5967403d082aa24f35e1b516d23)
Start importing Assets/Plugins/Android/google-play-services_lib/res/values-sr/common_strings.xml using Guid(6443558167645444488eb7618fc81cc1) Importer(2089858483,0ecaa5967403d082aa24f35e1b516d23) [PhysX] Initialized MultithreadedTaskDispatcher with 32 workers.
 -> (artifact id: '34b0fc1f96e8bba66d2ed05675332cca') in 0.006572 seconds
Number of updated asset objects reloaded before import = 0
Number of asset objects unloaded after import = 1
========================================================================
Received Import Request.
  Time since last request: 0.000069 seconds.
  path: Assets/Plugins/Android/google-play-services_lib/res/values-ur-rPK/common_strings.xml
  artifactKey: Guid(a142bbc49f6aa9248978c3b0be9b2e84) Importer(2089858483,0ecaa5967403d082aa24f35e1b516d23)
Start importing Assets/Plugins/Android/google-play-services_lib/res/values-ur-rPK/common_strings.xml using Guid(a142bbc49f6aa9248978c3b0be9b2e84) Importer(2089858483,0ecaa5967403d082aa24f35e1b516d23) [PhysX] Initialized MultithreadedTaskDispatcher with 32 workers.
 -> (artifact id: 'cda80b78a757ed37323f280781edc6b4') in 0.007118 seconds
Number of updated asset objects reloaded before import = 0
Number of asset objects unloaded after import = 1
========================================================================
Received Import Request.
  Time since last request: 0.000025 seconds.
  path: Assets/Plugins/Android/google-play-services_lib/res/values-in/wallet_strings.xml
  artifactKey: Guid(546eb084a2b487947b29c4088ed5d697) Importer(2089858483,0ecaa5967403d082aa24f35e1b516d23)
Start importing Assets/Plugins/Android/google-play-services_lib/res/values-in/wallet_strings.xml using Guid(546eb084a2b487947b29c4088ed5d697) Importer(2089858483,0ecaa5967403d082aa24f35e1b516d23) [PhysX] Initialized MultithreadedTaskDispatcher with 32 workers.
 -> (artifact id: '180e941ae519f91d092de7060fd0cc82') in 0.008050 seconds
Number of updated asset objects reloaded before import = 0
Number of asset objects unloaded after import = 1
========================================================================
Received Import Request.
  Time since last request: 0.000027 seconds.
  path: Assets/Plugins/Android/google-play-services_lib/res/values-hr/wallet_strings.xml
  artifactKey: Guid(4fa68ee889320f24e93e52322c52b49f) Importer(2089858483,0ecaa5967403d082aa24f35e1b516d23)
Start importing Assets/Plugins/Android/google-play-services_lib/res/values-hr/wallet_strings.xml using Guid(4fa68ee889320f24e93e52322c52b49f) Importer(2089858483,0ecaa5967403d082aa24f35e1b516d23) [PhysX] Initialized MultithreadedTaskDispatcher with 32 workers.
 -> (artifact id: 'a3aec0b98dd20b639472b3e73821433a') in 0.006991 seconds
Number of updated asset objects reloaded before import = 0
Number of asset objects unloaded after import = 1
========================================================================
Received Import Request.
  Time since last request: 0.000023 seconds.
  path: Assets/NGUI/Scripts/UI/UITextList.cs
  artifactKey: Guid(020d0c1db3283a342ab86731270ea060) Importer(2089858483,0ecaa5967403d082aa24f35e1b516d23)
Start importing Assets/NGUI/Scripts/UI/UITextList.cs using Guid(020d0c1db3283a342ab86731270ea060) Importer(2089858483,0ecaa5967403d082aa24f35e1b516d23) [PhysX] Initialized MultithreadedTaskDispatcher with 32 workers.
 -> (artifact id: 'b85b1f14e087d2418dc397e57c8d5237') in 0.007693 seconds
Number of updated asset objects reloaded before import = 0
Number of asset objects unloaded after import = 1
========================================================================
Received Import Request.
  Time since last request: 0.000017 seconds.
  path: Assets/Plugins/Android/google-play-services_lib/res/drawable-mdpi/common_signin_btn_icon_pressed_light.9.png
  artifactKey: Guid(a576bcfe5294fc743b812042923a57ec) Importer(2089858483,0ecaa5967403d082aa24f35e1b516d23)
Start importing Assets/Plugins/Android/google-play-services_lib/res/drawable-mdpi/common_signin_btn_icon_pressed_light.9.png using Guid(a576bcfe5294fc743b812042923a57ec) Importer(2089858483,0ecaa5967403d082aa24f35e1b516d23) [PhysX] Initialized MultithreadedTaskDispatcher with 32 workers.
 -> (artifact id: '9aefb198450d69933993862731c007ee') in 0.006538 seconds
Number of updated asset objects reloaded before import = 0
Number of asset objects unloaded after import = 1
========================================================================
Received Import Request.
  Time since last request: 0.000022 seconds.
  path: Assets/Images/Meta/iOS/App Icon [Squared]/Icon.png
  artifactKey: Guid(a20cd565c10978e42a42ecac5df75132) Importer(2089858483,0ecaa5967403d082aa24f35e1b516d23)
Start importing Assets/Images/Meta/iOS/App Icon [Squared]/Icon.png using Guid(a20cd565c10978e42a42ecac5df75132) Importer(2089858483,0ecaa5967403d082aa24f35e1b516d23) [PhysX] Initialized MultithreadedTaskDispatcher with 32 workers.
 -> (artifact id: '4c9da88b9a2e9a2186eebf23287d307f') in 0.017988 seconds
Number of updated asset objects reloaded before import = 0
Number of asset objects unloaded after import = 1
========================================================================
Received Import Request.
  Time since last request: 0.000008 seconds.
  path: Assets/Plugins/Android/google-play-services_lib/res/values-ar/common_strings.xml
  artifactKey: Guid(007dec1e5ad71364abc5c8279c2a8138) Importer(2089858483,0ecaa5967403d082aa24f35e1b516d23)
Start importing Assets/Plugins/Android/google-play-services_lib/res/values-ar/common_strings.xml using Guid(007dec1e5ad71364abc5c8279c2a8138) Importer(2089858483,0ecaa5967403d082aa24f35e1b516d23) [PhysX] Initialized MultithreadedTaskDispatcher with 32 workers.
 -> (artifact id: '3e5b734b8d754fbd589066a4c3e408c5') in 0.006774 seconds
Number of updated asset objects reloaded before import = 0
Number of asset objects unloaded after import = 1
========================================================================
Received Import Request.
  Time since last request: 0.000018 seconds.
  path: Assets/Plugins/Android/google-play-services_lib/res/drawable-hdpi/common_signin_btn_icon_pressed_dark.9.png
  artifactKey: Guid(ec254daeaf2793f438c4735ca1d2269f) Importer(2089858483,0ecaa5967403d082aa24f35e1b516d23)
Start importing Assets/Plugins/Android/google-play-services_lib/res/drawable-hdpi/common_signin_btn_icon_pressed_dark.9.png using Guid(ec254daeaf2793f438c4735ca1d2269f) Importer(2089858483,0ecaa5967403d082aa24f35e1b516d23) [PhysX] Initialized MultithreadedTaskDispatcher with 32 workers.
 -> (artifact id: '767ad2f254be501ddd56292f0125713e') in 0.007004 seconds
Number of updated asset objects reloaded before import = 0
Number of asset objects unloaded after import = 1
========================================================================
Received Import Request.
  Time since last request: 0.000032 seconds.
  path: Assets/Plugins/Android/google-play-services_lib/res/drawable-xxhdpi/ic_plusone_small_off_client.png
  artifactKey: Guid(7b47e26b7b5c0f2428e8c406618e0bbf) Importer(2089858483,0ecaa5967403d082aa24f35e1b516d23)
Start importing Assets/Plugins/Android/google-play-services_lib/res/drawable-xxhdpi/ic_plusone_small_off_client.png using Guid(7b47e26b7b5c0f2428e8c406618e0bbf) Importer(2089858483,0ecaa5967403d082aa24f35e1b516d23) [PhysX] Initialized MultithreadedTaskDispatcher with 32 workers.
 -> (artifact id: '7e0c29cc87e36ac54226e672f05c15a0') in 0.007678 seconds
Number of updated asset objects reloaded before import = 0
Number of asset objects unloaded after import = 1
========================================================================
Received Import Request.
  Time since last request: 0.000044 seconds.
  path: Assets/Images/Meta/Android/App Icon [Rounded]/144.png
  artifactKey: Guid(4e832152a736ee74cb12aa6ddcbbba94) Importer(2089858483,0ecaa5967403d082aa24f35e1b516d23)
Start importing Assets/Images/Meta/Android/App Icon [Rounded]/144.png using Guid(4e832152a736ee74cb12aa6ddcbbba94) Importer(2089858483,0ecaa5967403d082aa24f35e1b516d23) [PhysX] Initialized MultithreadedTaskDispatcher with 32 workers.
 -> (artifact id: '3440085f016ff6aad3602af72efe5153') in 0.020978 seconds
Number of updated asset objects reloaded before import = 0
Number of asset objects unloaded after import = 1
========================================================================
Received Import Request.
  Time since last request: 0.000013 seconds.
  path: Assets/Plugins/Android/google-play-services_lib/res/raw/gtm_analytics
  artifactKey: Guid(d255d9e7407c7eb4eae601154ebff24d) Importer(2089858483,0ecaa5967403d082aa24f35e1b516d23)
Start importing Assets/Plugins/Android/google-play-services_lib/res/raw/gtm_analytics using Guid(d255d9e7407c7eb4eae601154ebff24d) Importer(2089858483,0ecaa5967403d082aa24f35e1b516d23) [PhysX] Initialized MultithreadedTaskDispatcher with 32 workers.
 -> (artifact id: '332a9d58a400ba94b0ea31398b1ef136') in 0.006711 seconds
Number of updated asset objects reloaded before import = 0
Number of asset objects unloaded after import = 1
========================================================================
Received Import Request.
  Time since last request: 0.000019 seconds.
  path: Assets/Plugins/Android/google-play-services_lib/res/values-hu/wallet_strings.xml
  artifactKey: Guid(bd9b2a12050a90c40a358b6c3a1a5880) Importer(2089858483,0ecaa5967403d082aa24f35e1b516d23)
Start importing Assets/Plugins/Android/google-play-services_lib/res/values-hu/wallet_strings.xml using Guid(bd9b2a12050a90c40a358b6c3a1a5880) Importer(2089858483,0ecaa5967403d082aa24f35e1b516d23) [PhysX] Initialized MultithreadedTaskDispatcher with 32 workers.
 -> (artifact id: '627db87b9185cb901b3ed9c96b93b49f') in 0.007367 seconds
Number of updated asset objects reloaded before import = 0
Number of asset objects unloaded after import = 1
========================================================================
Received Import Request.
  Time since last request: 0.000038 seconds.
  path: Assets/Plugins/Android/google-play-services_lib/res/drawable-hdpi/common_signin_btn_icon_disabled_focus_light.9.png
  artifactKey: Guid(c1a08dee07ed5ce4980e63e476552b3a) Importer(2089858483,0ecaa5967403d082aa24f35e1b516d23)
Start importing Assets/Plugins/Android/google-play-services_lib/res/drawable-hdpi/common_signin_btn_icon_disabled_focus_light.9.png using Guid(c1a08dee07ed5ce4980e63e476552b3a) Importer(2089858483,0ecaa5967403d082aa24f35e1b516d23) [PhysX] Initialized MultithreadedTaskDispatcher with 32 workers.
 -> (artifact id: 'baa4b2034a83c672df6f8ef5930baa3d') in 0.006848 seconds
Number of updated asset objects reloaded before import = 0
Number of asset objects unloaded after import = 1
========================================================================
Received Import Request.
  Time since last request: 0.000026 seconds.
  path: Assets/Plugins/Android/google-play-services_lib/README.txt
  artifactKey: Guid(6907567878e98044f9201bfae7efab01) Importer(2089858483,0ecaa5967403d082aa24f35e1b516d23)
Start importing Assets/Plugins/Android/google-play-services_lib/README.txt using Guid(6907567878e98044f9201bfae7efab01) Importer(2089858483,0ecaa5967403d082aa24f35e1b516d23) [PhysX] Initialized MultithreadedTaskDispatcher with 32 workers.
 -> (artifact id: '46a432ee803261ef80654ce18815119d') in 0.011418 seconds
Number of updated asset objects reloaded before import = 0
Number of asset objects unloaded after import = 1
========================================================================
Received Import Request.
  Time since last request: 0.000015 seconds.
  path: Assets/Plugins/Android/google-play-services_lib/res/drawable-mdpi/common_signin_btn_icon_pressed_dark.9.png
  artifactKey: Guid(7e2a994d2e8c01147a195b8999d01392) Importer(2089858483,0ecaa5967403d082aa24f35e1b516d23)
Start importing Assets/Plugins/Android/google-play-services_lib/res/drawable-mdpi/common_signin_btn_icon_pressed_dark.9.png using Guid(7e2a994d2e8c01147a195b8999d01392) Importer(2089858483,0ecaa5967403d082aa24f35e1b516d23) [PhysX] Initialized MultithreadedTaskDispatcher with 32 workers.
 -> (artifact id: '099b77c9f801e713da72d9f9d5cc5562') in 0.007596 seconds
Number of updated asset objects reloaded before import = 0
Number of asset objects unloaded after import = 1
========================================================================
Received Import Request.
  Time since last request: 0.000010 seconds.
  path: Assets/NGUI/Scripts/Tweening/UITweener.cs
  artifactKey: Guid(c96860f5597f2494abb42d29cdca0bcc) Importer(2089858483,0ecaa5967403d082aa24f35e1b516d23)
Start importing Assets/NGUI/Scripts/Tweening/UITweener.cs using Guid(c96860f5597f2494abb42d29cdca0bcc) Importer(2089858483,0ecaa5967403d082aa24f35e1b516d23) [PhysX] Initialized MultithreadedTaskDispatcher with 32 workers.
 -> (artifact id: '3d994203a38d77ee87b9c56ad44f0b8d') in 0.008060 seconds
Number of updated asset objects reloaded before import = 0
Number of asset objects unloaded after import = 1
========================================================================
Received Import Request.
  Time since last request: 0.000029 seconds.
  path: Assets/NGUI/Scripts/Tweening/TweenAlpha.cs
  artifactKey: Guid(9e2747e3775af504da1a4d5a46c5a1ce) Importer(2089858483,0ecaa5967403d082aa24f35e1b516d23)
Start importing Assets/NGUI/Scripts/Tweening/TweenAlpha.cs using Guid(9e2747e3775af504da1a4d5a46c5a1ce) Importer(2089858483,0ecaa5967403d082aa24f35e1b516d23) [PhysX] Initialized MultithreadedTaskDispatcher with 32 workers.
 -> (artifact id: '3802c55dfdb08a6ae9235691c4971d16') in 0.008530 seconds
Number of updated asset objects reloaded before import = 0
Number of asset objects unloaded after import = 1
========================================================================
Received Import Request.
  Time since last request: 0.000010 seconds.
  path: Assets/NGUI/Scripts/UI/UIRoot.cs
  artifactKey: Guid(2c5ecb5660b11414fb042fb826e03b73) Importer(2089858483,0ecaa5967403d082aa24f35e1b516d23)
Start importing Assets/NGUI/Scripts/UI/UIRoot.cs using Guid(2c5ecb5660b11414fb042fb826e03b73) Importer(2089858483,0ecaa5967403d082aa24f35e1b516d23) [PhysX] Initialized MultithreadedTaskDispatcher with 32 workers.
 -> (artifact id: 'd69d05cd46bcd1a97a5a9f90678e1268') in 0.008454 seconds
Number of updated asset objects reloaded before import = 0
Number of asset objects unloaded after import = 1
========================================================================
Received Import Request.
  Time since last request: 0.000028 seconds.
  path: Assets/Plugins/Android/google-play-services_lib/res/drawable-tvdpi/ic_plusone_medium_off_client.png
  artifactKey: Guid(a49d8aec08de28f428f7bdbabbc0f284) Importer(2089858483,0ecaa5967403d082aa24f35e1b516d23)
Start importing Assets/Plugins/Android/google-play-services_lib/res/drawable-tvdpi/ic_plusone_medium_off_client.png using Guid(a49d8aec08de28f428f7bdbabbc0f284) Importer(2089858483,0ecaa5967403d082aa24f35e1b516d23) [PhysX] Initialized MultithreadedTaskDispatcher with 32 workers.
 -> (artifact id: 'b4dac096cf6d0a68696025e0ca2b6e03') in 0.006588 seconds
Number of updated asset objects reloaded before import = 0
Number of asset objects unloaded after import = 1
========================================================================
Received Import Request.
  Time since last request: 0.000016 seconds.
  path: Assets/NGUI/Scripts/Tweening/AnimatedAlpha.cs
  artifactKey: Guid(6f9aef6d5962d8849aa830ef46c7c993) Importer(2089858483,0ecaa5967403d082aa24f35e1b516d23)
Start importing Assets/NGUI/Scripts/Tweening/AnimatedAlpha.cs using Guid(6f9aef6d5962d8849aa830ef46c7c993) Importer(2089858483,0ecaa5967403d082aa24f35e1b516d23) [PhysX] Initialized MultithreadedTaskDispatcher with 32 workers.
 -> (artifact id: '983261110f9b85100bf1cb49dd260881') in 0.006930 seconds
Number of updated asset objects reloaded before import = 0
Number of asset objects unloaded after import = 1
========================================================================
Received Import Request.
  Time since last request: 0.000024 seconds.
  path: Assets/Plugins/Android/google-play-services_lib/res/drawable-tvdpi/ic_plusone_small_off_client.png
  artifactKey: Guid(94a6b823612869c4e8cae89a4c3809cc) Importer(2089858483,0ecaa5967403d082aa24f35e1b516d23)
Start importing Assets/Plugins/Android/google-play-services_lib/res/drawable-tvdpi/ic_plusone_small_off_client.png using Guid(94a6b823612869c4e8cae89a4c3809cc) Importer(2089858483,0ecaa5967403d082aa24f35e1b516d23) [PhysX] Initialized MultithreadedTaskDispatcher with 32 workers.
 -> (artifact id: '92a6572ae012031adc009c0c9d2ce7c4') in 0.007430 seconds
Number of updated asset objects reloaded before import = 0
Number of asset objects unloaded after import = 1
========================================================================
Received Import Request.
  Time since last request: 0.000032 seconds.
  path: Assets/Plugins/Android/google-play-services_lib/res/values-ja/wallet_strings.xml
  artifactKey: Guid(1ba2c2f21e119c04ca2fa420cbea2e53) Importer(2089858483,0ecaa5967403d082aa24f35e1b516d23)
Start importing Assets/Plugins/Android/google-play-services_lib/res/values-ja/wallet_strings.xml using Guid(1ba2c2f21e119c04ca2fa420cbea2e53) Importer(2089858483,0ecaa5967403d082aa24f35e1b516d23) [PhysX] Initialized MultithreadedTaskDispatcher with 32 workers.
 -> (artifact id: '33d9f949d656d9beb36424209cb49019') in 0.006966 seconds
Number of updated asset objects reloaded before import = 0
Number of asset objects unloaded after import = 1
========================================================================
Received Import Request.
  Time since last request: 0.000020 seconds.
  path: Assets/Plugins/Android/google-play-services_lib/res/drawable-xxhdpi/common_signin_btn_icon_focus_light.9.png
  artifactKey: Guid(c1b10b6d07cf968458e1599ae4f8e9d6) Importer(2089858483,0ecaa5967403d082aa24f35e1b516d23)
Start importing Assets/Plugins/Android/google-play-services_lib/res/drawable-xxhdpi/common_signin_btn_icon_focus_light.9.png using Guid(c1b10b6d07cf968458e1599ae4f8e9d6) Importer(2089858483,0ecaa5967403d082aa24f35e1b516d23) [PhysX] Initialized MultithreadedTaskDispatcher with 32 workers.
 -> (artifact id: '4327fac399b7658cad035f20680e667e') in 0.007562 seconds
Number of updated asset objects reloaded before import = 0
Number of asset objects unloaded after import = 1
========================================================================
Received Import Request.
  Time since last request: 0.000035 seconds.
  path: Assets/Images/Meta/iOS/Splash/iPad Portrait Retina.png
  artifactKey: Guid(93f68815ce489a043a79ff2efa0cac9b) Importer(2089858483,0ecaa5967403d082aa24f35e1b516d23)
Start importing Assets/Images/Meta/iOS/Splash/iPad Portrait Retina.png using Guid(93f68815ce489a043a79ff2efa0cac9b) Importer(2089858483,0ecaa5967403d082aa24f35e1b516d23) [PhysX] Initialized MultithreadedTaskDispatcher with 32 workers.
 -> (artifact id: '32ec22e2b6df8877dd260bb6fc891675') in 0.032593 seconds
Number of updated asset objects reloaded before import = 0
Number of asset objects unloaded after import = 1
========================================================================
Received Import Request.
  Time since last request: 0.000011 seconds.
  path: Assets/NGUI/Scripts/UI/UIInputOnGUI.cs
  artifactKey: Guid(f555bda46cc2e6f448cde6a38c0de59b) Importer(2089858483,0ecaa5967403d082aa24f35e1b516d23)
Start importing Assets/NGUI/Scripts/UI/UIInputOnGUI.cs using Guid(f555bda46cc2e6f448cde6a38c0de59b) Importer(2089858483,0ecaa5967403d082aa24f35e1b516d23) [PhysX] Initialized MultithreadedTaskDispatcher with 32 workers.
 -> (artifact id: '6427a67975e3bfb8ebcb0cff0a4b9b8a') in 0.008039 seconds
Number of updated asset objects reloaded before import = 0
Number of asset objects unloaded after import = 1
========================================================================
Received Import Request.
  Time since last request: 0.000009 seconds.
  path: Assets/Plugins/Android/google-play-services_lib/res/values-iw/wallet_strings.xml
  artifactKey: Guid(75176dbcd7d96754b90595e77017f58d) Importer(2089858483,0ecaa5967403d082aa24f35e1b516d23)
Start importing Assets/Plugins/Android/google-play-services_lib/res/values-iw/wallet_strings.xml using Guid(75176dbcd7d96754b90595e77017f58d) Importer(2089858483,0ecaa5967403d082aa24f35e1b516d23) [PhysX] Initialized MultithreadedTaskDispatcher with 32 workers.
 -> (artifact id: '424f54951db0e8bcddee9ceaffcae1c8') in 0.006900 seconds
Number of updated asset objects reloaded before import = 0
Number of asset objects unloaded after import = 1
========================================================================
Received Import Request.
  Time since last request: 0.000026 seconds.
  path: Assets/Plugins/Android/google-play-services_lib/res/drawable-mdpi/cast_ic_notification_2.png
  artifactKey: Guid(ff4f899e67c53cb45ad664ec1ada167d) Importer(2089858483,0ecaa5967403d082aa24f35e1b516d23)
Start importing Assets/Plugins/Android/google-play-services_lib/res/drawable-mdpi/cast_ic_notification_2.png using Guid(ff4f899e67c53cb45ad664ec1ada167d) Importer(2089858483,0ecaa5967403d082aa24f35e1b516d23) [PhysX] Initialized MultithreadedTaskDispatcher with 32 workers.
 -> (artifact id: '4034522b3b86bdc2f7dc45cafdcf4584') in 0.007479 seconds
Number of updated asset objects reloaded before import = 0
Number of asset objects unloaded after import = 1
========================================================================
Received Import Request.
  Time since last request: 0.000022 seconds.
  path: Assets/Plugins/Android/google-play-services_lib/res/drawable-xxhdpi/common_signin_btn_text_disabled_dark.9.png
  artifactKey: Guid(0014111395ce9bb44ba6571b0cb81846) Importer(2089858483,0ecaa5967403d082aa24f35e1b516d23)
Start importing Assets/Plugins/Android/google-play-services_lib/res/drawable-xxhdpi/common_signin_btn_text_disabled_dark.9.png using Guid(0014111395ce9bb44ba6571b0cb81846) Importer(2089858483,0ecaa5967403d082aa24f35e1b516d23) [PhysX] Initialized MultithreadedTaskDispatcher with 32 workers.
 -> (artifact id: '0cc29b8d20a173ef8c1f8639a93b32a6') in 0.007009 seconds
Number of updated asset objects reloaded before import = 0
Number of asset objects unloaded after import = 1
========================================================================
Received Import Request.
  Time since last request: 0.000012 seconds.
  path: Assets/NGUI/Scripts/Internal/EventDelegate.cs
  artifactKey: Guid(c3f2106c60b06a74ab95b50f1fab1e83) Importer(2089858483,0ecaa5967403d082aa24f35e1b516d23)
Start importing Assets/NGUI/Scripts/Internal/EventDelegate.cs using Guid(c3f2106c60b06a74ab95b50f1fab1e83) Importer(2089858483,0ecaa5967403d082aa24f35e1b516d23) [PhysX] Initialized MultithreadedTaskDispatcher with 32 workers.
 -> (artifact id: 'c76463fdf86f449d0ba8a9d41b5c68cb') in 0.007796 seconds
Number of updated asset objects reloaded before import = 0
Number of asset objects unloaded after import = 1
========================================================================
Received Import Request.
  Time since last request: 0.000013 seconds.
  path: Assets/Plugins/Android/google-play-services_lib/res/drawable-xhdpi/common_signin_btn_text_pressed_light.9.png
  artifactKey: Guid(0e2044217e7a21b418447d48b40ce65c) Importer(2089858483,0ecaa5967403d082aa24f35e1b516d23)
Start importing Assets/Plugins/Android/google-play-services_lib/res/drawable-xhdpi/common_signin_btn_text_pressed_light.9.png using Guid(0e2044217e7a21b418447d48b40ce65c) Importer(2089858483,0ecaa5967403d082aa24f35e1b516d23) [PhysX] Initialized MultithreadedTaskDispatcher with 32 workers.
 -> (artifact id: '2e2411a9e42372546ba8f32f2bdf37b8') in 0.007782 seconds
Number of updated asset objects reloaded before import = 0
Number of asset objects unloaded after import = 1
========================================================================
Received Import Request.
  Time since last request: 0.000008 seconds.
  path: Assets/Plugins/Android/google-play-services_lib/res/values/wallet_attrs.xml
  artifactKey: Guid(ce1d6cc65641bff44b6ecaa68030319c) Importer(2089858483,0ecaa5967403d082aa24f35e1b516d23)
Start importing Assets/Plugins/Android/google-play-services_lib/res/values/wallet_attrs.xml using Guid(ce1d6cc65641bff44b6ecaa68030319c) Importer(2089858483,0ecaa5967403d082aa24f35e1b516d23) [PhysX] Initialized MultithreadedTaskDispatcher with 32 workers.
 -> (artifact id: '154dc4a27ab1872356f7503d2418befc') in 0.007725 seconds
Number of updated asset objects reloaded before import = 0
Number of asset objects unloaded after import = 1
========================================================================
Received Import Request.
  Time since last request: 0.000009 seconds.
  path: Assets/Plugins/Android/google-play-services_lib/res/drawable-xxhdpi/cast_ic_notification_on.png
  artifactKey: Guid(3d994df2886a5894f90a22c8f3f980ab) Importer(2089858483,0ecaa5967403d082aa24f35e1b516d23)
Start importing Assets/Plugins/Android/google-play-services_lib/res/drawable-xxhdpi/cast_ic_notification_on.png using Guid(3d994df2886a5894f90a22c8f3f980ab) Importer(2089858483,0ecaa5967403d082aa24f35e1b516d23) [PhysX] Initialized MultithreadedTaskDispatcher with 32 workers.
 -> (artifact id: 'bb0d11a00eed6a114cfabebd910ae62f') in 0.006708 seconds
Number of updated asset objects reloaded before import = 0
Number of asset objects unloaded after import = 1
========================================================================
Received Import Request.
  Time since last request: 0.000019 seconds.
  path: Assets/Plugins/Android/google-play-services_lib/res/drawable-xxhdpi/common_signin_btn_icon_pressed_light.9.png
  artifactKey: Guid(4059519be2f9e3241a17ba6a258922d3) Importer(2089858483,0ecaa5967403d082aa24f35e1b516d23)
Start importing Assets/Plugins/Android/google-play-services_lib/res/drawable-xxhdpi/common_signin_btn_icon_pressed_light.9.png using Guid(4059519be2f9e3241a17ba6a258922d3) Importer(2089858483,0ecaa5967403d082aa24f35e1b516d23) [PhysX] Initialized MultithreadedTaskDispatcher with 32 workers.
 -> (artifact id: '868b1bb405c50073bb8c921e145c8188') in 0.007588 seconds
Number of updated asset objects reloaded before import = 0
Number of asset objects unloaded after import = 1
========================================================================
Received Import Request.
  Time since last request: 0.000013 seconds.
  path: Assets/Plugins/Android/google-play-services_lib/res/values-ms-rMY/wallet_strings.xml
  artifactKey: Guid(0f07057cd9695534e8a7a4cbaafc1184) Importer(2089858483,0ecaa5967403d082aa24f35e1b516d23)
Start importing Assets/Plugins/Android/google-play-services_lib/res/values-ms-rMY/wallet_strings.xml using Guid(0f07057cd9695534e8a7a4cbaafc1184) Importer(2089858483,0ecaa5967403d082aa24f35e1b516d23) [PhysX] Initialized MultithreadedTaskDispatcher with 32 workers.
 -> (artifact id: '4cfa781f7e170e7a9f534f40d23572b5') in 0.007053 seconds
Number of updated asset objects reloaded before import = 0
Number of asset objects unloaded after import = 1
========================================================================
Received Import Request.
  Time since last request: 0.000021 seconds.
  path: Assets/Plugins/Android/google-play-services_lib/res/drawable-hdpi/common_signin_btn_icon_disabled_focus_dark.9.png
  artifactKey: Guid(bdaab94f1816ac64abb027f1feaf2f8f) Importer(2089858483,0ecaa5967403d082aa24f35e1b516d23)
Start importing Assets/Plugins/Android/google-play-services_lib/res/drawable-hdpi/common_signin_btn_icon_disabled_focus_dark.9.png using Guid(bdaab94f1816ac64abb027f1feaf2f8f) Importer(2089858483,0ecaa5967403d082aa24f35e1b516d23) [PhysX] Initialized MultithreadedTaskDispatcher with 32 workers.
 -> (artifact id: '2585f669903aef15b4b058c08da6d70a') in 0.006755 seconds
Number of updated asset objects reloaded before import = 0
Number of asset objects unloaded after import = 1
========================================================================
Received Import Request.
  Time since last request: 0.000030 seconds.
  path: Assets/Plugins/Android/google-play-services_lib/res/values-zh-rHK/common_strings.xml
  artifactKey: Guid(8197960abcfa8e84c8cf166e396ebd2a) Importer(2089858483,0ecaa5967403d082aa24f35e1b516d23)
Start importing Assets/Plugins/Android/google-play-services_lib/res/values-zh-rHK/common_strings.xml using Guid(8197960abcfa8e84c8cf166e396ebd2a) Importer(2089858483,0ecaa5967403d082aa24f35e1b516d23) [PhysX] Initialized MultithreadedTaskDispatcher with 32 workers.
 -> (artifact id: '308570519da62030bf6c50c48e09fe80') in 0.007877 seconds
Number of updated asset objects reloaded before import = 0
Number of asset objects unloaded after import = 1
========================================================================
Received Import Request.
  Time since last request: 0.000015 seconds.
  path: Assets/NGUI/Scripts/UI/UITexture.cs
  artifactKey: Guid(d5c5ca47aa5c01740810b7c66662099f) Importer(2089858483,0ecaa5967403d082aa24f35e1b516d23)
Start importing Assets/NGUI/Scripts/UI/UITexture.cs using Guid(d5c5ca47aa5c01740810b7c66662099f) Importer(2089858483,0ecaa5967403d082aa24f35e1b516d23) [PhysX] Initialized MultithreadedTaskDispatcher with 32 workers.
 -> (artifact id: '4972973d2a95866454fa55acf6e8151f') in 0.008842 seconds
Number of updated asset objects reloaded before import = 0
Number of asset objects unloaded after import = 1
========================================================================
Received Import Request.
  Time since last request: 0.000014 seconds.
  path: Assets/Plugins/Android/MainLibProj/libs/play-games-plugin-support.jar
  artifactKey: Guid(09cab4db56b584b7eb08fe468aa472ae) Importer(2089858483,0ecaa5967403d082aa24f35e1b516d23)
Start importing Assets/Plugins/Android/MainLibProj/libs/play-games-plugin-support.jar using Guid(09cab4db56b584b7eb08fe468aa472ae) Importer(2089858483,0ecaa5967403d082aa24f35e1b516d23) [PhysX] Initialized MultithreadedTaskDispatcher with 32 workers.
 -> (artifact id: 'fcbec03baedc2ec6d18a0956b7ffe48e') in 0.008668 seconds
Number of updated asset objects reloaded before import = 0
Number of asset objects unloaded after import = 1
========================================================================
Received Import Request.
  Time since last request: 0.000022 seconds.
  path: Assets/Plugins/Android/google-play-services_lib/res/drawable-mdpi/common_signin_btn_icon_normal_dark.9.png
  artifactKey: Guid(15f8ba76b1790ea4f85815a56c7bf36d) Importer(2089858483,0ecaa5967403d082aa24f35e1b516d23)
Start importing Assets/Plugins/Android/google-play-services_lib/res/drawable-mdpi/common_signin_btn_icon_normal_dark.9.png using Guid(15f8ba76b1790ea4f85815a56c7bf36d) Importer(2089858483,0ecaa5967403d082aa24f35e1b516d23) [PhysX] Initialized MultithreadedTaskDispatcher with 32 workers.
 -> (artifact id: 'eec275e0d0e547305b73df2d5be4e512') in 0.006755 seconds
Number of updated asset objects reloaded before import = 0
Number of asset objects unloaded after import = 1
========================================================================
Received Import Request.
  Time since last request: 0.000018 seconds.
  path: Assets/Plugins/Android/google-play-services_lib/res/values-da/common_strings.xml
  artifactKey: Guid(f10e26ec2cbaa2045a8d0d47e5b23ce2) Importer(2089858483,0ecaa5967403d082aa24f35e1b516d23)
Start importing Assets/Plugins/Android/google-play-services_lib/res/values-da/common_strings.xml using Guid(f10e26ec2cbaa2045a8d0d47e5b23ce2) Importer(2089858483,0ecaa5967403d082aa24f35e1b516d23) [PhysX] Initialized MultithreadedTaskDispatcher with 32 workers.
 -> (artifact id: 'a08b9ab7bd919585c951cf808109532e') in 0.009149 seconds
Number of updated asset objects reloaded before import = 0
Number of asset objects unloaded after import = 1
========================================================================
Received Import Request.
  Time since last request: 0.000057 seconds.
  path: Assets/Plugins/Android/google-play-services_lib/res/values-pl/common_strings.xml
  artifactKey: Guid(7ffbe4e1c9524f2488a752d7a966b3ad) Importer(2089858483,0ecaa5967403d082aa24f35e1b516d23)
Start importing Assets/Plugins/Android/google-play-services_lib/res/values-pl/common_strings.xml using Guid(7ffbe4e1c9524f2488a752d7a966b3ad) Importer(2089858483,0ecaa5967403d082aa24f35e1b516d23) [PhysX] Initialized MultithreadedTaskDispatcher with 32 workers.
 -> (artifact id: '43d8b4de75963912ec7e10120b89cc15') in 0.008438 seconds
Number of updated asset objects reloaded before import = 0
Number of asset objects unloaded after import = 1
========================================================================
Received Import Request.
  Time since last request: 0.000023 seconds.
  path: Assets/Plugins/Android/MainLibProj/AndroidManifest.xml
  artifactKey: Guid(e87bf05c5bde17c4980f280e5a32129f) Importer(2089858483,0ecaa5967403d082aa24f35e1b516d23)
Start importing Assets/Plugins/Android/MainLibProj/AndroidManifest.xml using Guid(e87bf05c5bde17c4980f280e5a32129f) Importer(2089858483,0ecaa5967403d082aa24f35e1b516d23) [PhysX] Initialized MultithreadedTaskDispatcher with 32 workers.
 -> (artifact id: '03ac722aaf6c047f520442d3a3744dac') in 0.018485 seconds
Number of updated asset objects reloaded before import = 0
Number of asset objects unloaded after import = 1
========================================================================
Received Import Request.
  Time since last request: 0.000045 seconds.
  path: Assets/Plugins/Android/google-play-services_lib/res/values-el/wallet_strings.xml
  artifactKey: Guid(878af07f68ced724c84967f0af1a2c6a) Importer(2089858483,0ecaa5967403d082aa24f35e1b516d23)
Start importing Assets/Plugins/Android/google-play-services_lib/res/values-el/wallet_strings.xml using Guid(878af07f68ced724c84967f0af1a2c6a) Importer(2089858483,0ecaa5967403d082aa24f35e1b516d23) [PhysX] Initialized MultithreadedTaskDispatcher with 32 workers.
 -> (artifact id: 'f6ffffdd7fb0919f10a7f8c223aaf847') in 0.011623 seconds
Number of updated asset objects reloaded before import = 0
Number of asset objects unloaded after import = 1
========================================================================
Received Prepare
Caller must complete domain reload
Begin MonoManager ReloadAssembly
Assembly 'Assets/ExternalDependencyManager/Editor/1.2.179/Google.IOSResolver.dll' will not be loaded due to errors:
Unable to resolve reference 'UnityEditor.iOS.Extensions.Xcode'. Is the assembly missing or incompatible with the current platform?
Reference validation can be disabled in the Plugin Inspector.
- Loaded All Assemblies, in  0.269 seconds
Native extension for UWP target not found
Native extension for WindowsStandalone target not found
Native extension for Android target not found
GPGSUpgrader start
UnityEngine.StackTraceUtility:ExtractStackTrace ()
UnityEngine.DebugLogHandler:LogFormat (UnityEngine.LogType,UnityEngine.Object,string,object[])
UnityEngine.Logger:Log (UnityEngine.LogType,object)
UnityEngine.Debug:Log (object)
GooglePlayGames.Editor.GPGSUpgrader:.cctor () (at Assets/GooglePlayGames/Editor/GPGSUpgrader.cs:38)
System.Runtime.CompilerServices.RuntimeHelpers:RunClassConstructor (System.RuntimeTypeHandle)
UnityEditor.EditorAssemblies:ProcessInitializeOnLoadAttributes (System.Type[])

(Filename: Assets/GooglePlayGames/Editor/GPGSUpgrader.cs Line: 38)

GPGSUpgrader done
UnityEngine.StackTraceUtility:ExtractStackTrace ()
UnityEngine.DebugLogHandler:LogFormat (UnityEngine.LogType,UnityEngine.Object,string,object[])
UnityEngine.Logger:Log (UnityEngine.LogType,object)
UnityEngine.Debug:Log (object)
GooglePlayGames.Editor.GPGSUpgrader:.cctor () (at Assets/GooglePlayGames/Editor/GPGSUpgrader.cs:57)
System.Runtime.CompilerServices.RuntimeHelpers:RunClassConstructor (System.RuntimeTypeHandle)
UnityEditor.EditorAssemblies:ProcessInitializeOnLoadAttributes (System.Type[])

(Filename: Assets/GooglePlayGames/Editor/GPGSUpgrader.cs Line: 57)

Mono: successfully reloaded assembly
- Finished resetting the current domain, in  0.276 seconds
Domain Reload Profiling: 543ms
	BeginReloadAssembly (109ms)
		ExecutionOrderSort (0ms)
		DisableScriptedObjects (3ms)
		BackupInstance (0ms)
		ReleaseScriptingObjects (0ms)
		CreateAndSetChildDomain (22ms)
	RebuildCommonClasses (20ms)
	RebuildNativeTypeToScriptingClass (7ms)
	initialDomainReloadingComplete (20ms)
	LoadAllAssembliesAndSetupDomain (111ms)
		LoadAssemblies (165ms)
		RebuildTransferFunctionScriptingTraits (0ms)
		AnalyzeDomain (5ms)
			TypeCache.Refresh (2ms)
				TypeCache.ScanAssembly (0ms)
			ScanForSourceGeneratedMonoScriptInfo (0ms)
			ResolveRequiredComponents (2ms)
	FinalizeReload (276ms)
		ReleaseScriptCaches (0ms)
		RebuildScriptCaches (0ms)
		SetupLoadedEditorAssemblies (179ms)
			LogAssemblyErrors (0ms)
			InitializePlatformSupportModulesInManaged (15ms)
			SetLoadedEditorAssemblies (3ms)
			RefreshPlugins (0ms)
			BeforeProcessingInitializeOnLoad (29ms)
			ProcessInitializeOnLoadAttributes (115ms)
			ProcessInitializeOnLoadMethodAttributes (13ms)
			AfterProcessingInitializeOnLoad (5ms)
			EditorAssembliesLoaded (0ms)
		ExecutionOrderSort2 (0ms)
		AwakeInstancesAfterBackupRestoration (4ms)
The Editor does not support 32-bit plugins. Assets/NGUI/Editor/x86/FreeType.dylib will not be available.
Refreshing native plugins compatible for Editor in 1.32 ms, found 1 plugins.
Preloading 0 native plugins for Editor in 0.00 ms.
Unloading 643 Unused Serialized files (Serialized files now loaded: 0)
Unloading 14 unused Assets / (201.9 KB). Loaded Objects now: 1149.
Memory consumption went from 66.2 MB to 66.0 MB.
Total: 1.740100 ms (FindLiveObjects: 0.054500 ms CreateObjectMapping: 0.009300 ms MarkObjects: 1.592900 ms  DeleteObjects: 0.082900 ms)

Prepare: number of updated asset objects reloaded= 0
AssetImportParameters requested are different than current active one (requested -> active):
  custom:scripting/monoscript/fileName/TypeCacheHelper.cs: c0779edd603459dc3742274167d572b5 -> 
  custom:scripting/monoscript/fileName/AdvertisingResult.cs: 8e2a212c467818e474379fef59969421 -> 
  custom:scripting/monoscript/fileName/BMSymbol.cs: 81c0243db6fb127bf6af10574981e063 -> 
  custom:scripting/monoscript/fileName/NGUIMath.cs: b7b7ef944595c21a781302057b9e3f9d -> 
  custom:scripting/monoscript/fileName/IEvent.cs: ad7fbab110cf5a2cd9e5c7aedde2cd1c -> 
  custom:scripting/monoscript/fileName/UnityTestAssemblyRunner.cs: 6329fd25aa4b3ce344b8f9506a5c2047 -> 
  custom:video-encoder-webm-vp8: eb34c28f22e8b96e1ab97ce403110664 -> 
  custom:scripting/monoscript/fileName/ByteReader.cs: c4e6f59633bfeda887db99353d554dc9 -> 
  custom:scripting/monoscript/fileName/AnimatedWidget.cs: 551bd0825ec4cf4e359e8097dbb7dc90 -> 
  custom:scripting/precompiled-assembly-types:Google.VersionHandler: af492aa11a371797f35c9b9e2e63f2b9 -> 
  custom:scripting/monoscript/fileName/ITestPlayerBuildModifier.cs: fe113c86bde5fdad424c8cc5e51fe0a4 -> 
  custom:scripting/monoscript/fileName/UdpSocket.cs: 7555d065f81d23e6604acb91cf79ddd6 -> 
  custom:scripting/monoscript/fileName/BMFontReader.cs: 4463eb6532eb75b32cdf508beb77c67d -> 
  custom:scripting/monoscript/fileName/GeneratorFactory.cs: e95f2d8d99ff452f8f55fc3dbdf8b3b5 -> 
  custom:scripting/monoscript/fileName/UITooltip.cs: 67602e1ad01f80f1d13fb353c2bb4c41 -> 
  custom:scripting/monoscript/fileName/LeaderboardScoreData.cs: 692c9ede4dbe88ebbfa99295d409bd24 -> 
  custom:scripting/monoscript/fileName/ScorePageToken.cs: ae39c429aa37cfad76078eed8f3bcdf4 -> 
  custom:scripting/monoscript/fileName/UIDragDropContainer.cs: e8f8b67111c9a6b0b2333827cd9b85bd -> 
  custom:scripting/monoscript/fileName/IPrebuildSceneSetup.cs: c89711320cb5af11897ec50fd61d4419 -> 
  custom:scripting/monoscript/fileName/RunData.cs: 772bee3d6504258eed6027a2ae076850 -> 
  custom:scripting/monoscript/fileName/CategoryFilterExtended.cs: fc9bf6f795e045112c18a4c1343c1ae1 -> 
  custom:scripting/monoscript/fileName/ResultsSavingCallbacks.cs: 96b4b28711ac58ce3dc199f3f7371922 -> 
  custom:scripting/monoscript/fileName/UIDragScrollView.cs: 2627e1975e7978cf227cd939c570f0a8 -> 
  custom:scripting/monoscript/fileName/RerunCallbackData.cs: 4e0f854372c4476a9269ddc9aa7c8edb -> 
  custom:video-decoder-webm-vp8: 9c59270c3fd7afecdb556c50c9e8de78 -> 
  custom:scripting/monoscript/fileName/AssetsDatabaseHelper.cs: e690d63c7b932a5efaeaf8c476198e75 -> 
  custom:scripting/monoscript/fileName/TestLauncherBase.cs: c78237b225a855d3af10df4cd8d6a1b2 -> 
  custom:scripting/monoscript/fileName/UIStretch.cs: 77ab6405565f362cd0206e79e584880b -> 
  custom:scripting/monoscript/fileName/GPGSUtil.cs: 505ced7a05ca78c40c2fad1b53541560 -> 
  custom:scripting/monoscript/fileName/EditorAssembliesProxy.cs: ef0f2d44f3e723650bf58ba30866667b -> 
  custom:scripting/monoscript/fileName/PostbuildCleanupAttributeFinder.cs: a060814a414a9bab17671800d815861d -> 
  custom:scripting/monoscript/fileName/UIScrollBar.cs: 4711e1fa15a55c8f194ca570420909d1 -> 
  custom:scripting/monoscript/fileName/PlaymodeTestsController.cs: 59c9d4597d46ecf4c6fbc8f49c64d0b9 -> 
  custom:scripting/monoscript/fileName/QuaternionEqualityComparer.cs: 0787e0a336d915c2829c2f55fd970a0d -> 
  custom:scripting/monoscript/fileName/TweenVolume.cs: ae42433aed9734585ab149385a2e80e3 -> 
  custom:scripting/monoscript/fileName/PatternLock.cs: 5e75b7c43c2f70390a13c7fd489ade21 -> 
  custom:scripting/monoscript/fileName/FloatEqualityComparer.cs: 6ddc5d5b0944c660e6b695f37c9febc8 -> 
  custom:scripting/monoscript/fileName/EnvelopContent.cs: 3414a1b56f4cff5ae0ba71375e2d3a4d -> 
  custom:scripting/monoscript/fileName/UIToggledObjects.cs: 1bf88810437bf974b409c671f24be4d0 -> 
  custom:scripting/monoscript/fileName/UIButtonScale.cs: 74c49ec3ee161dd27538d062f5cbf0d6 -> 
  custom:scripting/monoscript/fileName/ITestAdaptor.cs: 1f6228260995615097fc339d08bee2f4 -> 
  custom:scripting/monoscript/fileName/RequirePlatformSupportAttribute.cs: 6918694e41aa1ffd5ee72bd04646d4bb -> 
  custom:scripting/monoscript/fileName/AndroidClient.cs: 622f3c26ea4b05ef3a7d84f5fddb2591 -> 
  custom:scripting/precompiled-assembly-types:Google.PackageManagerResolver: 4d3ba64faf478d3f105d5a37f0ddde42 -> 
  custom:scripting/monoscript/fileName/ResultSummarizer.cs: fcfdcb2adeeb82cb8f411b44b44abdb0 -> 
  custom:scripting/monoscript/fileName/RemoteTestResultDataFactory.cs: 875f30f4d57949231d64836d9e348a72 -> 
  custom:scripting/monoscript/fileName/ComponentSelector.cs: 7be8decb2625c1ae64b022589fc45d58 -> 
  custom:scripting/monoscript/fileName/UIButtonMessage.cs: 8f53ff1b03761563c74f300d5f0e2f93 -> 
  custom:scripting/monoscript/fileName/CardData.cs: f1e4023737e4704eef1628fd1fc3dd99 -> 
  custom:scripting/monoscript/fileName/UISpriteData.cs: 035b56cf13eb963532ed6d9c197d4f1b -> 
  custom:scripting/monoscript/fileName/LegacyStyleProjectGeneration.cs: 4858a0ab74312ccaa3ff27a510a9d575 -> 
  custom:scripting/monoscript/fileName/UIGridEditor.cs: 137d00e8fd96b4ca14fbf2e1dfe06802 -> 
  custom:scripting/monoscript/fileName/Player.cs: ae74977d4d699cf2b9122b36e8b53a1a -> 
  custom:scripting/monoscript/fileName/TweenColor.cs: 899c64e869173522040eb4a05b858966 -> 
  custom:scripting/monoscript/fileName/NGUIHandles.cs: d72f992180f50b96d5f8fa239d902d9b -> 
  custom:scripting/monoscript/fileName/OuterUnityTestActionCommand.cs: 36c13d7d2a2c5c2f372e7b1c0cc06d4d -> 
  custom:scripting/monoscript/fileName/UIEventTrigger.cs: 2cbb789551f08d60e6ac2d44a6c8c123 -> 
  custom:scripting/monoscript/fileName/TestJobDataHolder.cs: 2c9edeeac80ff44e86cac8087411d260 -> 
  custom:scripting/monoscript/fileName/TypewriterEffectEditor.cs: 6553ce63f1d34d917afaf65a6cf39831 -> 
  custom:scripting/monoscript/fileName/UnityTestAttribute.cs: a53f050fb661d50bb6c962963a554f8e -> 
  custom:scripting/monoscript/fileName/FileUtility.cs: 2ac32d1be3995576c010e03a17edbd93 -> 
  custom:scripting/monoscript/fileName/CardEdit.cs: 71f08cc036ed36ef34eb8d65b1421ced -> 
  custom:scripting/monoscript/fileName/TestListTreeViewGUI.cs: bf873c97e960a33b0be65a5b638e7ff5 -> 
  custom:scripting/monoscript/fileName/TestListCache.cs: ff7c7e6ac29ad86c5fe33a64ed0d2f4f -> 
  custom:scripting/monoscript/fileName/ExceptionEventArgs.cs: 27cb4c00a4137b184e01164606c88685 -> 
  custom:scripting/monoscript/fileName/EditModeRunnerCallback.cs: 8a8dedaa2bec26f26744df4ec8e2f191 -> 
  custom:scripting/monoscript/fileName/EnterPlayMode.cs: c730bf9ff77514bb260ba9933378e49c -> 
  custom:scripting/monoscript/fileName/ITestSuiteModifier.cs: 4374b14ce25f3e6c8b983b3d579e38b4 -> 
  custom:scripting/monoscript/fileName/UIEventTriggerEditor.cs: 22670de97d433e2a25061703bb7a86e9 -> 
  custom:scripting/monoscript/fileName/UnityTestMethodCommand.cs: ccfa8ff8b49ded2664d646e8ee3d5ff4 -> 
  custom:scripting/monoscript/fileName/Filter.cs: 935824dbebf762a19f2d4c4751625fe2 -> 
  custom:scripting/monoscript/fileName/UIRect.cs: e94afd4a2fcc6384a44f00cc2c25b6c3 -> 
  custom:scripting/monoscript/fileName/TestJobRunner.cs: 1c3d9f2bfcdac33a01c4bb25c392ab4f -> 
  custom:scripting/monoscript/fileName/TestRunnerCallback.cs: 61231fce5590e38bfc5e9165e9803d8b -> 
  custom:scripting/monoscript/fileName/IRemoteTestResultDataFactory.cs: 75d430448dca0118dc834f9aa964be1e -> 
  custom:scripting/monoscript/fileName/TweenTransformEditor.cs: bda13f1e1ad289217c624031991c6696 -> 
  custom:scripting/monoscript/fileName/UIPlayTween.cs: 74b2d11331ec60da374ccb93b1e46b6f -> 
  custom:scripting/monoscript/fileName/CompositeWorkItem.cs: bc884a89fde61fa75209209a03bbd836 -> 
  custom:scripting/monoscript/fileName/ISavedGameMetadata.cs: 2ba930ee40b5c4b7beb3ec029b2bde53 -> 
  custom:scripting/monoscript/fileName/CRandom.cs: 4782f7f8005679f4ddfec003c0009674 -> 
  custom:scripting/monoscript/fileName/Event.cs: de3430aa939d03a39b314602c89e442b -> 
  custom:scripting/monoscript/fileName/TestRunnerUIFilter.cs: 15cddad256d0a7abe9cb58af110bbb72 -> 
  custom:scripting/monoscript/fileName/CardView.cs: 351ef24ad7a64b206f59f28997be7eca -> 
  custom:scripting/monoscript/fileName/GPGSUpgrader.cs: 8521997bf017854e82cfe90f7fbd9aec -> 
  custom:scripting/monoscript/fileName/UIInputOnGUI.cs: adcd932c033d9cf7547da5f4c6dbdf48 -> 
  custom:scripting/monoscript/fileName/UIPopupList.cs: f6dc9e32932c32adb37c73f72960b353 -> 
  custom:scripting/monoscript/fileName/SignInHelper.cs: cb0381fc24664c2ad76deaa02bce3b35 -> 
  custom:scripting/monoscript/fileName/RunFinishedData.cs: a22f15c3a79d1f15ccc31ec29ab37874 -> 
  custom:scripting/monoscript/fileName/UIOrthoCamera.cs: cb8f78c44b992a580368163501ddbf0d -> 
  custom:scripting/monoscript/fileName/OpenIABClient.cs: 8b0ee76d9b4811c2ec2579fdd6a8aa7f -> 
  custom:scripting/monoscript/fileName/TweenWidthEditor.cs: d68171b583c6a3458268a111082294be -> 
  custom:scripting/monoscript/fileName/PerformUndoTask.cs: f38e53873dc9c7e638622dda18102b41 -> 
  custom:scripting/monoscript/fileName/IEventsClient.cs: df75b65e8a2f4eedd3c75ce719331977 -> 
  custom:scripting/precompiled-assembly-types:Unity.VisualStudio.Editor: 865306e684a8a0de31c5b3eaf4fcb298 -> 
  custom:scripting/monoscript/fileName/UIPlaySound.cs: 86d33ba7d1cd136a68e36d7356016e6b -> 
  custom:scripting/monoscript/fileName/UICenterOnClick.cs: e48f3d2bda5604eaef7831b53fe26111 -> 
  custom:scripting/monoscript/fileName/FailCommand.cs: e0622be95cb9f4c04ff53066589d6d7e -> 
  custom:scripting/monoscript/fileName/AndroidVideoClient.cs: 76a983f69777a21c04d4f224991e19e2 -> 
  custom:scripting/monoscript/fileName/EndpointDetails.cs: 2dcb55edadfd4c737fb9de806546f03d -> 
  custom:scripting/monoscript/fileName/UnityTearDownAttribute.cs: d90d4ba0821a80f48bd6cec8eab8964f -> 
  custom:scripting/monoscript/fileName/ITestRunnerApi.cs: a476c74c9cbf5732bdfc8c88b9702476 -> 
  custom:scripting/monoscript/fileName/RemoteTestResultReciever.cs: 3396dcbdb7cfcd933b2182fbc1532e1a -> 
  custom:scripting/monoscript/fileName/TestPlatform.cs: 63c69f9b78d9a1c2cdf167569fd572b6 -> 
  custom:scripting/monoscript/fileName/UIPrefabTool.cs: 5233090f53f655231152de75111a33bd -> 
  custom:scripting/monoscript/fileName/VisualStudioIntegration.cs: f9e623c49f9f20ea97a4519aa48d72d4 -> 
  custom:scripting/monoscript/fileName/UIDraggableCamera.cs: 56e75439f33159b0b1576e7509968fc3 -> 
  custom:audio-decoder-ogg-vorbis: bf7c407c2cedff20999df2af8eb42d56 -> 
  custom:scripting/monoscript/fileName/TweenVolumeEditor.cs: 1f755e7b401527ac93686205fb255940 -> 
  custom:scripting/monoscript/fileName/UIInput.cs: ce829dca34f7f44ad26565290bd75a54 -> 
  custom:scripting/monoscript/fileName/Misc.cs: 9657932ef5e42bf3803800c7001316c6 -> 
  custom:scripting/monoscript/fileName/RemotePlayerTestController.cs: a065d8dd9dff07ee3c40c0e473a65f06 -> 
  custom:scripting/monoscript/fileName/Vector4EqualityComparer.cs: 998bf018f3e79a3b4501bebf13133ef3 -> 
  custom:scripting/monoscript/fileName/PlayModeTestListGUI.cs: 9528035223f9376ea8c5bf32da2d30c1 -> 
  custom:scripting/monoscript/fileName/UICamera.cs: b3020f8b15d595faad76227d794ce799 -> 
  custom:scripting/monoscript/fileName/Image.cs: 4bdb6020842dc54a8e0a23ee7fb842e6 -> 
  custom:video-decoder-ogg-theora: a1e56fd34408186e4bbccfd4996cb3dc -> 
  custom:scripting/monoscript/fileName/ExitPlayMode.cs: f2eb63cb1a92bddb334eb5c2d75abc43 -> 
  custom:scripting/monoscript/fileName/UIImageButtonInspector.cs: 9b311fdf84e5b225dcefbe81a85caf07 -> 
  custom:scripting/monoscript/fileName/AnimatedAlpha.cs: bac31a5f8f53bdc197e78a623c9b52a0 -> 
  custom:scripting/monoscript/fileName/EditorLoadedTestAssemblyProvider.cs: 406b39f61e53aa4b6c435e30af6b5276 -> 
  custom:scripting/monoscript/fileName/UIAnchorEditor.cs: 8b56c49bbcd9fae229320cfea4e274a6 -> 
  custom:scripting/monoscript/fileName/UIBasicSprite.cs: f4c96275a0ccbf48cca6e46c3b873823 -> 
  custom:scripting/monoscript/fileName/B64X.cs: 3ac1e42c196f400b484d683a5f0afd75 -> 
  custom:scripting/monoscript/fileName/UIRootEditor.cs: c14715b7eb7373d0dbec3804cc4a0fd1 -> 
  custom:scripting/monoscript/fileName/TweenColorEditor.cs: 6506b396aaaf7f687704a81f470b8aae -> 
  custom:scripting/monoscript/fileName/PlatformUtils.cs: dbff6ae7e1009a480ae718fcca723385 -> 
  custom:scripting/monoscript/fileName/TweenFOV.cs: cc356dc317c133fa1f52722c400ab7e8 -> 
  custom:scripting/monoscript/fileName/IStateSerializer.cs: 2c22f7cb714163eee04bfe4b72ec4957 -> 
  custom:scripting/monoscript/fileName/RemoteTestResultData.cs: 68a2b51f8872b9ef697b2155d9835735 -> 
  custom:scripting/monoscript/fileName/Cli.cs: d287e08b50f2cb135aa4d7f8e01b7ef9 -> 
  custom:scripting/monoscript/fileName/UIForwardEventsEditor.cs: 129cf77bc1a99a8b9a27cb37cf41b996 -> 
  custom:scripting/monoscript/fileName/SpringPanel.cs: 4def0f0830fed06c99e42d5b3a56d6c2 -> 
  custom:scripting/monoscript/fileName/UnityTestProtocolListener.cs: 0d4d2ab58d3a081f00c0f200ee8696be -> 
  custom:scripting/monoscript/fileName/INearbyConnectionClient.cs: bbad27163196b787a8e5d304725ca27e -> 
  custom:scripting/monoscript/fileName/NGUIText.cs: 3eb744220b2c46c0ca97dc76aa88a941 -> 
  custom:scripting/monoscript/fileName/IAssemblyLoadProxy.cs: 10a2bd4f9f1d29ac107ff7e510533c16 -> 
  custom:scripting/monoscript/fileName/MessageEventArgs.cs: 528473bbcee3623fe954627c6bfadd2e -> 
  custom:scripting/monoscript/fileName/TweenTransform.cs: efdc47dc167b6e67f73e7354ce7c524a -> 
  custom:scripting/monoscript/fileName/UnityTestProtocolStarter.cs: e4b107bc354fd6dcbd62420da6500b7c -> 
  custom:scripting/monoscript/fileName/RuntimeTestLauncherBase.cs: 9c570bd0d91da3e5211e4436ad92314b -> 
  custom:scripting/monoscript/fileName/UIWrapContent.cs: 17176783ad986276f1d7b2fa311b97c3 -> 
  custom:scripting/monoscript/fileName/AndroidSnapshotMetadata.cs: 8a0aec66cc637a4c0fdfe16106a5608e -> 
  custom:scripting/monoscript/fileName/TweenHeight.cs: 92394df033c23e9fd79c7381d3302578 -> 
  custom:scripting/monoscript/fileName/PlayGamesAchievement.cs: 2cc796da06ab20c9c2704b2888e134e0 -> 
  custom:scripting/monoscript/fileName/iVideoClient.cs: e75247745889906fa81829d289e64e3b -> 
  custom:scripting/monoscript/fileName/SolutionProperties.cs: ab8751e49ae2f3d9994444a0a38619bd -> 
  custom:scripting/monoscript/fileName/NGUITools.cs: 5f4de3785bf631567c6f81c5390b54a7 -> 
  custom:scripting/monoscript/fileName/TweenFOVEditor.cs: 58402b0950a93f072ae90857e97ad3ca -> 
  custom:scripting/monoscript/fileName/UITable.cs: 3e0dff75ea4525bcc87e336912f3eef5 -> 
  custom:scripting/monoscript/fileName/UITextList.cs: 44e20a733fc3f19283d61845f0ada688 -> 
  custom:scripting/monoscript/fileName/UIButton.cs: eb2c82f74ea0a4f74be09542cc86092b -> 
  custom:scripting/monoscript/fileName/IMonoBehaviourTest.cs: 93dca3fac2d68012529173d3e7bc10a2 -> 
  custom:scripting/monoscript/fileName/UIKeyNavigation.cs: 639ff35a0a0434939839a69bd6ed282f -> 
  custom:scripting/monoscript/fileName/EditModeLauncher.cs: 9a2b5bcdc6140673378e5f8105411606 -> 
  custom:scripting/monoscript/fileName/MonoBehaviourTest.cs: 90647cc400823b41df847a6cbfc29026 -> 
  custom:scripting/monoscript/fileName/CoroutineTestWorkItem.cs: 8a69ee5c1adc29acc0a66cb7df14cbcf -> 
  custom:scripting/monoscript/fileName/TestActionCommand.cs: 753f99c04dd69dc2a43030237870dd1f -> 
  custom:scripting/monoscript/fileName/Utils.cs: 40c528c300bfc0733192292a788cb076 -> 
  custom:scripting/monoscript/fileName/ProjectGeneration.cs: 214ca3c28296f47a7d19f1fd999fc81d -> 
  custom:scripting/monoscript/fileName/GPGSIds.cs: ca9bc32122f555cb76ec026f1c336068 -> 
  custom:audio-encoder-webm-vorbis: bf7c407c2cedff20999df2af8eb42d56 -> 
  custom:scripting/monoscript/fileName/TestRunnerApi.cs: c95fe169deea2b7a18c185e8b5613c7e -> 
  custom:scripting/monoscript/fileName/UIKeyBinding.cs: 56809e0feb36a320f0c0bb134cfc77fc -> 
  custom:scripting/monoscript/fileName/ResultsWriter.cs: 746214782064f32efde31c48d7caa76f -> 
  custom:scripting/monoscript/fileName/UICameraTool.cs: 5996a6978990dcfe75e6c4f878f9b3b1 -> 
  custom:scripting/monoscript/fileName/GuiHelper.cs: 7bbb51d455f8994ae6185c7dee04068a -> 
  custom:scripting/monoscript/fileName/LuminPlatformSetup.cs: e65a295a4e58fc042cc74afa9243a080 -> 
  custom:scripting/monoscript/fileName/UIRoot.cs: c8509021f30ac2e6379e5d5ab02e1834 -> 
  custom:scripting/monoscript/fileName/BuildActionTaskBase.cs: 90647cc400823b41df847a6cbfc29026 -> 
  custom:scripting/monoscript/fileName/Solution.cs: 8bc97d0abd509f39b67b3a5bbac1b9a1 -> 
  custom:scripting/monoscript/fileName/TestMustExpectAllLogsAttribute.cs: cdf1c75549affd080e0ddbde5bcb7c34 -> 
  custom:scripting/monoscript/fileName/UILabelInspector.cs: 58527579bf367a2123e00d10f10629e5 -> 
  custom:scripting/monoscript/fileName/ITestRunnerListener.cs: d52675266925b8e603f210be3981d59b -> 
  custom:scripting/monoscript/fileName/TestBuildAssemblyFilter.cs: 056870da734fd8ecf77d00737a22149f -> 
  custom:scripting/monoscript/fileName/ConditionalIgnoreAttribute.cs: 9f2f3d4c6b56d5f470ccdd0e1820d51b -> 
  custom:scripting/monoscript/fileName/EditorAssemblyWrapper.cs: 8682dbb48030d53c622cd194bfa9e87d -> 
  custom:scripting/monoscript/fileName/UIFontInspector.cs: 47697aaa553f5f25f921e9d3df4543c9 -> 
  custom:scripting/monoscript/fileName/TweenRotation.cs: 5e9a32e29d2829b51b639c733206ee6b -> 
  custom:scripting/monoscript/fileName/BaseDelegator.cs: d270baecbc007d1328bc5c9991d1dea9 -> 
  custom:scripting/monoscript/fileName/UIButtonColorEditor.cs: d9745401eb00af34026d0827cea7498f -> 
  custom:scripting/monoscript/fileName/TestRunnerCallbacks.cs: 5627cb9f4ed769fba607b0cab8e9e63d -> 
  custom:scripting/monoscript/fileName/UIButtonColor.cs: fb9ad2fb817035e2912cc0150ee4edec -> 
  custom:scripting/monoscript/fileName/TestSettings.cs: d583ccee803a035f2d53ba29374aac19 -> 
  custom:scripting/monoscript/fileName/IUtpMessageReporter.cs: e8e6a62b6032a5642706a62156dd8314 -> 
  custom:scripting/monoscript/fileName/TestRunCallbackListener.cs: 15fa13086a2949901b1e4a3584b83cd8 -> 
  custom:scripting/monoscript/fileName/UIColorPicker.cs: f6b1ede632dd3e779c2a9cf28190398c -> 
  custom:scripting/monoscript/fileName/IOuterUnityTestAction.cs: 58e7f8b884a5d88e319b8f448f29bfdb -> 
  custom:scripting/precompiled-assembly-types:Assembly-CSharp-Editor: 5aa3623a2d0fb88c336340dbf3eeb93a -> 
  custom:scripting/monoscript/fileName/TestResultRendererCallback.cs: 215106b260625bb3e26681b849d9307d -> 
  custom:scripting/monoscript/fileName/RequireApiProfileAttribute.cs: 4cce4894a0d08ef40fd237b8e50d1caa -> 
  custom:scripting/monoscript/fileName/ConnectionRequest.cs: 3e19a3c7794e5ef65de7349c45a22c17 -> 
  custom:scripting/monoscript/fileName/RealTime.cs: 0cd598bb2da74d2315435fc4923a60a2 -> 
  custom:scripting/monoscript/fileName/UIWidget.cs: 3fc721c62137c109d3b90fcaa4ff4920 -> 
  custom:scripting/monoscript/fileName/SynchronousFilter.cs: b84da53d6d10348793b3683f19a6d4b3 -> 
  custom:scripting/monoscript/fileName/AndroidNearbyConnectionClient.cs: 4c1a4fddfc2b902e44184f36d654e88b -> 
  custom:scripting/monoscript/fileName/GameShop.cs: ea161b395710f47ae2b071ac42606969 -> 
  custom:scripting/monoscript/fileName/CleanupVerificationTask.cs: 12e81b196e7eac521f1ae8e0411b3d28 -> 
  custom:scripting/monoscript/fileName/LegacyEditModeRunTask.cs: 2b5f09ef7f63773ca676d71969800516 -> 
  custom:scripting/monoscript/fileName/UIScrollView.cs: c923bd63a76d06b3af816ef0dc9d178d -> 
  custom:scripting/monoscript/fileName/UICenterOnChild.cs: c4b2f5e453989c54892901705a43d872 -> 
  custom:scripting/monoscript/fileName/IEditorCompilationInterfaceProxy.cs: b1e49de3ac2ed1feea91c5f6846d6e49 -> 
  custom:scripting/monoscript/fileName/IErrorCallbacks.cs: fd7a49712e8a919d38dd0fddef8872df -> 
  custom:scripting/monoscript/fileName/UIDragObject.cs: 45b729a90a5705d6a6d1c35773ad88e9 -> 
  custom:scripting/monoscript/fileName/IEditModeTestYieldInstruction.cs: ad49fb85f2d4ed0badb27552deac0771 -> 
  custom:SearchIndexIgnoredProperties: e643bd26f0fe6173181afceb89e7c659 -> 
  custom:scripting/monoscript/fileName/TouchSlider.cs: 86645e8d1721c993ee689e8285aa0c5b -> 
  custom:scripting/monoscript/fileName/IScriptingRuntimeProxy.cs: c75af2a6ef439df9f19f151aeb5749ea -> 
  custom:scripting/monoscript/fileName/TestFilterSettings.cs: 5275be823d4854688aedadf9bf48dfa8 -> 
  custom:scripting/monoscript/fileName/EventDelegateDrawer.cs: c6ca23e042ca490a03fb928b61b8b77f -> 
  custom:scripting/monoscript/fileName/UISpriteAnimation.cs: a9d24d8c09ba9a74287fbca317f99202 -> 
  custom:scripting/monoscript/fileName/UIBasicSpriteEditor.cs: 8e65aff9b6833dd08fe7f20d50184f61 -> 
  custom:scripting/monoscript/fileName/KnownAssemblies.cs: 286bea9f8fcee5e392f6fc0f0cd541c8 -> 
  custom:scripting/monoscript/fileName/EnumerableRepeatedTestCommand.cs: dbdc4517e80e66a31f48ce40e06931f2 -> 
  custom:scripting/monoscript/fileName/PropertyReference.cs: 2d71b4b10e12fb21a0d35ed453b38171 -> 
  custom:scripting/monoscript/fileName/TestRunnerApiListener.cs: cc17cec8825a8f933d6ecbd68d51f1de -> 
  custom:scripting/monoscript/fileName/SimpleJSON.cs: 70c028a07c79c166db015acda1282d86 -> 
  custom:scripting/monoscript/fileName/ProjectProperties.cs: 407063898a13eaad2cd100e43551c6b5 -> 
  custom:scripting/monoscript/fileName/FreeType.cs: b7c0590afcfd5ecd906dccabd882eaaf -> 
  custom:scripting/monoscript/fileName/UIAtlasMaker.cs: f5d627f0300584a9992a401e9c884f80 -> 
  custom:scripting/monoscript/fileName/PlayGamesLocalUser.cs: 9045fc915278ce40a01ceb6cb6ffa7e7 -> 
  custom:scripting/monoscript/fileName/UIDragCamera.cs: 62e252121bf8f670211bb40b090b8d8c -> 
  custom:scripting/monoscript/fileName/EditModeLauncherContextSettings.cs: d1e413330d98a9101237ccbe91f95dea -> 
  custom:scripting/monoscript/fileName/UnityWorkItemDataHolder.cs: 94e44d74f673f889418b2b9926b6615c -> 
  custom:scripting/monoscript/fileName/PlatformSpecificSetup.cs: 0a7f9c0b27ae370d8bd5d3df4916ae28 -> 
  custom:scripting/monoscript/fileName/PlayerQuitHandler.cs: b4085dee8fd70ae04ac96945fafed489 -> 
  custom:scripting/monoscript/fileName/CachingTestListProvider.cs: bfcb79acce43a93633071168c814d063 -> 
  custom:scripting/monoscript/fileName/Symbols.cs: 27613575e8bda8a6448f80ff27c488f9 -> 
  custom:scripting/monoscript/fileName/IPostBuildCleanup.cs: 8d43f6dbc44addb43106f91d15047771 -> 
  custom:scripting/monoscript/fileName/ExitCallbacks.cs: 716173503afdef0ae4c4023adba1972e -> 
  custom:scripting/monoscript/fileName/AsyncOperation.cs: 90647cc400823b41df847a6cbfc29026 -> 
  custom:scripting/monoscript/fileName/CommandLineOption.cs: 211f73ad4421274a5a418608b74cc839 -> 
  custom:scripting/monoscript/fileName/VersionPair.cs: 88b4a0b7e953537f26ded0a68cf4c238 -> 
  custom:scripting/monoscript/fileName/TweenHeightEditor.cs: 8e754199c964d806aa2caf0bd6c809bd -> 
  custom:scripting/monoscript/fileName/PlaymodeTestsControllerSettings.cs: 90cec9ec9d50d9e797d7b80fa88b49ed -> 
  custom:scripting/monoscript/fileName/ICallbacksHolder.cs: 790e89a97c8150c3044e584386d3ba9a -> 
  custom:scripting/monoscript/fileName/Logger.cs: 6c47204b9fd949d7c4c60eac633cb240 -> 
  custom:scripting/monoscript/fileName/UnityPlatformAttribute.cs: e79555e200698f1b55c6c54851cd369e -> 
  custom:scripting/monoscript/fileName/FileIOProvider.cs: c6be7d53b71e2f5ee2ecc596b7a7eb95 -> 
  custom:scripting/monoscript/fileName/UICreateWidgetWizard.cs: f6fcb5de3b5378f74a96c101307b2287 -> 
  custom:scripting/monoscript/fileName/PlayerLauncher.cs: c1129f48ad00377c128c470482bb7e8e -> 
  custom:scripting/monoscript/fileName/UnityCombinatorialStrategy.cs: e857e6faada8b59173cb249a8a6be6fa -> 
  custom:scripting/monoscript/fileName/UI2DSpriteEditor.cs: 3fb9768dc6802b3b4a7930dc78afa73c -> 
  custom:scripting/monoscript/fileName/ImmediateEnumerableCommand.cs: 89dd27d23dccf969b99d79611e8fed9a -> 
  custom:container-demuxer-ogg: 62fdf1f143b41e24485cea50d1cbac27 -> 
  custom:scripting/monoscript/fileName/SdkStyleProjectGeneration.cs: bbd8a39d16aad1a0b8d5240b1f43f4a4 -> 
  custom:scripting/monoscript/fileName/PrebuildSetupTask.cs: a4e888a510b1441a257b12183e59237b -> 
  custom:scripting/monoscript/fileName/UISliderEditor.cs: 4441b536e14f4147ff2d4af73dedcd2a -> 
  custom:scripting/monoscript/fileName/TestStarter.cs: d1bc3fba65bb4735afc3828355ea6c72 -> 
  custom:scripting/monoscript/fileName/GPGSDocsUI.cs: 705e49df51da94d0c953d8fe3e0f8001 -> 
  custom:scripting/monoscript/fileName/UIDrawCallInspector.cs: 359616bdc2ab425ce446d8a220e42d2e -> 
  custom:scripting/monoscript/fileName/TweenScale.cs: f2b02a0768010ca500d463b9068e5cd3 -> 
  custom:scripting/monoscript/fileName/ApplePlatformSetup.cs: 0ceeffeb4378c50fe08ff9b5d16a73f3 -> 
  custom:scripting/monoscript/fileName/Cloud.cs: 4002f15ca028c74791216b8484dc14be -> 
  custom:scripting/monoscript/fileName/UnexpectedLogMessageException.cs: a7bbf32861c66018271b093fc1d1061b -> 
  custom:AudioImporter_EditorPlatform: d09bf68614088b80899f8185d706f6e7 -> 
  custom:scripting/monoscript/fileName/EnumerableSetUpTearDownCommand.cs: 16b603dbb9724508977696171a42991f -> 
  custom:scripting/monoscript/fileName/PluginVersion.cs: f2f7d8279b922a92d52d004c8b6724f5 -> 
  custom:scripting/monoscript/fileName/CardSlot.cs: c307676f29adc43a66beb8621afc30e0 -> 
  custom:scripting/monoscript/fileName/RerunCallback.cs: ffe49cf602017087ffa7749d06513ace -> 
  custom:scripting/monoscript/fileName/CoroutineRunner.cs: 846507eaccf9841c799a02861e075d47 -> 
  custom:scripting/monoscript/fileName/UISoundVolume.cs: 982f1c204d222800f1236dbe43bb8ad0 -> 
  custom:scripting/monoscript/fileName/EnumerableTestMethodCommand.cs: 9040b48595c4d63d6c1126d81d3f1105 -> 
  custom:scripting/monoscript/fileName/UILabel.cs: 3020631aca05ae97ebc18b2cec44f76f -> 
  custom:scripting/monoscript/fileName/UIForwardEvents.cs: 5451434ddc8c685fe01572d8ff4f16cb -> 
  custom:scripting/monoscript/fileName/CommonTypes.cs: 60dc8a0e07d863d523b691764a3213ea -> 
  custom:scripting/monoscript/fileName/PropertyReferenceDrawer.cs: 3db96870517289c91130d9364657501c -> 
  custom:scripting/monoscript/fileName/ConstructDelegator.cs: c271ca33e5434ac87e82546dd149c303 -> 
  custom:scripting/monoscript/fileName/DummyClient.cs: d06457f579622d5ee55c8bdb0a05ee67 -> 
  custom:scripting/monoscript/fileName/TweenFill.cs: 5f10def1f15341f6a8867159b3ef8d1c -> 
  custom:scripting/precompiled-assembly-types:Google.JarResolver: df0f221c4485c33ea69649239d6744a2 -> 
  custom:scripting/monoscript/fileName/EditorCompilationInterfaceProxy.cs: 12bc7b3dd0ab2ff83629d76ca37d0d4d -> 
  custom:scripting/monoscript/fileName/PlayGamesClientFactory.cs: 6decc7e06b28b64e5bcb77e0ca83cf96 -> 
  custom:scripting/monoscript/fileName/ActiveAnimationEditor.cs: 34d113f49af27a7dd1cbdec0d69d239c -> 
  custom:scripting/monoscript/fileName/UIGeometry.cs: aaec24af1fa5e17fffd91b4166f03af5 -> 
  custom:scripting/monoscript/fileName/UI2DSprite.cs: a547c4afec91ff2e7e380d908e0757a7 -> 
  custom:scripting/monoscript/fileName/AndroidTaskUtils.cs: fad394034cf593abfad08b9b56ca1bf1 -> 
  custom:CustomObjectIndexerAttribute: 9a22284fe3817be447336de3de66b15e -> 
  custom:scripting/monoscript/fileName/TestResultAdaptor.cs: fb4db3971d5379750cda884e7e44e3e4 -> 
  custom:scripting/monoscript/fileName/PlayerLauncherTestRunSettings.cs: ac04d6a6a9c6380f318071a2f4da8a2f -> 
  custom:scripting/monoscript/fileName/TestListTreeViewDataSource.cs: 153f0d5d9a6099f80f6d26e9c0ad6b7d -> 
  custom:scripting/monoscript/fileName/TestRunCallbackAttribute.cs: c61459d4a70eab5bd767d5a1f82f55d8 -> 
  custom:scripting/monoscript/fileName/PostBuildCleanupAttribute.cs: 71391ff444f943d9ad8dd0d42b7ac81f -> 
  custom:scripting/monoscript/fileName/UnityLogCheckDelegatingCommand.cs: 410acedf83a5c4e9d5a212b5635d0c88 -> 
  custom:scripting/monoscript/fileName/PlayGamesHelperObject.cs: c10c45392870dd1d957c11994e8b81f3 -> 
  custom:framework-win-MediaFoundation: 216162199b28c13a410421893ffa2e32 -> 
  custom:scripting/monoscript/fileName/UIDrawCall.cs: 2bea9a6f7468ddd9b6f5795ccb24533d -> 
  custom:scripting/monoscript/fileName/TestPlayerBuildModifierAttribute.cs: d4ffc53911ef24dec9dc901e0444a77b -> 
  custom:scripting/monoscript/fileName/Achievement.cs: 60d0ae0afd3e93570982eda07eaec834 -> 
  custom:scripting/monoscript/fileName/ITestListCache.cs: 93f202374a8dd6602503d990ab2feb72 -> 
  custom:scripting/monoscript/fileName/BMFont.cs: 5d81f803d8c16b3e4b35f4caf6e85d9f -> 
  custom:scripting/monoscript/fileName/StacktraceFilter.cs: 2f4728b5b8f653bd2197ec8c4b722e7d -> 
  custom:scripting/monoscript/fileName/EventDelegate.cs: 909fb0779953229957f4718ab3ad2bbd -> 
  custom:scripting/monoscript/fileName/CommandLineOptionSet.cs: 57b6c3812f217f48a5cedf066a216cfd -> 
  custom:scripting/monoscript/fileName/PinKeyboard.cs: 171cbdf35a4432d968a9f4ab05853145 -> 
  custom:scripting/monoscript/fileName/NGUISettings.cs: 9c99bf135a611e796eaf335d133d936a -> 
  custom:scripting/monoscript/fileName/TestTreeData.cs: 1859d24be324d8fb87ab0c693d76d928 -> 
  custom:scripting/monoscript/fileName/ITestRunCallback.cs: 7d90e4d27cccfe89ef24a93578e15a74 -> 
  custom:scripting/monoscript/fileName/ActionDelegator.cs: f2eb6c2fd33630cfdd6d3183b4a2ca3f -> 
  custom:scripting/monoscript/fileName/Vector3EqualityComparer.cs: 1c8652cac1f220d6409ab1ba3f211615 -> 
  custom:scripting/monoscript/fileName/TweenScaleEditor.cs: ba8f4693282c0200f0d11a3d8272d48a -> 
  custom:scripting/precompiled-assembly-types:nunit.framework: de9c6147ae45b4e3446d0e562fb3bbe3 -> 
  custom:scripting/monoscript/fileName/ITestRunnerApiMapper.cs: 337d02b691c8103d2eedc6b52f4f76ab -> 
  custom:scripting/monoscript/fileName/RerunCallbackInitializer.cs: a2ca4a4e4bb070fd30ec377e61ed66cb -> 
  custom:scripting/monoscript/fileName/LogAssert.cs: 195ab501c85f741ece9ac8b49385dcce -> 
  custom:scripting/monoscript/fileName/IEditorAssembliesProxy.cs: 8586f95fda82b1fa948b8ac0ebb50a9d -> 
  custom:scripting/monoscript/fileName/UIToggle.cs: d815fdf0cb10f9d513c613a1da067cc6 -> 
  custom:scripting/monoscript/fileName/ConnectionResponse.cs: 2ca105c2e2ecc02b07715437ed5818b5 -> 
  custom:scripting/monoscript/fileName/SettingsBuilder.cs: 9aeeee75a181ed82e0343a1fb6b9cead -> 
  custom:scripting/monoscript/fileName/UIDrawCallViewer.cs: 9c1f583ce208c5f4917b1ad787a7a21e -> 
  custom:scripting/monoscript/fileName/ICallbacks.cs: a9c5fd289272fce7e09c7f3e5f11b8a0 -> 
  custom:scripting/monoscript/fileName/UIStretchEditor.cs: 2e407f51924f143d73f191e55354177f -> 
  custom:scripting/monoscript/fileName/TweenWidth.cs: d7ba5de24abc921cf547c4ccc5f9ed3d -> 
  custom:scripting/monoscript/fileName/SetupException.cs: 38724dd55c58f65b09d9fda4b6161021 -> 
  custom:scripting/monoscript/fileName/AndroidPlatformSetup.cs: 67d5fa212608c900d88b1544a5f49997 -> 
  custom:scripting/monoscript/fileName/PrebuildSetupAttributeFinder.cs: 1f975f3a70c8f9747da919735d84e6c3 -> 
  custom:scripting/monoscript/fileName/ILogScope.cs: e99dd640a2ac2c8b1c0c97725f23440d -> 
  custom:scripting/monoscript/fileName/IEditorLoadedTestAssemblyProvider.cs: cbb3f715010afa8cd4f0f40294bb78ba -> 
  custom:scripting/monoscript/fileName/TestListCacheData.cs: 295232838ed90f85679b2d004562d59e -> 
  custom:scripting/monoscript/fileName/UITweener.cs: 1d0f6b6e26dcfbcdc667e17a07004fc9 -> 
  custom:scripting/monoscript/fileName/UnityInstallation.cs: 0ba30d4545f2c34a9323456723b5dbfe -> 
  custom:scripting/monoscript/fileName/ITestListCacheData.cs: 09682e3e03141d9f43100cdaff3665eb -> 
  custom:scripting/monoscript/fileName/ScriptingRuntimeProxy.cs: 19d9ac4d844404a0464698120ed39275 -> 
  custom:scripting/monoscript/fileName/NGUIJson.cs: f28e3154ba52396753d2807aa8278b2f -> 
  custom:scripting/monoscript/fileName/AssemblyNameProvider.cs: 79a56fbd4fb93531a5e76fae2fee1660 -> 
  custom:scripting/monoscript/fileName/SavedGameMetadataUpdate.cs: bc1e6a84bf3859de501fc0126ebbd2ae -> 
  custom:scripting/monoscript/fileName/SolutionProjectEntry.cs: 68cea09e9af09443edf61e18806ac1c2 -> 
  custom:scripting/monoscript/fileName/Card.cs: da364723676a1e7dac174f763723da16 -> 
  custom:scripting/monoscript/fileName/Is.cs: 6922f89182cd28e32ba48e34cda7947d -> 
  custom:scripting/monoscript/fileName/Md5.cs: 4934954178e81299d08be98be9d3e58f -> 
  custom:scripting/monoscript/fileName/AndroidJavaConverter.cs: b252278e034df37a3db7790062246ac8 -> 
  custom:scripting/monoscript/fileName/MinMaxRangeAttribute.cs: 4318a46eb832123ace03944ec5e619e5 -> 
  custom:scripting/monoscript/fileName/NearbyConnectionUI.cs: 2081fa82bc293409895cb453499f6de8 -> 
  custom:scripting/monoscript/fileName/SelectButton.cs: 046f2dd5e0479ab39676ad59af580a51 -> 
  custom:scripting/monoscript/fileName/TestListProvider.cs: f8235933605b6a025c9638df0194bf97 -> 
  custom:scripting/monoscript/fileName/TestEnumeratorWrapper.cs: 3e969f8448dc5644f60fbcb6f1badbcb -> 
  custom:scripting/monoscript/fileName/ITestListProvider.cs: 0169c532d74787e64cd4163cd55d4572 -> 
  custom:scripting/monoscript/fileName/UIButtonActivate.cs: f5e1a22be5a8fc4b9751d7be30520225 -> 
  custom:scripting/monoscript/fileName/UIImageButton.cs: 6dc7b28ea91bb828fbe7cd9d5fe662ed -> 
  custom:scripting/monoscript/fileName/VisualStudioEditor.cs: 21e59f688ad500ab61aca318850ec505 -> 
  custom:scripting/monoscript/fileName/GameButton.cs: ec41d5d8533a954170cacb0aaa250526 -> 
  custom:scripting/monoscript/fileName/UIProgressBar.cs: 494b4fcfecd9856396abaf5d8d535cc9 -> 
  custom:scripting/monoscript/fileName/ViewBase.cs: d9c88af255177ebec5b4ef2e56852d3a -> 
  custom:scripting/monoscript/fileName/AllocatingGCMemoryConstraint.cs: 8b2ed7fbfb529ba318fb8425f7a81278 -> 
  custom:scripting/monoscript/fileName/TestListGUIBase.cs: 24d4809a020104916f1cbf5b523f10ca -> 
  custom:scripting/monoscript/fileName/UISpriteInspector.cs: 6d9127970341bf438dc27bb31ad9a049 -> 
  custom:scripting/monoscript/fileName/TweenPanel.cs: 1cc3a27568b273b636a2069efc2c7ae0 -> 
  custom:scripting/monoscript/fileName/WindowResultUpdaterDataHolder.cs: 2de8ba1615f5d28c30d54411d42e2524 -> 
  custom:scripting/monoscript/fileName/NGUISelectionTools.cs: 63cd8b699413c190098f4a8a70c4cf44 -> 
  custom:scripting/monoscript/fileName/TestExtensions.cs: 8e47deac44d7b87eaa5df5d00556dc15 -> 
  custom:scripting/monoscript/fileName/LogWriter.cs: 89105d9cfbe59e79a996dde998b3e7ff -> 
  custom:scripting/monoscript/fileName/LegacyPlayModeRunTask.cs: 8a159c990fea520d0af36b86d243e79e -> 
  custom:scripting/monoscript/fileName/UIButtonEditor.cs: bc1c4547170d54012c25654de57ae43b -> 
  custom:scripting/monoscript/fileName/UIButtonKeysEditor.cs: a39491ecd4f3282f2d7a242eee984812 -> 
  custom:scripting/monoscript/fileName/UISavedOption.cs: 2b48315035ef4f32247bf27267b7c640 -> 
  custom:scripting/monoscript/fileName/AttributeHelper.cs: dcab3630cb119e1a5f7f9c7b24677e49 -> 
  custom:scripting/monoscript/fileName/TweenPosition.cs: cba3475fb0106a3e605ae8baa0c4a64c -> 
  custom:scripting/monoscript/fileName/TestRunCanceledException.cs: ff7dc6bce365deb50fafe94b823009cb -> 
  custom:scripting/monoscript/fileName/UIScrollViewEditor.cs: 20fe27f8a94a3018a417940c6c01926e -> 
  custom:scripting/monoscript/fileName/ISettingsBuilder.cs: af84c62ea6a033820a24a2d04c70d5c3 -> 
  custom:scripting/monoscript/fileName/NGUIEditorExtensions.cs: f5d80a3d5296de6aa3a5dfa39d35dabf -> 
  custom:scripting/monoscript/fileName/UnityWorkItem.cs: ce02ef2c77c866afeb6c04a89a364a8a -> 
  custom:scripting/monoscript/fileName/GamesServicesClient.cs: 3c8fdb130d60962f80824bd82a66d074 -> 
  custom:scripting/monoscript/fileName/PlayerConnectionMessageIds.cs: 2e4b7265f0eeb40e1260d00fe6e4614e -> 
  custom:scripting/monoscript/fileName/UISprite.cs: 81bb09df372ee90fbaa6a4ae151be4a9 -> 
  custom:scripting/monoscript/fileName/RenderingOptions.cs: a84cebfad0b53e3dbf0202be3cc1d6d3 -> 
  custom:scripting/monoscript/fileName/NGUIHelp.cs: dfdf1be2a7d6f51dbf52c4e77c35fc33 -> 
  custom:scripting/monoscript/fileName/UI2DSpriteAnimation.cs: 35002154db25bac1799260a524ac8b3d -> 
  custom:scripting/monoscript/fileName/TestCommandBuilder.cs: bf61faf29c0aea0c4e5d4ac76abaee13 -> 
  custom:scripting/monoscript/fileName/TweenAlpha.cs: d1b9d8db043421cf65be4e027d838d5f -> 
  custom:scripting/monoscript/fileName/WorkItemFactory.cs: d8b2e380888ccc980a475a01f04d7a45 -> 
  custom:scripting/monoscript/fileName/ITestResultAdaptor.cs: bb9e1bbb2ff45e5a5f11e877a24721d7 -> 
  custom:scripting/monoscript/fileName/VisualStudioInstallation.cs: 41612f13db7783c8635801ab159c1079 -> 
  custom:scripting/monoscript/fileName/PlayGamesLeaderboard.cs: 730c3ea3933e6af731b0240ae5d085ff -> 
  custom:scripting/monoscript/fileName/UnityTestExecutionContext.cs: 4c0ef8e8d96fc20b3ec58c9447d6ec92 -> 
  custom:scripting/monoscript/fileName/InvalidSignatureException.cs: f250eccc836ee674127ecdee41f7a4ea -> 
  custom:scripting/monoscript/fileName/AndroidTokenClient.cs: 99656452a419d4b9b57b4150736630c2 -> 
  custom:scripting/monoscript/fileName/IAssetsDatabaseHelper.cs: 4f8027cddf715e38f75ab454f20fe051 -> 
  custom:scripting/monoscript/fileName/LogSavingCallbacks.cs: 8eb93b3e2c76ea1a8acb6e2d0b5c5f91 -> 
  custom:scripting/monoscript/fileName/TokenClient.cs: 70b874cefbfed45f540a516eab539a9e -> 
  custom:scripting/monoscript/fileName/Vector2ComparerWithEqualsOperator.cs: 1851f392f974d4a42efb0de68a402e9b -> 
  custom:scripting/monoscript/fileName/UIAtlasInspector.cs: 1781ef79fcfa379b889e17d445a4e402 -> 
  custom:scripting/monoscript/fileName/ITestAdaptorFactory.cs: 0cef1125679c38dd172e82c8aed26eb9 -> 
  custom:scripting/monoscript/fileName/UIDragDropItem.cs: 0c50c466c56f782eb40c8fbb496e1441 -> 
  custom:scripting/monoscript/fileName/UnitySetUpAttribute.cs: 78bcd37bf54751e70200df4ae24f405b -> 
  custom:scripting/monoscript/fileName/VisualStudioForWindowsInstallation.cs: 468ed6fb57813d3de23aa53f5f59c2eb -> 
  custom:scripting/monoscript/fileName/NGUITransformInspector.cs: c6bf81d92f0aa23fe074e3b96827c60c -> 
  custom:scripting/monoscript/fileName/UIDragResize.cs: e9215969dfc29f196e082913421f4352 -> 
  custom:scripting/monoscript/fileName/UISlider.cs: 80bdd566a8f50a1cd058945a257bf451 -> 
  custom:scripting/monoscript/fileName/TestListJob.cs: 3a58b9c1d09f7f4ecb41254c8497b5c7 -> 
  custom:scripting/monoscript/fileName/RestoreTestContextAfterDomainReload.cs: 3f8ddcbc7c316ccf5012287995780eb2 -> 
  custom:scripting/monoscript/fileName/AssemblyWrapper.cs: 888ba979193ec837feef9add74101219 -> 
  custom:scripting/monoscript/fileName/UIPlayTweenEditor.cs: 8023ec336d89aa63566b77eaebd2743c -> 
  custom:scripting/monoscript/fileName/SwitchPlatformSetup.cs: 576de741bbd585688af4b8aaf70f0708 -> 
  custom:scripting/monoscript/fileName/TypewriterEffect.cs: fd37fa138c3ed90a82f3c1def6552d96 -> 
  custom:scripting/monoscript/fileName/NGUIMenu.cs: abaf246d79b4fd46b9b3dfab261a4cf1 -> 
  custom:scripting/monoscript/fileName/TestFinishedMessage.cs: ccd3538dc4059cd71acd9bfea48dbc80 -> 
  custom:scripting/monoscript/fileName/RemoteTestResultDataWithTestData.cs: bcf701fb298ed6f8cab894b203300c37 -> 
  custom:scripting/monoscript/fileName/Storage.cs: bed7cd374cd2f27831e315b7f47ee677 -> 
  custom:scripting/monoscript/fileName/PlayerLauncherContextSettings.cs: 3c0a34dce28ade8f88b3e213fadb0738 -> 
  custom:scripting/monoscript/fileName/WindowResultUpdater.cs: 605812b0e2a9a0174e15ed86a3d5ac57 -> 
  custom:scripting/monoscript/fileName/PlayerProfile.cs: eaedd008867e17d93ba2b97779ebd7cf -> 
  custom:scripting/monoscript/fileName/UISpriteAnimationInspector.cs: 96224beb6b511679e38c2c96dfa093e6 -> 
  custom:scripting/monoscript/fileName/UIButtonRotation.cs: 22a61728611fb39b738a07c156acc369 -> 
  custom:scripting/monoscript/fileName/UIPanel.cs: 9f16c05ce05ad3a4a2de4d5674012331 -> 
  custom:scripting/monoscript/fileName/BeforeAfterTestCommandBase.cs: 90647cc400823b41df847a6cbfc29026 -> 
  custom:scripting/monoscript/fileName/TestRunnerResult.cs: 613fb3e1dfef14aa9d5aea2cd635ffff -> 
  custom:scripting/monoscript/fileName/Vector4ComparerWithEqualsOperator.cs: 982db4358832ddfb456522b96543f1da -> 
  custom:scripting/monoscript/fileName/EditModeRunner.cs: f1ceb581ae48e42ca32e80f796ce45bc -> 
  custom:scripting/monoscript/fileName/UIEventListener.cs: 7626b08ee50867678c5a82ecbeb86b04 -> 
  custom:scripting/monoscript/fileName/ConstraintsExtensions.cs: 89e01f1f8de15d891db3bad70117d924 -> 
  custom:scripting/monoscript/fileName/Vector2EqualityComparer.cs: 4ac8b0db10bbdb7ea68d4be944c5b941 -> 
  custom:scripting/monoscript/fileName/NearbyConnectionClientFactory.cs: 9a529d7823fa4d5f482bbdc0557347fc -> 
  custom:scripting/precompiled-assembly-types:UnityEditor.TestRunner: 1b08a5e3d69264f3b8177a3e839577fe -> 
  custom:scripting/monoscript/fileName/LanguageSelection.cs: 246f6670b200e0bd99127dba76294bc2 -> 
  custom:scripting/monoscript/fileName/MinMaxRangeAttributeDrawer.cs: c4b43a9a267615e93143878492bce408 -> 
  custom:scripting/monoscript/fileName/UnityTestTimeoutException.cs: b7ec28ea102309dc20886c45fff1e1b5 -> 
  custom:scripting/monoscript/fileName/UITexturePacker.cs: 53a111a30e9b31a5b6a43e4433078b14 -> 
  custom:scripting/monoscript/fileName/PlayModeRunnerCallback.cs: 6cd874bc3032a6eaf4228f5877b27ba0 -> 
  custom:scripting/monoscript/fileName/CaptureOverlayStateListener.cs: 8963a0d283c8ac78c6b1d7698d98777f -> 
  custom:scripting/monoscript/fileName/ITestTreeRebuildCallbacks.cs: f952713f83d574a58f719696be7e52a3 -> 
  custom:scripting/monoscript/fileName/RunSettings.cs: 6770f3fdaf287e73ff6c63f28a5a7e92 -> 
  custom:scripting/monoscript/fileName/Serializer.cs: 905b7c35427fb9aeef8d2d4a7500e1d3 -> 
  custom:scripting/monoscript/fileName/Profile.cs: 8a860443a61edc7453ef3dd1b0cdb699 -> 
  custom:scripting/monoscript/fileName/SaveModiedSceneTask.cs: 135adac13be698ff4439d6c6268aa5b8 -> 
  custom:scripting/monoscript/fileName/IAssemblyWrapper.cs: 993dbd556e2f14ec6d4f6bce6cb00191 -> 
  custom:scripting/monoscript/fileName/UITestRunnerFilter.cs: a9e31eaec62dd508fa917eadb1c52808 -> 
  custom:scripting/monoscript/fileName/UICreateNewUIWizard.cs: a3a01343bb9d7c65a399518e16c15aa8 -> 
  custom:scripting/monoscript/fileName/Executer.cs: 3f667ef14fa1c500658713b8aa31fd85 -> 
  custom:scripting/monoscript/fileName/UICameraEditor.cs: a6517a0ae7c939bf04f75943ae5b504f -> 
  custom:scripting/monoscript/fileName/UIDragDropRoot.cs: 112a97c46b67dfff37c3103475acb774 -> 
  custom:scripting/monoscript/fileName/NGUIDebug.cs: 1e3fa802078bac2c988b630d05874bc8 -> 
  custom:scripting/monoscript/fileName/EnumeratorStepHelper.cs: 05022a723dcf173476ccb43403871168 -> 
  custom:scripting/monoscript/fileName/FullNameFilter.cs: 7c49c279cb0d631ca64d8b7d70065d9c -> 
  custom:scripting/monoscript/fileName/AssetPipelineIgnore.cs: 09786e27e9aef22fa608d3ec356f88ff -> 
  custom:scripting/monoscript/fileName/UwpPlatformSetup.cs: b9f50f93de5f547a7eaf96f1bc58a80f -> 
  custom:scripting/monoscript/fileName/UITextureInspector.cs: 90538f3ac43b879bbca024b380b5981c -> 
  custom:scripting/monoscript/fileName/EnumerableApplyChangesToContextCommand.cs: c2aa6cedc66892dd581c50a4d9b6a147 -> 
  custom:scripting/monoscript/fileName/UnhandledLogMessageException.cs: fa6ee6fe2a221a71f213304ae56898c7 -> 
  custom:scripting/monoscript/fileName/Icons.cs: d200e454d3abc3ae715b656f39ed7d9c -> 
  custom:scripting/monoscript/fileName/UIButtonMessageEditor.cs: c68798a6b45e4bf50525622c070e627a -> 
  custom:scripting/monoscript/fileName/RecompileScripts.cs: 73e345449efb1420f34aad9debcdf2bd -> 
  custom:scripting/monoscript/fileName/PlayGamesUserProfile.cs: b3668856aca011e743f4a7d60fa395fd -> 
  custom:scripting/monoscript/fileName/FileCleanupVerifierTaskBase.cs: 8c0e90b329ac988e22429767c222f3c6 -> 
  custom:scripting/precompiled-assembly-types:Assembly-CSharp: 54e543295d3ad04b91d4c2d99070f6f5 -> 
  custom:scripting/monoscript/fileName/PlaymodeWorkItemFactory.cs: 8bb2d7c0ad22b08cf17b1748007ae8c3 -> 
  custom:scripting/monoscript/fileName/PlayerTestAssemblyProvider.cs: cbdd04f669e4e0054bad4f9d3133a10c -> 
  custom:scripting/monoscript/fileName/PrebuildSceneSetupAttribute.cs: 7863da9f66129a3cef8eac0a1f19b990 -> 
  custom:scripting/monoscript/fileName/NearbyHelperObject.cs: ccf41a75cd0cb7900daafc814c343a44 -> 
  custom:scripting/monoscript/fileName/RemoteTestData.cs: 51ba1ddd57fb71948e60067806b9cfcd -> 
  custom:scripting/monoscript/fileName/StadiaPlatformSetup.cs: 27e00e91e04b4888c1d6354fa4baa6a5 -> 
  custom:scripting/monoscript/fileName/PlayGamesClientConfiguration.cs: cbda80d08c4fad2108cf8d499a4ce6cd -> 
  custom:scripting/monoscript/fileName/TestSettingsDeserializer.cs: 2daa2d89ea5f024d33cb1e72a3d35d63 -> 
  custom:scripting/monoscript/fileName/DebugConsole.cs: d53a29466497d1f9fd76c5bde3b40738 -> 
  custom:scripting/monoscript/fileName/AES.cs: 34df2ff42e08a5051480297ceee97ceb -> 
  custom:scripting/monoscript/fileName/EditModeTestListGUI.cs: 8831f0ca2dcd13614282b516af72c688 -> 
  custom:scripting/monoscript/fileName/TestResultSerializer.cs: b75c8de5ed0cf8b4071350488249260d -> 
  custom:scripting/monoscript/fileName/Messenger.cs: f4ebc46d09b2b4de489946914db2aae0 -> 
  custom:scripting/monoscript/fileName/IUtpLogger.cs: 1b41334d9fc4fd5edb024e0bd2a6db56 -> 
  custom:scripting/monoscript/fileName/Engine.cs: d0617207605a88be881b15ef18306b04 -> 
  custom:scripting/monoscript/fileName/DelayedCallback.cs: e88c5396d33adcd6404b4cb8a051b2b1 -> 
  custom:scripting/monoscript/fileName/UIToggledComponents.cs: 09c45d9d47ddf34196a0ee07722cb8e8 -> 
  custom:scripting/monoscript/fileName/UIRectEditor.cs: 2d20bdb8a5e58c77d358363fa4527028 -> 
  custom:scripting/monoscript/fileName/TcpListener.cs: 940bfdac0e91ad2884e6359468f2782a -> 
  custom:scripting/monoscript/fileName/TestRunnerWindow.cs: 156fc89bab7bdd82ca70e07c9aa9ebbd -> 
  custom:scripting/monoscript/fileName/GPGSProjectSettings.cs: f428214e4ec8abb7d5ea4bd8a06d1f8e -> 
  custom:scripting/monoscript/fileName/OrderedTestSuiteModifier.cs: 6a8006d91a7636d39c6731494060c3c2 -> 
  custom:scripting/monoscript/fileName/UIAtlas.cs: 160e4161d9df00b79bd59efee5b117c9 -> 
  custom:scripting/monoscript/fileName/TweenAlphaEditor.cs: f739fb8f5f2ebc28db06228f3e9237e1 -> 
  custom:scripting/monoscript/fileName/UtpMessageReporter.cs: 1ce82c57220e51532d6b3e5da0cecc24 -> 
  custom:scripting/monoscript/fileName/RotationHelper.cs: 87beb2da9498fa31188911229394eeb0 -> 
  custom:scripting/monoscript/fileName/GUIDProvider.cs: e95f79fad3d1354cc56eebd7db9ee6a3 -> 
  custom:scripting/monoscript/fileName/BeforeAfterTestCommandState.cs: b5335096b805e070d1c48ec9209e057d -> 
  custom:scripting/monoscript/fileName/SpringPosition.cs: b0b8b44fff9e06660f73d7c0bfd9ac82 -> 
  custom:scripting/monoscript/fileName/VideoCapabilities.cs: 9c624cbed443e8220c35d5da43eec58e -> 
  custom:scripting/monoscript/fileName/DefaultTestWorkItem.cs: f906b4fb5b78cb9d23a07212620919d9 -> 
  custom:scripting/monoscript/fileName/NGUISnap.cs: 8c2d7d4e091cbd83fdc9c9342cdd7b48 -> 
  custom:scripting/monoscript/fileName/ColorHelper.cs: 438028ff52c89509f38281463b74fa11 -> 
  custom:scripting/monoscript/fileName/AndroidHelperFragment.cs: 1f2e058b49a85946b8a25a4bff14ddeb -> 
  custom:scripting/monoscript/fileName/UIFontMaker.cs: 2d035cfd176aa128b5ce592f25967691 -> 
  custom:scripting/monoscript/fileName/TestRunnerApiMapper.cs: 241489454095fad1d1d89166ee62820f -> 
  custom:scripting/monoscript/fileName/UIButtonOffset.cs: 9ae3f8fb22cad69339f6c14dd6693c56 -> 
  custom:scripting/monoscript/fileName/TestTreeViewBuilder.cs: 6ec2bdd7d75f4f5e0b3318e1489ac19d -> 
  custom:scripting/monoscript/fileName/UIPanelTool.cs: 15ddff5ad7832c305266609b6f47e2e0 -> 
  custom:scripting/monoscript/fileName/Message.cs: 671a789acb2c7a93d0b620fe02979957 -> 
  custom:scripting/monoscript/fileName/LegacyPlayerRunTask.cs: 148e0500b0761261bc418d25c26e82b1 -> 
  custom:scripting/monoscript/fileName/UIWrapContentEditor.cs: 276b33b4b9abc0224f01648a8bf0c4ad -> 
  custom:scripting/monoscript/fileName/UIGrid.cs: 9be26f8db7d711689a46a4bf454f11d5 -> 
  custom:scripting/monoscript/fileName/SolutionParser.cs: 240a75b5fc2682997268aa77e6a1dd86 -> 
  custom:scripting/monoscript/fileName/UIColorPickerEditor.cs: 31d20128f82a847fabc3f6b195cb29ab -> 
  custom:scripting/monoscript/fileName/Base64.cs: 3334fc9c177af7e29943d254bb32b196 -> 
  custom:scripting/monoscript/fileName/UIKeyNavigationEditor.cs: c85ddc0742989cddcb8d0c0d8b822bb4 -> 
  custom:scripting/monoscript/fileName/ProtectedValue.cs: 16d4dfc5971bbee60844fc92cb049f3b -> 
  custom:scripting/monoscript/fileName/TweenRotationEditor.cs: 64662ea41fcbb8c5982b7d3af1c7470c -> 
  custom:scripting/monoscript/fileName/NearbyConnectionConfiguration.cs: 37b22c38ad06f22daaffc0fe47f0dd07 -> 
  custom:scripting/monoscript/fileName/UIProgressBarEditor.cs: 027c84350dfdc51f2c7bf3d5a1208668 -> 
  custom:scripting/monoscript/fileName/BuildTestTreeTask.cs: ca4a5380bc07f43d0ad6bc5c2ca39b4b -> 
  custom:scripting/monoscript/fileName/UITexture.cs: 1d7d0730a68285c89aeb639b92c62e03 -> 
  custom:scripting/monoscript/fileName/ICallbacksDelegator.cs: 2bfa822de05a601b9fbe2f79d4d317c0 -> 
  custom:scripting/monoscript/fileName/TweenPositionEditor.cs: fe1fc199afcd3d50b752c4f8f16e4f37 -> 
  custom:scripting/monoscript/fileName/LogScope.cs: a032a8edefa3a04276b9f24e5047f2ac -> 
  custom:scripting/monoscript/fileName/SpriteSelector.cs: 3805059da03bf6e8759999b08df3b0bc -> 
  custom:scripting/monoscript/fileName/Vector3ComparerWithEqualsOperator.cs: c497cde63ec72672e5f69e70b932688f -> 
  custom:scripting/monoscript/fileName/UISnapshotPoint.cs: ea62a7a7d1c35b2adbd7eb84d5031564 -> 
  custom:scripting/monoscript/fileName/TestListGuiHelper.cs: 6d40eb061ebdba07e078b90b14eadffd -> 
  custom:container-demuxer-webm: 4f35f7cbe854078d1ac9338744f61a02 -> 
  custom:scripting/monoscript/fileName/IGuiHelper.cs: da57d3fb0f8ace42d5b01eed25e9e3d5 -> 
  custom:scripting/monoscript/fileName/TestAdaptor.cs: 486cec8559bad7c56adc699f165feb67 -> 
  custom:scripting/monoscript/fileName/EditmodeWorkItemFactory.cs: e9c8ba8d2a4b7d9a886e64626b2e6205 -> 
  custom:scripting/monoscript/fileName/TestJobData.cs: 194f4626c5a4649f7b9d85aa9d59e59a -> 
  custom:scripting/monoscript/fileName/TestListenerWrapper.cs: 9bd83ba3a6a675f3c605795064caa62b -> 
  custom:scripting/monoscript/fileName/TestStartedMessage.cs: 2e20a681c83fd9e8634c9b938205f951 -> 
  custom:scripting/monoscript/fileName/AnimatedColor.cs: 91750836901fa45527cebf2c470446fd -> 
  custom:scripting/monoscript/fileName/UISnapshotPointEditor.cs: bbc3a662ad2e27d2bb3e165e173b7781 -> 
  custom:scripting/monoscript/fileName/TestPlanMessage.cs: 6199b0505360321c39d00a607adaaf8d -> 
  custom:scripting/monoscript/fileName/RuntimeTestRunnerFilter.cs: 526247a6af82c71973a55c9c5be36280 -> 
  custom:scripting/monoscript/fileName/AndroidSavedGameClient.cs: cdcaac82abe6dec9df609757cc9ed81b -> 
  custom:scripting/monoscript/fileName/TaskScheduler.cs: d9f18cbf9ef3f2ebb033bf4673b657cf -> 
  custom:scripting/monoscript/fileName/CallbacksDelegator.cs: e0dcdade48f633c0a7cebc925bd686c4 -> 
  custom:scripting/monoscript/fileName/TweenOrthoSize.cs: ab4130486613cfac088d5968c85d34ee -> 
  custom:scripting/monoscript/fileName/TestResultExtensions.cs: 1c512e213c49ce6d72b9d37b957b9372 -> 
  custom:scripting/monoscript/fileName/GPGSPostBuild.cs: 78a9e1706a07088f3a16f5a5223e35eb -> 
  custom:scripting/monoscript/fileName/TcpClient.cs: a949cfd4c46427829913ee0195fa0103 -> 
  custom:scripting/monoscript/fileName/BMGlyph.cs: 6543d0f6c8390165105d129eb1ef4953 -> 
  custom:scripting/monoscript/fileName/LogMatch.cs: fed715ef044674dde53628d58d931b50 -> 
  custom:scripting/monoscript/fileName/ITestSettings.cs: 7d6676128f469c2eefb2813ec592ab4f -> 
  custom:scripting/monoscript/fileName/GameInfo.cs: 07fa963f30736b438b6ae131177e21e5 -> 
  custom:scripting/monoscript/fileName/TestCommandPcHelper.cs: f958b2880473418011bc0cda18245d1e -> 
  custom:scripting/monoscript/fileName/DummyNearbyConnectionClient.cs: 59221e562a8c48562f0c9cb2f1a7c274 -> 
  custom:scripting/monoscript/fileName/VideoCaptureState.cs: 95378a566a2d79db250c843eae350dfb -> 
  custom:scripting/monoscript/fileName/UsageUtility.cs: 5ed3d13206b2b96245ce59a5c83beed1 -> 
  custom:scripting/monoscript/fileName/BetterList.cs: 90647cc400823b41df847a6cbfc29026 -> 
  custom:scripting/monoscript/fileName/RemoteTestResultSender.cs: 2b6acbe484994dc310d0ac406904e742 -> 
  custom:scripting/monoscript/fileName/UIWidgetContainer.cs: 9e358427bbe53be1319f16e3dc4f47e5 -> 
  custom:scripting/monoscript/fileName/ITestRunSettings.cs: a5342276210c7f86635118880184dc77 -> 
  custom:scripting/monoscript/fileName/CallbacksDelegatorListener.cs: f80c4f45fed6816f24285f468af00026 -> 
  custom:scripting/monoscript/fileName/UIFont.cs: d635a9d6080af608e0c469259825c204 -> 
  custom:scripting/monoscript/fileName/Script.cs: 12b9e13c0a7632258c6f1f7e543a5a1c -> 
  custom:scripting/monoscript/fileName/OutOfOrderExpectedLogMessageException.cs: 4ff78bac16cc86124e588c20ad3ddba7 -> 
  custom:scripting/monoscript/fileName/IPlatformSetup.cs: 6f20476898784a15f8b8eb28653a67fd -> 
  custom:scripting/monoscript/fileName/TestTreeViewItem.cs: aae3d62f4daf680133c1c18c7814d15e -> 
  custom:scripting/monoscript/fileName/PlanformDependedSettings.cs: 71932e9b05badb23768c4bcd0ca060d6 -> 
  custom:scripting/monoscript/fileName/TestRunnerWindowSettings.cs: fb70b758f65d0605100dbd9482b7158e -> 
  custom:scripting/monoscript/fileName/IPlayGamesClient.cs: 1ad719d32c31a6809c48b983027e2d07 -> 
  custom:scripting/monoscript/fileName/AssemblyLoadProxy.cs: 0f3a4ee005eb8f7b33161c2ba6196e00 -> 
  custom:container-muxer-webm: aa71ff27fc2769a1b78a27578f13a17b -> 
  custom:scripting/monoscript/fileName/AttributeFinderBase.cs: 7e104530f871143fdb60a169114dd663 -> 
  custom:scripting/monoscript/fileName/B64R.cs: 23e3382cf16a0b7f8b67f4483dfd418d -> 
  custom:scripting/monoscript/fileName/AndroidEventsClient.cs: 8b70cd2b807ca35121dc023fb57e39f7 -> 
  custom:scripting/monoscript/fileName/UIButtonKeys.cs: fb3f3ea5973f0c7e3150cf98be284686 -> 
  custom:scripting/monoscript/fileName/UIShowControlScheme.cs: fcf03e3016607de138868f2393915f83 -> 
  custom:scripting/monoscript/fileName/UIWidgetInspector.cs: 9d556b41c48110503cd35a23f58373e5 -> 
  custom:scripting/monoscript/fileName/ByteHelper.cs: c2d92033faf8b759afcdfaedc70a9509 -> 
  custom:scripting/monoscript/fileName/UITweenerEditor.cs: 33c6ca09e0bf044468c7bb88266e0532 -> 
  custom:scripting/monoscript/fileName/ISavedGameClient.cs: d608dd17c2cf0d77e53d24bf3e80b961 -> 
  custom:scripting/monoscript/fileName/UIPlayAnimationEditor.cs: 2b2d6a04779996dc9ba4f60ba9a87db7 -> 
  custom:scripting/monoscript/fileName/PlayerStats.cs: cea33817bc59207de0a5be12e2f79424 -> 
  custom:scripting/monoscript/fileName/Extensions.cs: 3b5a91ff96ce2c98c5a0e6a4e3d30340 -> 
  custom:scripting/monoscript/fileName/SaveUndoIndexTask.cs: 6e0bcd5f418cf8184993174ac732fff4 -> 
  custom:scripting/precompiled-assembly-types:Google.VersionHandlerImpl: fa759366e6c1067122c591c441b6650c -> 
  custom:scripting/monoscript/fileName/TestResultRenderer.cs: 2e8123de6d2eea4d42efb7a87e150b27 -> 
  custom:scripting/monoscript/fileName/NGUIContextMenu.cs: b320536d70b65ec390b336bb444bb048 -> 
  custom:scripting/monoscript/fileName/SetUpTearDownCommand.cs: 684e5d1c75373405f8a6c9575324286f -> 
  custom:scripting/monoscript/fileName/PlaymodeLauncher.cs: 7559db6722a49842c0446e2fd98b6c97 -> 
  custom:scripting/monoscript/fileName/GPGSAndroidSetupUI.cs: c299773a5712855c9e004184cd15df09 -> 
  custom:scripting/monoscript/fileName/UIAnchor.cs: 18779077bc54816d6b85f01894bd6b39 -> 
  custom:scripting/monoscript/fileName/PlayerLauncherBuildOptions.cs: 39352f62028667e3cc8d13371f828f55 -> 
  custom:scripting/monoscript/fileName/LockBase.cs: 14819b34acbc39b5f06868eb9966dc66 -> 
  custom:scripting/monoscript/fileName/ProcessRunner.cs: 932a2a80cb9a3539199f645deff3c585 -> 
  custom:scripting/monoscript/fileName/WaitForDomainReload.cs: b6033700f0adcf3b23782f04c42e269c -> 
  custom:scripting/monoscript/fileName/ExitCallbacksDataHolder.cs: 2a73f9623aa81becb5d8d11a43747b12 -> 
  custom:scripting/monoscript/fileName/EditorEnumeratorTestWorkItem.cs: b8f886476b7c18f3c1cdeae30ec0c8ea -> 
  custom:scripting/monoscript/fileName/RegisterFilesForCleanupVerificationTask.cs: f18fd2d946c9ea52b8232f47d6d70221 -> 
  custom:scripting/monoscript/fileName/ICommandLineOption.cs: 58da599070a3bdab08afc8355de79ed5 -> 
  custom:scripting/monoscript/fileName/ITestSettingsDeserializer.cs: 22e37de7af2cea07971d0ba87110dad7 -> 
  custom:scripting/monoscript/fileName/AnalyticsReporter.cs: 990f0ccd7dd9ebe56483e30a572c9394 -> 
  custom:scripting/monoscript/fileName/TestEnumerator.cs: 26328e1622cb69ba0b1e01e906e7f65f -> 
  custom:scripting/monoscript/fileName/Localization.cs: 9527f4382a50beee4e5842fef29ca30b -> 
  custom:scripting/monoscript/fileName/UnityTestAssemblyBuilder.cs: 5e02e71819f544263f933dbf6516d49f -> 
  custom:scripting/monoscript/fileName/TestRunnerStateSerializer.cs: 7206f4f1eb4c5991ea76b5c39830dba4 -> 
  custom:scripting/monoscript/fileName/EventDelegateEditor.cs: 09e6bec53aa3b1e6fdfc5d2f2af2ec17 -> 
  custom:scripting/monoscript/fileName/EnumerableRetryTestCommand.cs: b281084796eb91cc19de80f3f2b73a56 -> 
  custom:scripting/monoscript/fileName/UIPopupListInspector.cs: cbd89ecbbe034bc5b98b46f2adb60971 -> 
  custom:scripting/monoscript/fileName/UILocalizeEditor.cs: 765410ffd78f43895874a8e3d650d541 -> 
  custom:scripting/monoscript/fileName/PlayGamesPlatform.cs: d782f6ab2da5137f285f22a6872852b0 -> 
  custom:scripting/monoscript/fileName/GPGSStrings.cs: dd86a8ea956b4282a8ef6d6946ddceef -> 
  custom:scripting/monoscript/fileName/TestAdaptorFactory.cs: b9e4d12260befcd688940e2c80db8ee8 -> 
  custom:scripting/monoscript/fileName/IEnumerableTestMethodCommand.cs: 81260787415c187c9e413e476b816cd2 -> 
  custom:scripting/monoscript/fileName/UtpDebuglogger.cs: 2f96cd7ac1384aa23e8238df80ef8354 -> 
  custom:scripting/monoscript/fileName/UIInputEditor.cs: e30bc66ae70a33a0393f3c9b8d66d729 -> 
  custom:scripting/monoscript/fileName/ActiveAnimation.cs: 3fbbf56e13c4edc0479f4b8117d25877 -> 
  custom:scripting/monoscript/fileName/UIScrollBarEditor.cs: 5d93f4e728d13c66a072b29679973204 -> 
  custom:scripting/monoscript/fileName/UIWidgetContainerEditor.cs: 5d21b074689569c756a1c62572e805f6 -> 
  custom:scripting/monoscript/fileName/ColorEqualityComparer.cs: 9ae684bc4a6b608abc9f7f131bd7cb1d -> 
  custom:scripting/precompiled-assembly-types:UnityEngine.TestRunner: 7a4d96a0696e29157328c6996c3b82c5 -> 
  custom:scripting/monoscript/fileName/UILocalize.cs: 23e462d28611f1083afa5a9e14f30acf -> 
  custom:scripting/monoscript/fileName/TweenLetters.cs: d646d8730a3fe071f9b514555b87849c -> 
  custom:scripting/monoscript/fileName/PlayGamesScore.cs: 8209a8f70c7e9183ce57ac5dd0704cab -> 
  custom:scripting/monoscript/fileName/VisualStudioCodeInstallation.cs: 6b6ec59c4ff0bddfc5db8b3c453d5172 -> 
  custom:scripting/monoscript/fileName/UIPanelInspector.cs: a3be8f974620ff4bd881b12b6d3aacf3 -> 
  custom:scripting/monoscript/fileName/PrefabsHelper.cs: 3ccee458621e53b93253d5eb6e25731e -> 
  custom:scripting/monoscript/fileName/EditModePCHelper.cs: e16a214ddb2d161f4792170cb0c8e6aa -> 
  custom:scripting/monoscript/fileName/AssemblyNameFilter.cs: ce7ef29746fb23841833950bb87cfa6a -> 
  custom:scripting/monoscript/fileName/ExecutionSettings.cs: bbd5f229f5dcda0d2d7d6fe8eb266a59 -> 
  custom:scripting/monoscript/fileName/PropertyBindingEditor.cs: 54b4091e704e8c092dd41aa607d14b33 -> 
  custom:scripting/monoscript/fileName/UIPlayAnimation.cs: 4361c5b88c0dd2eda4a24b082791b8d7 -> 
  custom:scripting/monoscript/fileName/UIToggleInspector.cs: 00d93de17cc7f6bd5f8e0b20d03f0f76 -> 
  custom:scripting/monoscript/fileName/IAsyncTestAssemblyBuilder.cs: d4bd9849c11964145b1082a4b1d477fa -> 
  custom:scripting/monoscript/fileName/LogEvent.cs: 9bf386b9808c16608387e196f7a5e9d6 -> 
  custom:scripting/monoscript/fileName/Deserializer.cs: 1cc72e9ed2428cc6d6ce2d4d2ad7b02b -> 
  custom:scripting/monoscript/fileName/Discovery.cs: 2653aab1b250aaf4e3b996846f31c100 -> 
  custom:scripting/monoscript/fileName/PropertyBinding.cs: ec4c23c83d917186848586b57d7f6747 -> 
  custom:scripting/monoscript/fileName/UIDragObjectEditor.cs: 89fbdf71d495e2fad97741306b5e4480 -> 
  custom:scripting/monoscript/fileName/TweenOrthoSizeEditor.cs: 1cb42f77298c97617452715bf1c88f69 -> 
  custom:scripting/monoscript/fileName/AnalyticsTestCallback.cs: 70c2658c96c40ebe349fda85c81dae6e -> 
  custom:scripting/monoscript/fileName/UIViewport.cs: 6ac39b3be7aec85f7763203bf3865c99 -> 
  custom:scripting/monoscript/fileName/RemotePlayerLogController.cs: 158b55f2a8781eb1cac7ac26acd42fc6 -> 
  custom:scripting/monoscript/fileName/EnumerableTestState.cs: 30e3efb82d3f99d65cdecdd2f0bc0194 -> 
  custom:scripting/monoscript/fileName/TestTaskBase.cs: 162ca0c58961a22b2d7f2a866ccb62df -> 
  custom:scripting/monoscript/fileName/NGUIEditorTools.cs: d90901af91af2c01c54aebc4d4a6fe40 -> 
  custom:scripting/monoscript/fileName/CallbacksHolder.cs: 8b4255bb9b31589c4c3dd9303007381d -> 
Editor requested this worker to shutdown with reason: Scaling down because of idle timeout
TcpMessagingSession - receive error: operation aborted. errorcode: 995, details: The I/O operation has been aborted because of either a thread exit or an application request.
AssetImportWorker is now disconnected from the server
Process exiting
Exiting without the bug reporter. Application will terminate with return code 0